date,usd_bp,eur_bp,us_minus_eu
2015-01-30,0.7250803688318985,-40.66483680082375,-0.12584233373515138
2015-02-27,14.66759708120935,-23.55146277958131,0.0009305258778156689
2015-03-31,-23.66530819762458,1.9553709913185113,-0.07889770822237485
2015-04-30,57.349133954943674,-26.48344544102746,0.0515350352502105
2015-05-29,-6.407431791523033,32.161545964610184,-0.006070861563174032
2015-06-30,20.503098300531654,-29.907702477768584,0.01365304810579318
2015-07-31,-34.994923323397046,44.25891833626114,-0.016059010423215253
2015-08-31,22.581729567582308,-15.534330416100556,0.036406918709460404
2015-09-30,19.502391293162447,-47.7285211975749,0.04395386523366665
2015-10-30,-30.309992359440763,2.4504131791479313,-0.014170445303866894
2015-11-30,-17.76518533749605,-13.248293854401377,-0.03671100371046286
2015-12-31,28.53070608056507,-30.621699108338145,0.05073357990824342
2016-01-29,33.789433711174375,-76.15300439619332,0.011474475163961662
2016-02-29,-17.989425812172666,-16.36601384036332,0.048098016160187475
2016-03-31,-7.9225800787430245,10.71736139269641,0.006457307659055278
2016-04-29,-6.445294297148241,38.97513593707935,-0.02061003971543633
2016-05-31,19.126653650832772,-16.243603727777305,-0.021014652308736427
2016-06-30,61.53866903417238,-99.92057090026152,0.06584398113792558
2016-07-29,-80.453189187365,51.076622578295066,-0.029514341047207848
2016-08-31,4.669926412806946,3.7691486657405457,-0.029437535015121117
2016-09-30,-38.47054645934711,64.63615689604796,0.016577492366410613
2016-10-31,-5.035036231849643,14.23643672524566,-0.01757940504294276
2016-11-30,53.14348645154232,-65.11488746302453,0.05679308395327323
2016-12-30,-17.422471362822378,-7.484427530164636,-0.03900468290599592
2017-01-31,-57.1559253287679,39.54886090699994,-0.014003894566726639
2017-02-28,-1.478821500717764,13.949501305338604,0.023112891277909615
2017-03-31,-20.931521358862337,14.968802203719905,-0.04072307704420272
2017-04-28,16.24675903076134,-40.39928360509218,0.004481065597137681
2017-05-31,-8.803225204266907,21.470802177657593,-0.008173269119447034
2017-06-30,5.6224211840272265,7.451793816179442,0.032131192857810645
2017-07-31,-33.950284285505504,80.23238138764238,0.037979466242377954
2017-08-31,-44.864006140206136,27.11192479730312,0.0040248859391545135
2017-09-29,9.89345770503025,0.0,-0.03314211595673283
2017-10-31,-1.3845047505800512,15.46485062454278,0.010829825422031526
2017-11-30,-29.986886355026776,54.093810022016186,0.03613879446035857
2017-12-29,-10.562831803399009,29.07208838311137,0.02800727813991484
2018-01-31,8.735989644148567,-22.024138989620578,0.027623576670300697
2018-02-28,6.984707491892728,-6.222164203887049,0.03137637299429703
2018-03-30,8.518076454659962,-6.898315055834104,-0.018768374407335545
2018-04-30,-1.2131654443303663,-16.46540362644111,-0.030082853222415162
2018-05-31,21.699490695501478,-8.908839185055584,0.001601450327227024
2018-06-29,-27.386972836169754,31.565249566997966,0.0256010377637474
2018-07-31,9.240367488825285,-22.78537090352306,0.0019662954060700524
2018-08-31,36.35117903001639,-60.5301660694435,0.04688561637157759
2018-09-28,-25.612909051705437,35.51636018763765,0.012563437658683514
2018-10-31,-6.863519903800297,-6.35256770966236,0.009888805538165138
2018-11-30,1.5232115191876616,-44.070019147141174,0.019800995927455343
2018-12-31,2.4187165573952285,2.0955940212555313,-0.03631985578286209
2019-01-31,8.023968388645164,-29.556800613213806,0.011551748387814025
2019-02-28,36.2342741356847,-33.78129624652559,0.01095000459591508
2019-03-29,-9.097677622026401,3.6528053505478777,-0.004042536459218416
2019-04-30,2.902609684050095,-10.084469434371163,-0.04172762206610446
2019-05-31,-19.649310932139397,2.332528920476473,-0.020176864867797184
2019-06-28,2.250559980399025,-6.591813206983099,0.02111042941245478
2019-07-31,-2.4386889741723206,-15.353745154150639,0.04307522271922356
2019-08-30,8.289915044819018,-46.667114527825376,0.006562409786150556
2019-09-30,10.284484512841363,-15.7615999494172,-0.013211919046393152
2019-10-31,-6.273679458383974,0.89648309741161,-0.03173116508921826
2019-11-29,-6.557939755116315,20.62315338399595,0.011964624575966802
2019-12-31,-14.84057101626246,-1.157969279477894,0.021373083624114393
2020-01-31,-32.130190684896974,40.05846832125848,0.0020243959357817178
2020-02-28,2.74880770198771,6.092986433809678,-0.03884636663756452
2020-03-31,-67.85615847315296,59.5581357818889,0.05032923452357235
2020-04-30,-9.945647200423346,53.00868069629108,-0.0004972168611758754
2020-05-29,25.63833997603515,-21.406543463746985,-0.02442882650503754
2020-06-30,-42.07855652934134,25.572385082688747,-0.046075643969201614
2020-07-31,29.362337126459526,-23.489064731681275,0.02091576735077973
2020-08-31,-31.933640059412795,26.310512563422485,0.020515190397687316
2020-09-30,-38.34961611045351,10.07212752129144,-0.023446738666353835
2020-10-30,19.260959087374907,-22.214130969550883,0.04874033907756337
2020-11-30,29.022691172442272,-33.42528389876031,-0.02068075610354414
2020-12-31,22.85025684893305,-36.729038425326046,-0.004970945785834031
2021-01-29,-3.257906718183712,6.9247513154263585,5.104278608572977e-05
2021-02-26,23.84631506053614,-12.728747193287148,0.019115204049091956
2021-03-31,-11.257967997680973,6.645254425514391,-0.017995101898832744
2021-04-30,38.23995653297385,-41.39556035892555,0.01797034993832209
2021-05-31,-15.991191794589854,31.86137684252105,-0.0021425036134651507
2021-06-30,28.298954197040203,-34.545259109099725,-0.020937113652340366
2021-07-30,24.246543873562842,-31.223593690523078,0.012519705274335054
2021-08-31,23.26790048850058,-28.2662973192499,-0.008878288146241878
2021-09-30,-36.506200384051056,5.875237770524011,0.002794149463475809
2021-10-29,57.63645527210759,-89.0450200674861,0.023925836093344578
2021-11-30,41.572869437473955,-52.929578944405364,0.00495832191415042
2021-12-31,-34.50559575038703,53.22395652535963,0.008995276336064083
2022-01-31,-31.56388394864873,45.42170343540222,-0.02171470015994472
2022-02-28,-42.78381585230085,22.566627928859578,0.029055224966563813
2022-03-31,-21.273724627041133,-0.8113553695886233,0.017489857780405897
2022-04-29,27.962934388083838,-23.123588772023947,-0.0027269744411519414
2022-05-31,-11.477891630183867,32.67000628237427,-0.040884290111617476
2022-06-30,-47.22092602122751,65.26668846059194,0.04206490050234813
2022-07-29,5.418555734287844,-38.64691843925683,0.009493611662744178
2022-08-31,-33.615737026857495,85.12982983772042,0.014708786841397932
2022-09-30,12.11344908923273,20.979279151096332,-0.008220639991463247
2022-10-31,11.303684991066376,-50.26657870963188,0.027752223841437745
2022-11-30,25.53777291788184,-35.977523864912236,-0.050274205145332825
2022-12-30,-5.3756245504665845,19.371417784353888,-0.003253169893341873
2023-01-31,-48.062926248686466,19.54656298681412,-0.07169498720538464
2023-02-28,-3.7397521631976627,-7.921240654088779,-0.04998081286299038
2023-03-31,-21.13923200153245,2.483912082283796,-0.0067198757923002915
2023-04-28,-54.827687395899716,50.67578412305665,-0.001361283464236477
2023-05-31,-3.6531634186787176,-22.2244194271487,-0.027659774542876173
2023-06-30,-45.82313064489307,60.44701289058929,0.019948865715274215
2023-07-31,-10.921463155251221,-16.77723405996645,0.013034948442072772
2023-08-31,8.570983253270992,-32.150073522567155,0.016546875687490317
2023-09-29,46.005077291076944,-24.255248710356934,0.008136542032029261
2023-10-31,63.8225466008513,-91.75759150088356,0.02144925577410769
2023-11-30,-8.190261044215275,-8.340398714582753,-0.012440301441622365
2023-12-29,-8.468538710673101,-14.546902765385228,0.020048459560377107
2024-01-31,-45.083557526677254,14.290787641631914,0.011565395290443934
2024-02-29,9.594794428304798,-26.15588727472945,-0.026764061385927806
2024-03-29,-7.029589853161378,6.766621350580287,-0.02301413784655715
2024-04-30,47.43065289865789,-41.6612779613601,-0.014493686992599134
2024-05-31,-1.1522158140009342,-3.59541450243972,-0.021218318847419933
2024-06-28,3.2705249045172913,1.6807036585536617,0.030690062162815925
2024-07-31,-13.873240737619641,-9.23574297928942,0.026648288746809915
2024-08-30,26.535835539364115,-17.436165932317728,-0.0065396292765805535
2024-09-30,11.271170171809342,-41.10533305485123,-0.00588923964586929
2024-10-31,21.07436022090514,-10.588685828643584,0.00429638056587769
2024-11-29,9.370313695518107,-15.25495489579018,0.05272291558896271
2024-12-31,31.5172990648227,-57.80529983770384,-0.06330211109612587
