session,ccy,mean_bp,t,t_2015_19,t_2020_24
asia,EUR,-0.18,-0.46,0.86,-1.65
asia,GBP,-0.97,-1.76,-1.51,-0.92
asia,AUD,1.59,2.21,2.81,0.46
asia,JPY,0.23,0.37,0.98,-0.44
asia,CHF,-0.79,-2.17,-1.92,-1.14
asia,CAD,-0.22,-0.64,-0.65,-0.27
europe,EUR,-1.34,-2.15,-2.49,-0.48
europe,GBP,-0.74,-1.01,-0.99,-0.42
europe,AUD,-1.34,-1.99,-1.65,-1.24
europe,JPY,-0.93,-1.53,-1.05,-1.13
europe,CHF,-0.3,-0.34,-0.32,-0.13
europe,CAD,-1.42,-2.78,-1.86,-2.1
us,EUR,-0.02,-0.04,0.23,-0.3
us,GBP,-0.19,-0.27,-0.39,-0.02
us,AUD,-0.8,-0.99,-0.64,-0.75
us,JPY,-0.33,-0.52,1.14,-1.8
us,CHF,2.06,3.33,3.18,1.46
us,CAD,1.7,2.57,2.16,1.42
