w,delta,signals,n,SR,PF,avgR,net%,DD%,dDD%,pass120,med_days
1.5,0.02,64305,165,-1.382,0.794,-0.115,-8.0,10.19,2.21,0.0,
1.5,0.04,52439,211,-1.19,0.844,-0.079,-8.06,9.93,2.09,0.0,
1.5,0.06,41284,215,-1.276,0.837,-0.087,-8.06,8.99,2.15,0.0,
1.5,0.08,30957,272,-1.09,0.873,-0.072,-8.19,9.57,2.45,0.0,
2.0,0.02,66030,444,-0.622,0.92,-0.024,-8.02,16.91,2.46,0.0,
2.0,0.04,55715,341,-0.705,0.902,-0.058,-8.14,14.39,2.47,0.0,
2.0,0.06,45952,218,-1.002,0.85,-0.088,-8.03,11.47,2.48,0.0,
2.0,0.08,36901,704,-0.548,0.952,-0.027,-8.01,15.94,2.45,0.0,
3.0,0.02,68372,242,-1.249,0.842,-0.083,-8.01,8.5,2.38,0.0,
3.0,0.04,60005,428,-0.754,0.911,-0.046,-8.14,11.07,2.33,0.0,
3.0,0.06,51937,592,-0.677,0.931,-0.028,-8.19,10.51,2.39,0.0,
3.0,0.08,44346,678,-0.653,0.944,-0.033,-8.09,13.96,2.41,0.0,
