deal,position,time,symbol,type,entry,volume,price,profit,commission,swap,reason,sl,comment
2,2,2026.09.21 17:45:00,XAUUSD,1,0,0.46,4332.12000,0.00,0.00,0.00,3,4438.99000,lw
3,3,2026.09.22 11:00:00,XAUUSD,1,0,0.47,4300.93000,0.00,0.00,0.00,3,4404.51000,lw
4,2,2026.09.22 17:45:00,XAUUSD,0,1,0.46,4319.94000,560.28,0.00,-2.12,3,4438.99000,
5,3,2026.09.23 01:29:40,XAUUSD,0,1,0.47,4365.23000,-3022.10,0.00,-2.16,3,4404.51000,
6,6,2026.09.24 13:30:00,XAUUSD,1,0,0.43,4245.58000,0.00,0.00,0.00,3,4347.26000,lw
7,6,2026.09.24 15:19:20,XAUUSD,0,1,0.43,4270.16000,-1056.94,0.00,0.00,3,4347.26000,
8,8,2026.09.25 01:05:00,XAUUSD,0,0,0.24,4274.34000,0.00,0.00,0.00,3,4126.37000,friday
9,9,2026.09.25 12:45:00,XAUUSD,0,0,0.36,4294.70000,0.00,0.00,0.00,3,4196.06000,lw
10,9,2026.09.25 15:19:20,XAUUSD,1,1,0.36,4297.45000,99.00,0.00,0.00,3,4196.06000,
11,8,2026.09.25 15:19:20,XAUUSD,1,1,0.24,4297.45000,554.64,0.00,0.00,3,4126.37000,
