entry_time,exit_time,dir,entry,exit,lots,pnl,risk_usd,reason,leg,R
2025-07-01 18:10:00,2025-07-01 18:15:00,1,3346.285090252708,3339.6547570177345,0.07,-46.90233264481435,46.55233264481274,SL,VOL_2.0_2.0,-1.0075184202405507
2025-07-08 22:00:00,2025-07-08 23:38:00,1,3305.614932126697,3300.9188699461392,0.1,-47.66062180557874,47.16062180557594,SL,VOL_2.0_2.0,-1.0106020654703005
2025-07-09 02:35:00,2025-07-09 02:43:00,1,3300.4047191011236,3297.4039693784284,0.16,-49.13199556312349,48.33199556311864,SL,VOL_2.0_2.0,-1.0165521822694057
2025-07-09 02:50:00,2025-07-09 03:01:00,1,3301.014480519481,3304.7112651917696,0.13,47.14820073975292,48.96820073975575,TP,VOL_2.0_2.0,0.9628330228085096
2025-07-09 05:10:00,2025-07-09 05:40:00,1,3301.0851071428574,3296.3204116284933,0.1,-48.34695514364122,47.84695514363715,SL,VOL_2.0_2.0,-1.0104499857619582
2025-07-10 07:45:00,2025-07-10 07:54:00,1,3318.6948275862073,3321.6656540018544,0.16,46.4132226503524,48.65322265035186,TP,VOL_2.0_2.0,0.9539598843000124
2025-07-10 18:50:00,2025-07-10 19:31:00,1,3319.764790697675,3314.8965816998275,0.1,-49.382089978474326,48.88208997847107,SL,VOL_2.0_2.0,-1.01022869521789
2025-07-11 20:05:00,2025-07-11 21:18:00,1,3352.375519287834,3357.1655776660923,0.1,47.20058378258436,48.60058378258362,TP,VOL_2.0_2.0,0.9711937616580449
2025-07-15 21:20:00,2025-07-15 21:46:00,1,3327.1652653061224,3331.1125389168733,0.12,46.527283329011105,48.2072833290103,TP,VOL_2.0_2.0,0.965150494199531
2025-07-15 22:00:00,2025-07-15 23:46:00,1,3329.075282258065,3326.62,0.14,-35.353951612908965,49.59317473102954,EOD,VOL_2.0_2.0,-0.7128793791615975
2025-07-16 09:10:00,2025-07-16 10:05:00,-1,3341.1499999999996,3338.140256242073,0.16,47.03590012682515,49.275900126822236,TP,VOL_2.0_2.0,0.9545416726182178
2025-07-16 11:55:00,2025-07-16 13:05:00,-1,3342.1699999999996,3339.224939189628,0.16,46.00097296594584,48.24097296594576,TP,VOL_2.0_2.0,0.9535664423356225
2025-07-21 20:20:00,2025-07-21 22:06:00,1,3392.504941176471,3396.2519678231365,0.13,47.801346406648776,49.6213464066461,TP,VOL_2.0_2.0,0.963322236662374
2025-07-23 04:05:00,2025-07-23 05:36:00,1,3424.9751774530273,3419.3147874136,0.08,-45.843120315420094,45.443120315418774,SL,VOL_2.0_2.0,-1.0088022124630733
2025-07-23 06:35:00,2025-07-23 08:13:00,1,3425.5547767857142,3420.9535901162194,0.1,-46.71186669494837,46.211866694947766,SL,VOL_2.0_2.0,-1.01081973172175
2025-07-24 16:25:00,2025-07-24 16:38:00,1,3357.425081300813,3363.4881380461925,0.08,47.94445396303621,49.064453963037685,TP,VOL_2.0_2.0,0.9771728836349587
2025-07-28 19:55:00,2025-07-28 22:51:00,1,3312.1051020408167,3316.435389072635,0.11,46.86315735000287,48.40315735000354,TP,VOL_2.0_2.0,0.9681838936897254
2025-08-05 13:50:00,2025-08-05 14:00:00,1,3356.4453125,3352.094434182284,0.11,-48.629661494873766,48.079661494873186,SL,VOL_2.0_2.0,-1.0114393484250972
2025-08-19 20:30:00,2025-08-19 20:43:00,1,3315.7950955414017,3319.9495778467767,0.11,44.92930535912544,46.4693053591243,TP,VOL_2.0_2.0,0.9668598446200687
2025-08-20 18:10:00,2025-08-20 20:51:00,-1,3342.87,3348.136177221372,0.09,-48.02559499234702,47.57559499234444,SL,VOL_2.0_2.0,-1.0094586310497007
2025-08-26 04:20:00,2025-08-26 08:20:00,-1,3373.04,3374.094785714286,0.06,-6.74871428571616,45.808679242616655,TIME,VOL_2.0_2.0,-0.14732392195751645
2025-08-29 12:00:00,2025-08-29 12:35:00,-1,3410.2799999999997,3407.406177349662,0.16,44.86116240540549,47.101162405408814,TP,VOL_2.0_2.0,0.9524427872772393
2025-09-01 04:55:00,2025-09-01 04:58:00,-1,3449.72,3454.6718182697136,0.1,-50.2181826971384,49.71818269713832,SL,VOL_2.0_2.0,-1.010056682945269
2025-09-02 13:40:00,2025-09-02 14:29:00,-1,3484.6499999999996,3479.4603177281097,0.09,46.0771404470098,47.33714044701139,TP,VOL_2.0_2.0,0.9733824225945372
2025-09-02 15:55:00,2025-09-02 16:35:00,-1,3484.96,3482.894850187266,0.06,11.970898876404208,49.9031619090907,NEWS,VOL_2.0_2.0,0.2398825729361952
2025-09-03 01:05:00,2025-09-03 02:12:00,1,3533.1816049382714,3528.9326844620587,0.11,-47.508125238340675,46.95812523833994,SL,VOL_2.0_2.0,-1.011712562995417
2025-09-03 04:50:00,2025-09-03 05:06:00,-1,3537.24,3544.61116200628,0.06,-44.64697203768257,44.34697203768036,SL,VOL_2.0_2.0,-1.0067648361594408
2025-09-03 05:40:00,2025-09-03 06:08:00,-1,3537.64,3530.80746559134,0.07,47.33774086061818,48.31774086061805,TP,VOL_2.0_2.0,0.9797175947686199
2025-09-03 09:25:00,2025-09-03 11:05:00,-1,3532.87,3537.85462713864,0.09,-45.49164424776007,45.041644247757276,SL,VOL_2.0_2.0,-1.0099907542790292
2025-09-03 11:55:00,2025-09-03 13:03:00,-1,3539.47,3533.960284239882,0.08,43.51772608094092,44.63772608094207,TP,VOL_2.0_2.0,0.9749091161594959
2025-09-03 13:35:00,2025-09-03 14:01:00,-1,3537.9199999999996,3542.3610009190475,0.11,-49.62101010952622,49.071010109524984,SL,VOL_2.0_2.0,-1.0112082469623846
2025-09-04 21:05:00,2025-09-04 22:23:00,1,3544.515023041475,3549.379801199261,0.1,47.94778157785622,49.347781577854335,TP,VOL_2.0_2.0,0.9716299303588879
2025-09-05 06:00:00,2025-09-05 06:28:00,-1,3550.7799999999997,3555.6676604422387,0.1,-49.576604422389394,49.076604422386026,SL,VOL_2.0_2.0,-1.0101881539256472
2025-09-05 10:00:00,2025-09-05 10:16:00,-1,3552.5299999999997,3548.5958536771213,0.12,46.36975587454086,48.049755874543166,TP,VOL_2.0_2.0,0.9650362427565969
2025-09-09 04:20:00,2025-09-09 05:07:00,-1,3642.96,3648.315510944376,0.09,-48.829598499383685,48.37959849938239,SL,VOL_2.0_2.0,-1.0093014413918098
2025-09-09 11:10:00,2025-09-09 11:44:00,-1,3644.31,3650.55520278579,0.07,-44.2064195005289,43.85641950052898,SL,VOL_2.0_2.0,-1.007980587653666
2025-09-10 01:20:00,2025-09-10 01:44:00,1,3626.0450292397663,3631.400749757446,0.09,47.5714846591187,48.831484659117486,TP,VOL_2.0_2.0,0.9741969753982582
2025-09-10 11:30:00,2025-09-10 12:39:00,-1,3644.7,3649.7082200220943,0.09,-45.70398019885068,45.253980198849106,SL,VOL_2.0_2.0,-1.0099438767159097
2025-09-11 09:15:00,2025-09-11 09:46:00,-1,3632.48,3638.053622390721,0.08,-45.148979125768676,44.74897912576725,SL,VOL_2.0_2.0,-1.0089387514042996
2025-09-12 01:05:00,2025-09-12 01:48:00,1,3636.1975862068966,3633.389901065067,0.17,-48.92064741110238,48.07064741109659,SL,VOL_2.0_2.0,-1.0176823081398645
2025-09-12 02:05:00,2025-09-12 02:49:00,1,3635.4768595041323,3632.818807643662,0.18,-49.104933488469904,48.20493348846758,SL,VOL_2.0_2.0,-1.0186702881815537
2025-09-15 11:35:00,2025-09-15 11:57:00,-1,3641.66,3645.9294867176327,0.11,-47.73435389396129,47.184353893957706,SL,VOL_2.0_2.0,-1.0116564063002675
2025-09-16 14:20:00,2025-09-16 14:42:00,1,3691.8350224215246,3695.5050398381113,0.12,43.20020899904026,44.88020899903833,TP,VOL_2.0_2.0,0.9625670192392805
2025-09-22 01:25:00,2025-09-22 02:10:00,-1,3690.9399999999996,3687.0153643806157,0.12,46.255627432607206,47.935627432606964,TP,VOL_2.0_2.0,0.9649529986363132
2025-09-22 03:15:00,2025-09-22 04:11:00,-1,3690.46,3694.4809428958306,0.12,-49.0913147499667,48.49131474996599,SL,VOL_2.0_2.0,-1.0123733498069596
2025-09-23 12:25:00,2025-09-23 12:42:00,-1,3790.29,3782.7408863346836,0.06,44.87468199189795,45.71468199189746,TP,VOL_2.0_2.0,0.9816251592836545
2025-09-24 02:35:00,2025-09-24 03:01:00,1,3765.925675675676,3761.717424686758,0.11,-47.06076087809608,46.51076087809606,SL,VOL_2.0_2.0,-1.0118252204353648
2025-09-24 16:25:00,2025-09-24 16:31:00,-1,3770.5499999999997,3764.868814009144,0.08,44.8894879268459,46.00948792684643,TP,VOL_2.0_2.0,0.9756571948424791
2025-09-25 14:30:00,2025-09-25 15:20:00,-1,3749.7599999999998,3753.61553030303,0.06,-23.553181818181585,42.9604871512349,NEWS,VOL_2.0_2.0,-0.5482522052244594
2025-09-30 11:00:00,2025-09-30 11:07:00,1,3843.994747474748,3835.611034178007,0.05,-42.26856648370504,42.01856648370306,SL,VOL_2.0_2.0,-1.0059497508107265
2025-10-01 05:50:00,2025-10-01 05:54:00,-1,3865.85,3860.5826037746156,0.09,46.77656602845911,48.036566028460186,TP,VOL_2.0_2.0,0.9737699818247922
2025-10-01 06:25:00,2025-10-01 06:36:00,-1,3863.24,3856.9556420563126,0.07,43.50050560581008,44.480505605808666,TP,VOL_2.0_2.0,0.9779678763392787
2025-10-01 10:30:00,2025-10-01 10:52:00,-1,3870.6,3877.0608997138797,0.07,-45.71629799715879,45.366297997157055,SL,VOL_2.0_2.0,-1.0077149781986545
2025-10-01 15:45:00,2025-10-01 15:55:00,1,3875.4449120000004,3867.517007617156,0.06,-47.98742629706514,47.68742629706459,SL,VOL_2.0_2.0,-1.0062909664726238
2025-10-03 08:15:00,2025-10-03 08:31:00,-1,3850.64,3856.3103447845506,0.08,-45.92275827640566,45.522758276402904,SL,VOL_2.0_2.0,-1.008786813786064
2025-10-03 09:05:00,2025-10-03 09:09:00,-1,3852.37,3858.224474909447,0.08,-47.3957992755773,46.995799275575685,SL,VOL_2.0_2.0,-1.0085113990221994
2025-10-06 07:30:00,2025-10-06 07:44:00,-1,3933.64,3939.7653684164356,0.07,-43.367578915050444,43.017578915048375,SL,VOL_2.0_2.0,-1.0081362087041963
2025-10-06 07:50:00,2025-10-06 08:06:00,-1,3935.41,3942.0584328754117,0.07,-47.029030127882606,46.679030127881376,SL,VOL_2.0_2.0,-1.0074980135414633
2025-10-06 08:10:00,2025-10-06 08:17:00,-1,3944.3999999999996,3937.3736749959744,0.06,41.73795002415143,42.57795002415095,TP,VOL_2.0_2.0,0.9802714785581961
2025-10-06 08:30:00,2025-10-06 08:42:00,-1,3936.93,3929.0763132955026,0.06,46.70212022698349,47.542120226983265,TP,VOL_2.0_2.0,0.9823314569062274
2025-10-06 09:50:00,2025-10-06 10:51:00,-1,3932.87,3941.1536143300723,0.05,-41.76807165036198,41.51807165036046,SL,VOL_2.0_2.0,-1.006021474265637
2025-10-06 10:55:00,2025-10-06 11:07:00,-1,3940.58,3948.6633483435826,0.05,-40.766741717913284,40.51674171791342,SL,VOL_2.0_2.0,-1.006170288858379
2025-10-06 11:10:00,2025-10-06 11:33:00,-1,3947.41,3939.1263388079988,0.05,41.06830596000545,41.768305960005485,TP,VOL_2.0_2.0,0.9832408812397059
2025-10-06 11:35:00,2025-10-06 11:53:00,-1,3938.64,3947.226755137297,0.05,-43.28377568648567,43.03377568648524,SL,VOL_2.0_2.0,-1.0058093903221914
2025-10-06 11:55:00,2025-10-06 13:08:00,-1,3945.1699999999996,3936.565178480936,0.05,42.67410759531767,43.37410759531742,TP,VOL_2.0_2.0,0.9838613394301784
2025-10-06 13:25:00,2025-10-06 14:51:00,-1,3939.9399999999996,3932.6222271613547,0.06,43.48663703186965,44.32663703186832,TP,VOL_2.0_2.0,0.9810497692528589
2025-10-07 12:15:00,2025-10-07 14:44:00,-1,3958.7799999999997,3965.5983579781177,0.07,-48.21850584682601,47.868505846824235,SL,VOL_2.0_2.0,-1.0073116967787077
2025-10-07 14:45:00,2025-10-07 15:42:00,-1,3965.8599999999997,3972.5301192895113,0.07,-47.18083502658123,46.83083502658033,SL,VOL_2.0_2.0,-1.00747370829075
2025-10-08 03:15:00,2025-10-08 03:30:00,1,3997.0349853372436,3992.586501260379,0.1,-45.184840768645884,44.684840768645614,SL,VOL_2.0_2.0,-1.0111894770441054
2025-10-08 03:50:00,2025-10-08 04:00:00,1,3996.1749343832025,3990.803418044922,0.08,-43.532130706242754,43.13213070624258,SL,VOL_2.0_2.0,-1.0092738288939267
2025-10-08 05:15:00,2025-10-08 06:02:00,1,4004.8650491803282,4011.8829848303126,0.06,41.687613899906026,42.52761389990606,TP,VOL_2.0_2.0,0.980248127675889
2025-10-08 14:00:00,2025-10-08 15:06:00,1,4037.3151549295776,4043.8128596506513,0.07,44.99393304751562,45.9739330475166,TP,VOL_2.0_2.0,0.9786835727326592
2025-10-08 16:45:00,2025-10-08 16:59:00,1,4030.0949154746427,4039.7051054200365,0.04,38.16075978157525,38.72075978157498,TP,VOL_2.0_2.0,0.9855374738729635
2025-10-09 02:00:00,2025-10-09 02:04:00,1,4021.5401082251087,4012.659407516401,0.05,-44.75350354353768,44.50350354353729,SL,VOL_2.0_2.0,-1.0056175352521588
2025-10-09 02:50:00,2025-10-09 03:06:00,1,4005.549267563528,4015.865586008953,0.04,40.98527378170067,41.545273781701084,TP,VOL_2.0_2.0,0.9865207290980215
2025-10-09 06:50:00,2025-10-09 07:22:00,-1,4027.16,4035.986484076849,0.05,-44.48242038424642,44.232420384246474,SL,VOL_2.0_2.0,-1.005651962922856
2025-10-09 09:40:00,2025-10-09 09:52:00,-1,4030.6699999999996,4023.079319372134,0.06,45.12408376719493,45.964083767195774,TP,VOL_2.0_2.0,0.9817248614319091
2025-10-09 09:55:00,2025-10-09 11:13:00,-1,4027.0499999999997,4035.256233724279,0.05,-41.381168621395865,41.13116862139464,SL,VOL_2.0_2.0,-1.0060781156573115
2025-10-09 16:40:00,2025-10-09 16:44:00,-1,4043.35,4033.6965996797753,0.04,38.333601280898364,38.89360128089811,TP,VOL_2.0_2.0,0.9856017447200298
2025-10-10 01:05:00,2025-10-10 01:10:00,1,3977.7355405405406,3969.630180527516,0.05,-40.8768000651222,40.62680006512102,SL,VOL_2.0_2.0,-1.0061535734933702
2025-10-14 06:40:00,2025-10-14 07:56:00,-1,4161.65,4169.704268841138,0.05,-40.62134420569383,40.37134420569094,SL,VOL_2.0_2.0,-1.0061925111715169
2025-10-14 11:25:00,2025-10-14 12:56:00,-1,4139.62,4124.030141482946,0.03,46.559575551160414,46.97957555115924,TP,VOL_2.0_2.0,0.9910599447723519
2025-10-15 07:30:00,2025-10-15 08:09:00,-1,4176.33,4184.699180134406,0.05,-42.19590067202863,41.94590067202807,SL,VOL_2.0_2.0,-1.0059600579793313
2025-10-17 06:40:00,2025-10-17 07:02:00,-1,4356.99,4374.849569744355,0.02,-35.859139488710426,35.75913948871058,SL,VOL_2.0_2.0,-1.0027964878749784
2025-10-17 07:15:00,2025-10-17 07:23:00,-1,4370.92,4356.33735530178,0.03,43.537934094660194,43.95793409465889,TP,VOL_2.0_2.0,0.9904454108536068
2025-10-17 09:35:00,2025-10-17 09:46:00,-1,4350.8099999999995,4366.968486923233,0.02,-32.45697384646759,32.356973846467014,SL,VOL_2.0_2.0,-1.0030905238689833
2025-10-17 10:00:00,2025-10-17 10:19:00,-1,4360.05,4344.542499711452,0.03,46.31250086564345,46.73250086564433,TP,VOL_2.0_2.0,0.9910126787092268
2025-10-17 13:20:00,2025-10-17 13:37:00,-1,4339.97,4327.4600940119235,0.03,37.31971796423026,37.739717964231566,TP,VOL_2.0_2.0,0.9888711409979436
2025-10-17 13:50:00,2025-10-17 14:13:00,-1,4336.63,4321.928600762065,0.03,43.89419771380566,44.31419771380538,TP,VOL_2.0_2.0,0.9905222248925231
2025-10-17 14:20:00,2025-10-17 14:31:00,-1,4330.26,4313.657503684921,0.02,33.06499263015881,33.34499263015901,TP,VOL_2.0_2.0,0.991602937115453
2025-10-21 05:20:00,2025-10-21 05:42:00,-1,4350.7,4336.432470498334,0.03,42.59258850499831,43.01258850499848,TP,VOL_2.0_2.0,0.9902354167791747
2025-10-21 05:45:00,2025-10-21 08:31:00,-1,4339.86,4326.2099364266705,0.03,40.7401907199874,41.16019071998705,TP,VOL_2.0_2.0,0.9897959656490197
2025-10-21 09:55:00,2025-10-21 10:14:00,-1,4342.04,4330.716045897131,0.04,45.01581641147524,45.5758164114742,TP,VOL_2.0_2.0,0.987712781819571
2025-10-21 10:15:00,2025-10-21 10:32:00,-1,4331.24,4319.605413548208,0.04,46.25834580716648,46.81834580716685,TP,VOL_2.0_2.0,0.9880388768474035
2025-10-22 03:00:00,2025-10-22 03:02:00,1,4093.385358974359,4079.416238012552,0.03,-42.1173628854203,41.96736288541991,SL,VOL_2.0_2.0,-1.0035742059945467
2025-10-24 04:00:00,2025-10-24 04:09:00,-1,4132.57,4141.600853207056,0.05,-45.5042660352834,45.254266035283514,SL,VOL_2.0_2.0,-1.0055243410600223
2025-10-24 11:15:00,2025-10-24 11:51:00,1,4054.564710982659,4068.708229199826,0.03,42.22055465150019,42.64055465149966,TP,VOL_2.0_2.0,0.9901502219323335
2025-10-27 22:00:00,2025-10-27 22:29:00,1,3999.534986225896,3989.2617277263976,0.04,-41.37303399799319,41.17303399799252,SL,VOL_2.0_2.0,-1.0048575482683744
2025-10-28 09:55:00,2025-10-28 10:31:00,1,3942.74483974359,3930.1078879911347,0.03,-38.120855257366166,37.97085525736498,SL,VOL_2.0_2.0,-1.0039503982458253
2025-10-28 10:35:00,2025-10-28 11:18:00,1,3933.555123809524,3919.537419064231,0.03,-42.263114235879094,42.11311423587849,SL,VOL_2.0_2.0,-1.0035618358490526
2025-10-28 19:30:00,2025-10-28 19:37:00,1,3963.4247920133116,3952.897733750171,0.04,-42.388233052562356,42.18823305256085,SL,VOL_2.0_2.0,-1.004740658366809
2025-10-28 20:05:00,2025-10-28 20:12:00,1,3957.214859649123,3967.9407986519154,0.04,42.623756011170116,43.18375601117081,TP,VOL_2.0_2.0,0.9870321608927248
2025-10-28 20:20:00,2025-10-28 21:27:00,1,3965.0748763250886,3953.436258253246,0.04,-46.83447228737103,46.634472287369455,SL,VOL_2.0_2.0,-1.0042886729535425
2025-10-28 21:55:00,2025-10-28 23:46:00,1,3956.975374771481,3953.78,0.04,-13.061499085922403,41.45583011223312,EOD,VOL_2.0_2.0,-0.31507025792418303
2025-10-29 03:00:00,2025-10-29 03:41:00,1,3965.1249619482496,3977.834251578527,0.03,37.91786889083236,38.33786889083183,TP,VOL_2.0_2.0,0.9890447744710216
2025-10-29 05:55:00,2025-10-29 06:37:00,1,3957.545086206897,3970.2905859887287,0.03,38.0264993454953,38.4464993454958,TP,VOL_2.0_2.0,0.9890757284239012
2025-10-29 08:15:00,2025-10-29 09:05:00,1,3956.014812834225,3967.0533728863766,0.04,43.874240208607006,44.434240208607335,TP,VOL_2.0_2.0,0.9873971064347837
2025-10-30 07:35:00,2025-10-30 08:25:00,1,3969.404993849939,3956.047551447841,0.03,-40.28232720629281,40.13232720629242,SL,VOL_2.0_2.0,-1.0037376352293088
2025-11-06 13:00:00,2025-11-06 13:36:00,1,4008.645168067227,4013.6095131210977,0.09,44.049105484835415,45.30910548483671,TP,VOL_2.0_2.0,0.9721910201819595
2025-11-10 16:05:00,2025-11-10 16:33:00,1,4088.444810892587,4079.743350729334,0.05,-43.8573008162658,43.60730081626549,SL,VOL_2.0_2.0,-1.005732984966294
2025-11-10 16:35:00,2025-11-10 17:01:00,1,4078.3750429447855,4088.461446098862,0.04,40.065612616305515,40.625612616305055,TP,VOL_2.0_2.0,0.9862155924813111
2025-11-10 17:20:00,2025-11-10 17:47:00,1,4091.214794520548,4080.9709876026945,0.04,-41.25522767141345,41.05522767141272,SL,VOL_2.0_2.0,-1.0048714868080002
2025-11-10 18:20:00,2025-11-10 19:55:00,1,4090.5449596774197,4100.030166480336,0.05,47.07603401458382,47.77603401458518,TP,VOL_2.0_2.0,0.9853483024608601
2025-11-11 02:55:00,2025-11-11 03:29:00,-1,4132.49,4138.181466960654,0.08,-46.09173568523198,45.691735685229176,SL,VOL_2.0_2.0,-1.0087543183467227
2025-11-11 05:35:00,2025-11-11 07:04:00,-1,4147.63,4140.4819495848615,0.06,42.468302490831846,43.30830249083366,TP,VOL_2.0_2.0,0.9806041809147426
2025-11-11 10:50:00,2025-11-11 11:09:00,1,4135.285271149675,4142.58724468992,0.06,43.39184124146966,44.23184124146744,TP,VOL_2.0_2.0,0.9810091559288227
2025-11-21 11:50:00,2025-11-21 12:13:00,-1,4053.52,4040.2668861632324,0.03,39.549341510302874,39.96934151030226,TP,VOL_2.0_2.0,0.9894919459733624
2025-11-25 02:35:00,2025-11-25 03:01:00,-1,4134.24,4126.068602723307,0.05,40.50698638346458,41.20698638346478,TP,VOL_2.0_2.0,0.9830125893340967
2025-12-12 13:05:00,2025-12-12 14:49:00,-1,4333.53,4325.026311120117,0.05,42.16844439941579,42.868444399415424,TP,VOL_2.0_2.0,0.9836709726745023
2025-12-15 04:00:00,2025-12-15 06:23:00,-1,4322.44,4330.232542221428,0.06,-47.17525332857069,46.875253328567005,SL,VOL_2.0_2.0,-1.0063999654124718
2025-12-15 08:00:00,2025-12-15 09:39:00,-1,4343.54,4337.313201193785,0.07,43.09759164350431,44.07759164350599,TP,VOL_2.0_2.0,0.9777664803483866
2025-12-17 10:35:00,2025-12-17 12:38:00,1,4316.245166240409,4308.566237932371,0.06,-46.49356984822764,46.19356984822738,SL,VOL_2.0_2.0,-1.0064944103905789
2025-12-23 09:55:00,2025-12-23 11:13:00,-1,4487.83,4481.770182662106,0.08,47.91853870315157,49.03853870314824,TP,VOL_2.0_2.0,0.9771608202524851
2025-12-29 14:55:00,2025-12-29 15:20:00,-1,4464.099999999999,4453.749361731532,0.04,41.12255307386906,41.68255307387061,TP,VOL_2.0_2.0,0.9865651223664464
2026-01-02 14:45:00,2026-01-02 15:00:00,1,4388.315097690941,4395.041132817405,0.07,46.59224588524809,47.57224588524784,TP,VOL_2.0_2.0,0.9793997533275248
2026-01-02 15:05:00,2026-01-02 15:20:00,1,4397.755046904315,4390.572067175896,0.06,-43.51787837051408,43.21787837051325,SL,VOL_2.0_2.0,-1.0069415716669128
2026-01-05 07:15:00,2026-01-05 08:01:00,1,4408.325039787798,4415.69432275609,0.06,43.79569780974823,44.63569780974781,TP,VOL_2.0_2.0,0.9811809820117535
2026-01-05 10:45:00,2026-01-05 11:44:00,1,4430.164875621891,4437.7915525705175,0.06,45.34006169175889,46.180061691761416,TP,VOL_2.0_2.0,0.9818103317919044
2026-01-05 13:30:00,2026-01-05 14:42:00,1,4417.475007451564,4408.326995016297,0.05,-46.09006217633724,45.84006217633595,SL,VOL_2.0_2.0,-1.0054537447841934
2026-01-12 04:05:00,2026-01-12 04:47:00,1,4565.944907275321,4582.019114540348,0.03,48.01262179507925,48.43262179508,TP,VOL_2.0_2.0,0.9913281589054215
2026-01-12 05:45:00,2026-01-12 07:45:00,1,4573.085,4583.195750748512,0.04,40.16300299404858,40.723002994049494,TP,VOL_2.0_2.0,0.9862485583373422
2026-01-12 14:45:00,2026-01-12 15:02:00,1,4586.444883268483,4593.256600150933,0.07,47.19201817715089,48.17201817714871,TP,VOL_2.0_2.0,0.9796562395124501
2026-01-19 04:50:00,2026-01-19 07:06:00,1,4658.5448007968125,4670.611393424021,0.04,47.98637050883437,48.54637050883388,TP,VOL_2.0_2.0,0.988464637126732
2026-01-20 13:10:00,2026-01-20 13:49:00,1,4725.524821428572,4732.816063266103,0.06,43.32745102518499,44.16745102518629,TP,VOL_2.0_2.0,0.9809814698266764
2026-01-20 14:30:00,2026-01-20 15:21:00,1,4726.924930313589,4720.430129555973,0.07,-45.95360530331731,45.60360530331534,SL,VOL_2.0_2.0,-1.0076748317961721
2026-01-20 15:25:00,2026-01-20 15:44:00,1,4721.91507154213,4729.615782775682,0.06,45.7842674013137,46.624267401314626,TP,VOL_2.0_2.0,0.9819836311255962
2026-01-21 01:05:00,2026-01-21 01:44:00,1,4762.494742268042,4769.094873525151,0.07,45.710918799768265,46.6909187997699,TP,VOL_2.0_2.0,0.9790109077912071
2026-01-21 01:45:00,2026-01-21 01:47:00,1,4773.855051903115,4781.031187360551,0.07,49.74294820204865,50.72294820204818,TP,VOL_2.0_2.0,0.9806793564897721
2026-01-21 01:50:00,2026-01-21 02:53:00,1,4778.515101214575,4786.485798425051,0.06,47.40418326285551,48.244183262855145,TP,VOL_2.0_2.0,0.9825885745557562
2026-01-21 06:00:00,2026-01-21 06:35:00,-1,4844.92,4859.005399002653,0.03,-42.46619700795778,42.316197007957264,SL,VOL_2.0_2.0,-1.003544741980767
2026-01-21 06:40:00,2026-01-21 07:18:00,-1,4859.53,4872.418212212773,0.03,-38.87463663832019,38.72463663832014,SL,VOL_2.0_2.0,-1.0038735030983252
2026-01-21 07:20:00,2026-01-21 08:27:00,-1,4873.47,4885.5554360009955,0.04,-48.621744003981156,48.421744003979455,SL,VOL_2.0_2.0,-1.0041303758077211
2026-01-21 08:30:00,2026-01-21 08:38:00,-1,4883.86,4870.940543452419,0.03,38.54836964274276,38.968369642743504,TP,VOL_2.0_2.0,0.9892220279203046
2026-01-21 08:40:00,2026-01-21 08:56:00,-1,4868.2,4854.18893797683,0.03,41.82318606950961,42.24318606950859,TP,VOL_2.0_2.0,0.9900575681174262
2026-01-21 16:05:00,2026-01-21 16:10:00,1,4852.8850294695485,4867.012845028984,0.03,42.173446678306426,42.593446678306485,TP,VOL_2.0_2.0,0.9901393281653825
2026-01-21 16:20:00,2026-01-21 16:30:00,1,4846.505,4866.474661364461,0.02,39.79932272892198,40.079322728921134,TP,VOL_2.0_2.0,0.9930138540041469
2026-01-26 01:05:00,2026-01-26 01:17:00,1,5014.4103300733495,5027.289006742624,0.03,38.426030007824046,38.84603000782481,TP,VOL_2.0_2.0,0.9891880843443678
2026-01-26 01:25:00,2026-01-26 02:00:00,1,5025.074194107452,5041.0196315385,0.03,47.626312293144146,48.04631229314494,TP,VOL_2.0_2.0,0.991258434207432
2026-01-26 11:55:00,2026-01-26 12:32:00,1,5079.475128983308,5091.390530499361,0.04,47.38160606421181,47.94160606421012,TP,VOL_2.0_2.0,0.9883191230755123
2026-01-26 14:40:00,2026-01-26 15:00:00,1,5085.714871794872,5075.574681673599,0.05,-51.05095060636505,50.800950606365426,SL,VOL_2.0_2.0,-1.0049211677540597
2026-01-27 13:50:00,2026-01-27 14:32:00,1,5075.695014792899,5085.096676074589,0.05,46.65830640844742,47.358306408447234,TP,VOL_2.0_2.0,0.9852190660290387
2026-01-27 16:20:00,2026-01-27 16:33:00,1,5055.125021413276,5072.499803685466,0.03,51.91434681656941,52.33434681656879,TP,VOL_2.0_2.0,0.9919746777107686
2026-01-28 04:55:00,2026-01-28 07:09:00,-1,5234.46,5253.986726376876,0.02,-39.19345275375112,39.09345275375158,SL,VOL_2.0_2.0,-1.0025579730864254
2026-01-28 07:10:00,2026-01-28 07:41:00,-1,5253.679999999999,5266.458940641143,0.04,-51.39576256457556,51.1957625645732,SL,VOL_2.0_2.0,-1.0039065733174715
2026-01-28 07:45:00,2026-01-28 09:18:00,-1,5264.88,5278.505250261606,0.03,-41.08575078481859,40.935750784817,SL,VOL_2.0_2.0,-1.0036642787081171
2026-01-28 09:20:00,2026-01-28 10:02:00,-1,5280.139999999999,5294.034433152204,0.03,-41.893299456612986,41.74329945661371,SL,VOL_2.0_2.0,-1.003593391081967
2026-01-28 10:05:00,2026-01-28 10:32:00,-1,5295.929999999999,5310.2909414352225,0.03,-43.29282430566941,43.14282430566985,SL,VOL_2.0_2.0,-1.003476823838347
2026-01-29 01:40:00,2026-01-29 01:44:00,-1,5588.54,5544.900406527947,0.01,43.56959347205309,43.70959347205352,TP,VOL_2.0_2.0,0.9967970418189788
2026-01-29 08:05:00,2026-01-29 08:58:00,-1,5582.62,5555.792876551803,0.01,26.7571234481972,26.89712344819731,TP,VOL_2.0_2.0,0.9947949824348412
2026-01-29 14:45:00,2026-01-29 15:20:00,-1,5529.7699999999995,5518.685223880597,0.02,22.029552238805408,38.47660830952901,NEWS,VOL_2.0_2.0,0.5725440262714016
2026-01-29 17:00:00,2026-01-29 17:01:00,-1,5496.82,5461.0493607607505,0.01,35.70063923924925,35.84063923924933,TP,VOL_2.0_2.0,0.9960938196703042
2026-01-30 03:55:00,2026-01-30 04:00:00,-1,5338.05,5291.3830587309085,0.01,46.596941269091694,46.73694126909194,TP,VOL_2.0_2.0,0.997004510860174
2026-02-03 10:30:00,2026-02-03 11:04:00,1,4936.595360281195,4908.713461343562,0.01,-27.9518989376332,27.901898937633,SL,VOL_2.0_2.0,-1.0017919927282355
2026-02-03 11:10:00,2026-02-03 11:28:00,1,4919.32503164557,4892.8256796483865,0.01,-26.569351997183112,26.519351997183158,SL,VOL_2.0_2.0,-1.0018854156016055
2026-02-03 11:30:00,2026-02-03 11:42:00,1,4891.535102685624,4917.979985609186,0.01,26.374882923561636,26.514882923561753,TP,VOL_2.0_2.0,0.9947199465144267
2026-02-03 11:45:00,2026-02-03 13:02:00,1,4921.615140186916,4894.138409945273,0.01,-27.546730241642145,27.49673024164186,SL,VOL_2.0_2.0,-1.0018183980262703
2026-02-03 13:10:00,2026-02-03 13:24:00,1,4908.16490430622,4887.803664077339,0.02,-40.86248045776178,40.76248045776159,SL,VOL_2.0_2.0,-1.0024532363800531
2026-02-03 13:30:00,2026-02-03 14:00:00,1,4901.394625267667,4923.673481269777,0.02,44.417712004219865,44.69771200422044,TP,VOL_2.0_2.0,0.99373569725506
2026-02-03 14:35:00,2026-02-03 15:45:00,1,4917.194923371647,4942.333059254739,0.02,50.136271766184436,50.41627176618475,TP,VOL_2.0_2.0,0.9944462374905692
2026-02-03 16:05:00,2026-02-03 16:17:00,1,4922.324967658474,4896.229903139372,0.02,-52.33012903820294,52.23012903820245,SL,VOL_2.0_2.0,-1.001914603732404
2026-02-03 16:30:00,2026-02-03 16:35:00,1,4925.175060532688,4896.84851285075,0.01,-28.396547681937882,28.346547681938077,SL,VOL_2.0_2.0,-1.00176388322701
2026-02-04 08:20:00,2026-02-04 09:26:00,1,5065.904802158273,5084.792553216891,0.02,37.6355021172361,37.91550211723576,TP,VOL_2.0_2.0,0.9926151578018434
2026-02-04 11:30:00,2026-02-04 13:16:00,1,5057.095020242915,5038.142912722984,0.02,-38.04421503986181,37.94421503986107,SL,VOL_2.0_2.0,-1.0026354478514232
2026-02-04 13:30:00,2026-02-04 13:53:00,1,5023.965385714286,5043.8171696932895,0.02,39.563567958007624,39.84356795800778,TP,VOL_2.0_2.0,0.992972516911757
2026-02-18 19:45:00,2026-02-18 20:29:00,1,4997.935255623723,4987.92584883323,0.05,-50.39703395246452,50.147033952461435,SL,VOL_2.0_2.0,-1.0049853397160056
2026-02-18 20:30:00,2026-02-18 21:27:00,1,4988.405088652482,4979.206621752908,0.05,-46.3423344978688,46.092334497868364,SL,VOL_2.0_2.0,-1.00542389537705
2026-02-19 10:40:00,2026-02-19 11:25:00,1,5015.824634146341,5008.352804341344,0.06,-45.25097882997936,44.95097882998066,SL,VOL_2.0_2.0,-1.0066739369821822
2026-02-23 01:50:00,2026-02-23 02:01:00,-1,5158.65,5143.735050965885,0.03,44.534847102342646,44.954847102343216,TP,VOL_2.0_2.0,0.9906572922149105
2026-03-02 12:35:00,2026-03-02 13:45:00,-1,5391.62,5376.91583530602,0.03,43.902494081939075,44.32249408193939,TP,VOL_2.0_2.0,0.9905239989603506
2026-03-16 11:10:00,2026-03-16 12:03:00,1,4996.913969072166,4983.843617482552,0.03,-39.42105476884168,39.271054768842454,SL,VOL_2.0_2.0,-1.0038196071096679
2026-03-19 04:40:00,2026-03-19 05:02:00,1,4862.4323374613,4846.4733577170855,0.03,-48.08693923264487,47.93693923264409,SL,VOL_2.0_2.0,-1.0031291109195106
2026-03-19 05:25:00,2026-03-19 08:30:00,1,4857.3974021352315,4842.506688937112,0.03,-44.88213959435867,44.73213959435882,SL,VOL_2.0_2.0,-1.0033532936577612
2026-03-19 21:05:00,2026-03-19 22:01:00,1,4611.006046831956,4640.766751567613,0.01,29.690704735656873,29.830704735657143,TP,VOL_2.0_2.0,0.9953068490590191
2026-03-23 13:15:00,2026-03-23 14:05:00,1,4264.018100890208,4309.7663214850145,0.01,45.6782205948063,45.818220594806206,TP,VOL_2.0_2.0,0.9969444470304074
2026-03-25 06:45:00,2026-03-25 08:26:00,1,4570.232899159664,4555.0072758269,0.03,-45.886869998293115,45.736869998291745,SL,VOL_2.0_2.0,-1.0032796297605624
2026-03-25 08:30:00,2026-03-25 08:44:00,1,4554.989075067024,4566.406458260798,0.04,45.38953277509674,45.949532775098,TP,VOL_2.0_2.0,0.9878127161217894
2026-03-25 08:45:00,2026-03-25 08:57:00,1,4566.935124760077,4554.104603303545,0.04,-51.602085826126576,51.40208582612661,SL,VOL_2.0_2.0,-1.0038908926901622
2026-03-25 09:00:00,2026-03-25 09:09:00,1,4555.9453736654805,4542.741421172769,0.03,-39.821857478133964,39.67185747813395,SL,VOL_2.0_2.0,-1.0037810178180513
2026-03-25 09:10:00,2026-03-25 09:31:00,1,4540.878315629742,4555.433815483151,0.03,43.45649956022684,43.87649956022772,TP,VOL_2.0_2.0,0.9904276775902698
2026-03-25 09:35:00,2026-03-25 10:57:00,1,4553.859904534606,4538.415860112877,0.03,-46.54213326518671,46.39213326518683,SL,VOL_2.0_2.0,-1.0032333068010142
2026-03-25 11:35:00,2026-03-25 12:38:00,1,4566.565113835377,4551.5548502358515,0.03,-45.24079079857616,45.09079079857517,SL,VOL_2.0_2.0,-1.0033266216303691
2026-04-01 04:30:00,2026-04-01 04:39:00,1,4708.495202492212,4687.480034049394,0.02,-42.170336885636644,42.070336885636834,SL,VOL_2.0_2.0,-1.0023769716955595
2026-04-01 07:15:00,2026-04-01 08:18:00,1,4674.153929712461,4686.375408040391,0.04,48.605913311722105,49.16591331172272,TP,VOL_2.0_2.0,0.9886099949684635
2026-04-08 05:55:00,2026-04-08 08:34:00,1,4804.188415213946,4820.9952999313455,0.03,50.21065415219713,50.63065415219728,TP,VOL_2.0_2.0,0.991704630188312
2026-04-15 01:15:00,2026-04-15 01:20:00,-1,4844.84,4837.431480435355,0.06,44.03111738786909,44.87111738786826,TP,VOL_2.0_2.0,0.9812797173571995
2026-04-22 07:50:00,2026-04-22 07:57:00,1,4758.14474537037,4752.1924094506985,0.08,-48.17868735737517,47.778687357371304,SL,VOL_2.0_2.0,-1.0083719336408716
2026-04-22 08:10:00,2026-04-22 08:16:00,1,4756.02466442953,4762.146672348151,0.08,48.41606334896409,49.536063348966024,TP,VOL_2.0_2.0,0.9773902097929767
2026-04-29 01:05:00,2026-04-29 01:40:00,1,4598.866744186046,4593.364487673723,0.09,-50.150308610912255,49.70030861091169,SL,VOL_2.0_2.0,-1.0090542697334834
2026-04-29 01:55:00,2026-04-29 02:10:00,1,4595.335170068028,4590.319492688589,0.1,-50.85677379438785,50.356773794382086,SL,VOL_2.0_2.0,-1.0099291507841104
2026-04-30 01:55:00,2026-04-30 02:52:00,1,4550.934836363636,4559.203731515201,0.06,49.19337090938832,50.03337090938997,TP,VOL_2.0_2.0,0.9832112051470031
2026-05-25 08:25:00,2026-05-25 09:05:00,1,4556.815203045685,4550.798113477417,0.08,-48.696716546141545,48.29671654613952,SL,VOL_2.0_2.0,-1.008282136522053
2026-05-28 06:20:00,2026-05-28 06:39:00,-1,4384.47,4371.353254075875,0.03,39.140237772375286,39.56023777237521,TP,VOL_2.0_2.0,0.9893832791800556
2026-05-28 06:45:00,2026-05-28 08:38:00,-1,4376.69,4390.022172466097,0.03,-40.20651739829187,40.0565173982906,SL,VOL_2.0_2.0,-1.0037447089698235
2026-06-18 01:45:00,2026-06-18 02:13:00,1,4264.232222222223,4279.693852103381,0.03,46.1748896434738,46.594889643474666,TP,VOL_2.0_2.0,0.9909861359643828
2026-06-24 20:20:00,2026-06-24 20:32:00,1,4000.2450632911396,3985.8643452918805,0.03,-43.352153997777314,43.202153997776826,SL,VOL_2.0_2.0,-1.0034720491021862
2026-06-25 01:15:00,2026-06-25 02:06:00,1,4001.88954674221,3991.059085872317,0.04,-43.60184347957082,43.40184347956955,SL,VOL_2.0_2.0,-1.0046080991950357
2026-06-25 02:25:00,2026-06-25 02:35:00,1,4000.2361016949153,4008.8509808798076,0.05,42.72439592446144,43.42439592446073,TP,VOL_2.0_2.0,0.9838800290689828
2026-06-26 01:30:00,2026-06-26 01:35:00,-1,4024.7799999999997,4032.7727876168456,0.06,-48.3767257010749,48.07672570107249,SL,VOL_2.0_2.0,-1.0062400256179618
2026-07-21 11:15:00,2026-07-21 11:36:00,1,4068.2752759381897,4061.111239709072,0.07,-50.63825360382429,50.28825360382423,SL,VOL_2.0_2.0,-1.0069598758142884
2026-07-21 11:40:00,2026-07-21 12:53:00,1,4062.694864197531,4069.325677909113,0.07,45.925695981074355,46.90569598107289,TP,VOL_2.0_2.0,0.9791070150543342
2026-07-21 13:50:00,2026-07-21 14:04:00,1,4063.334958847737,4056.4787421025153,0.07,-48.48351721655331,48.13351721655138,SL,VOL_2.0_2.0,-1.0072714403650846
2026-07-21 14:35:00,2026-07-21 15:24:00,1,4059.1250614250616,4065.6376061069295,0.07,45.097812773075255,46.07781277307683,TP,VOL_2.0_2.0,0.9787316293673083
2026-08-05 12:20:00,2026-08-05 13:03:00,1,4160.4549490835025,4152.500346836024,0.06,-48.147613484872565,47.84761348487387,SL,VOL_2.0_2.0,-1.0062699051875081
2026-08-05 13:05:00,2026-08-05 13:57:00,1,4152.594936708861,4160.638834700196,0.06,47.84338794801085,48.68338794801243,TP,VOL_2.0_2.0,0.982745654412988
2026-08-05 14:00:00,2026-08-05 14:10:00,1,4161.625384615384,4168.700255369727,0.07,49.034095280397885,50.01409528039827,TP,VOL_2.0_2.0,0.9804055237927203
2026-08-06 12:00:00,2026-08-06 13:12:00,-1,4278.179999999999,4268.9271757501965,0.05,45.91412124901436,46.61412124901639,TP,VOL_2.0_2.0,0.984983091362753
2026-08-11 04:05:00,2026-08-11 04:10:00,1,4400.9352021563345,4410.733571651294,0.05,48.641847474799214,49.34184747479955,TP,VOL_2.0_2.0,0.9858132592145471
2026-08-11 08:00:00,2026-08-11 08:12:00,1,4409.112033492824,4399.628257888905,0.05,-47.76887801959365,47.518878019592336,SL,VOL_2.0_2.0,-1.0052610669784383
2026-08-21 14:40:00,2026-08-21 15:19:00,-1,4597.17,4586.416134093519,0.04,42.73546362592489,43.29546362592508,TP,VOL_2.0_2.0,0.9870656195106579
