leg,n,avgR,R
lw,1124,0.03,33.728
strong_close,385,0.082,31.593
NAS100:mon,399,0.069,27.368
inside,86,0.241,20.729
drift,397,0.048,19.061
season,503,0.036,18.026
DJ30:mon,399,0.04,16.088
NAS100:hi20,441,0.033,14.695
trendH4,264,0.053,13.934
friday,367,0.034,12.469
tday,335,0.035,11.755
NAS100:dip_low20,96,0.104,10.026
tday900,206,0.043,8.876
DJ30:hi20,373,0.02,7.474
DJ30:dip_low20,101,0.064,6.441
fri_close,332,0.017,5.574
NAS100:prefomc,59,0.06,3.567
DJ30:dip_clv,219,0.014,3.021
tom,92,0.031,2.818
DJ30:prefomc,59,0.027,1.569
NAS100:tom,46,-0.007,-0.303
nr7,61,-0.029,-1.765
DJ30:tom,49,-0.048,-2.359
NAS100:dip_clv,216,-0.011,-2.47
