legs,guards,period,n,SR,PF,net%,DD%,dDD%,mc95,pass60,fail60,med60,pass120,fail120,med120
base3,K1,DEV,526,1.752,1.353,33.9,5.65,1.19,8.77,0.0,0.0,,0.217,0.0,173.0
base3,K1,VAL,189,2.345,1.508,14.03,2.77,0.92,5.67,0.0,0.0,,0.269,0.0,133.0
base3,K2_r1.0,DEV,662,1.617,1.346,43.27,6.83,1.7,9.25,0.068,0.0,98.0,0.297,0.0,148.0
base3,K2_r1.0,VAL,246,2.382,1.551,19.45,3.38,1.24,5.79,0.082,0.0,61.5,0.602,0.0,114.0
base3,K3_r1.5,DEV,700,1.569,1.348,47.02,7.51,1.73,9.38,0.073,0.0,84.5,0.391,0.0,150.0
base3,K3_r1.5,VAL,259,2.543,1.621,22.83,3.29,1.4,5.61,0.175,0.0,59.5,0.772,0.0,109.5
base3+pb,K1,DEV,796,0.991,1.144,22.51,11.27,1.42,14.68,0.008,0.03,115.0,0.148,0.121,179.0
base3+pb,K1,VAL,262,1.353,1.222,9.42,5.38,1.38,8.57,0.006,0.0,46.0,0.006,0.0,46.0
base3+pb,K2_r1.0,DEV,1112,1.08,1.175,38.55,14.32,1.78,15.12,0.138,0.06,71.0,0.433,0.158,114.0
base3+pb,K2_r1.0,VAL,373,1.555,1.273,15.97,5.86,1.81,9.19,0.298,0.0,45.0,0.684,0.0,80.0
base3+pb,K3_r1.5,DEV,1214,1.144,1.191,47.99,14.35,2.23,14.86,0.161,0.055,67.0,0.436,0.174,103.0
base3+pb,K3_r1.5,VAL,416,1.643,1.308,20.12,6.04,1.8,9.36,0.322,0.0,39.0,0.696,0.0,76.0
base3+lon,K1,DEV,681,0.504,1.074,9.83,9.37,1.54,15.74,0.0,0.0,,0.061,0.005,193.0
base3+lon,K1,VAL,215,1.548,1.273,9.75,4.22,1.28,7.54,0.0,0.0,,0.146,0.0,133.0
base3+lon,K2_r1.0,DEV,837,0.81,1.131,21.98,9.44,3.0,15.33,0.012,0.0,78.0,0.295,0.012,151.0
base3+lon,K2_r1.0,VAL,277,2.065,1.406,17.55,4.24,1.25,7.04,0.158,0.0,61.0,0.602,0.0,106.0
base3+lon,K3_r1.5,DEV,882,0.867,1.148,26.53,9.18,3.0,15.04,0.018,0.0,80.0,0.285,0.022,147.0
base3+lon,K3_r1.5,VAL,291,2.215,1.456,20.42,3.95,1.25,7.01,0.181,0.0,60.0,0.69,0.0,103.5
all6,K1,DEV,383,-0.585,0.894,-8.18,10.56,1.43,18.97,0.0,0.0,,0.0,0.0,
all6,K1,VAL,287,0.569,1.077,3.68,7.3,1.37,10.73,0.0,0.0,,0.0,0.0,
all6,K2_r1.0,DEV,526,-0.409,0.92,-8.4,12.46,1.68,21.14,0.0,0.003,,0.0,0.053,
all6,K2_r1.0,VAL,409,0.897,1.134,8.62,7.84,1.82,11.34,0.17,0.0,60.0,0.181,0.0,60.0
all6,K3_r1.5,DEV,607,-0.315,0.933,-8.06,13.08,1.94,21.93,0.0,0.03,,0.0,0.154,
all6,K3_r1.5,VAL,457,1.14,1.187,13.3,8.24,2.21,10.85,0.31,0.0,41.0,0.637,0.0,74.0
