family,param,value,is_base,dev_n,dev_sr,val_n,val_sr,dev_pf,val_pf
ny_orb,or_start,930,False,211,0.539,77,-1.292,1.142,0.732
ny_orb,or_start,990,True,144,1.457,53,2.293,1.569,1.937
ny_orb,or_bars,1,False,163,0.8,60,0.595,1.26,1.163
ny_orb,or_bars,2,True,144,1.457,53,2.293,1.569,1.937
ny_orb,or_bars,4,False,83,1.256,35,1.53,1.7,1.721
ny_orb,end,1080,True,144,1.457,53,2.293,1.569,1.937
ny_orb,end,1200,False,230,0.882,77,1.647,1.239,1.484
ny_orb,end,1320,False,259,1.055,82,1.773,1.278,1.509
ny_orb,sl_atr,1.0,False,144,0.789,53,0.127,1.248,1.027
ny_orb,sl_atr,1.5,False,144,1.285,53,1.831,1.454,1.645
ny_orb,sl_atr,2.0,True,144,1.457,53,2.293,1.569,1.937
ny_orb,sl_atr,3.0,False,144,1.784,52,1.773,1.846,1.741
ny_orb,trend,against,False,92,-0.907,32,-0.351,0.697,0.876
ny_orb,trend,long_only,False,170,-0.16,62,2.105,0.951,1.753
ny_orb,trend,none,False,334,-0.081,106,1.969,0.979,1.477
ny_orb,trend,with,True,144,1.457,53,2.293,1.569,1.937
ny_orb,min_rng_atr,0.3,False,147,1.379,54,2.313,1.521,1.945
ny_orb,min_rng_atr,0.5,False,147,1.379,54,2.313,1.521,1.945
ny_orb,min_rng_atr,1.0,True,144,1.457,53,2.293,1.569,1.937
ny_orb,max_rng_atr,3.0,False,135,1.309,52,2.341,1.521,1.98
ny_orb,max_rng_atr,5.0,True,144,1.457,53,2.293,1.569,1.937
ny_orb,max_rng_atr,8.0,False,145,1.505,53,2.293,1.592,1.937
ny_orb,rr,1.0,False,144,1.222,53,2.029,1.435,1.745
ny_orb,rr,1.5,True,144,1.457,53,2.293,1.569,1.937
ny_orb,rr,2.0,False,144,1.346,53,2.095,1.545,1.86
ny_orb,rr,3.0,False,144,1.407,53,2.163,1.6,1.963
ny_orb,rr,5.0,False,144,1.358,53,2.159,1.564,2.011
ny_orb,trail_atr,0.0,False,144,1.569,53,2.118,1.624,1.836
ny_orb,trail_atr,1.0,False,144,0.144,53,-0.696,1.045,0.792
ny_orb,trail_atr,1.5,False,144,0.261,53,-0.085,1.082,0.973
ny_orb,trail_atr,2.0,False,144,1.102,53,1.781,1.417,1.688
ny_orb,trail_atr,3.0,True,144,1.457,53,2.293,1.569,1.937
ny_orb,be_r,0.0,True,144,1.457,53,2.293,1.569,1.937
ny_orb,be_r,1.0,False,144,1.429,53,2.17,1.564,1.882
ny_orb,hold_min,120,False,144,1.387,53,1.127,1.559,1.408
ny_orb,hold_min,240,True,144,1.457,53,2.293,1.569,1.937
ny_orb,hold_min,480,False,144,1.28,53,2.49,1.487,2.099
ny_orb,hold_min,60,False,144,0.758,53,0.844,1.284,1.303
donchian,n,16,False,175,1.0,60,0.361,1.373,1.103
donchian,n,32,True,180,1.165,72,2.137,1.426,1.832
donchian,n,48,False,161,1.539,74,1.543,1.667,1.494
donchian,n,8,False,108,1.123,31,1.413,1.563,1.738
donchian,sl_atr,1.0,False,180,0.588,72,0.41,1.175,1.101
donchian,sl_atr,1.5,False,180,1.138,72,1.576,1.399,1.529
donchian,sl_atr,2.0,True,180,1.165,72,2.137,1.426,1.832
donchian,sl_atr,3.0,False,180,1.14,72,2.01,1.451,1.805
donchian,start,120,False,100,-1.248,137,1.647,0.615,1.333
donchian,start,600,False,120,-1.126,106,0.998,0.662,1.23
donchian,start,900,True,180,1.165,72,2.137,1.426,1.832
donchian,end,1200,False,154,1.018,64,2.298,1.394,1.982
donchian,end,1320,True,180,1.165,72,2.137,1.426,1.832
donchian,end,900,False,0,0.0,0,0.0,inf,inf
donchian,trend,long_only,False,193,0.512,71,0.538,1.149,1.144
donchian,trend,none,False,394,-0.012,124,0.245,0.991,1.045
donchian,trend,with,True,180,1.165,72,2.137,1.426,1.832
donchian,per_day,1,True,180,1.165,72,2.137,1.426,1.832
donchian,per_day,2,False,222,1.454,77,2.25,1.495,1.861
donchian,per_day,3,False,237,1.301,83,1.785,1.407,1.599
donchian,min_width_atr,0.0,False,192,1.342,80,0.986,1.492,1.274
donchian,min_width_atr,2.0,False,194,1.371,80,0.986,1.502,1.274
donchian,min_width_atr,4.0,True,180,1.165,72,2.137,1.426,1.832
donchian,rr,1.0,False,180,0.625,72,2.125,1.178,1.633
donchian,rr,1.5,False,180,0.955,72,1.849,1.296,1.575
donchian,rr,2.0,False,180,1.12,72,1.857,1.375,1.621
donchian,rr,3.0,True,180,1.165,72,2.137,1.426,1.832
donchian,rr,5.0,False,180,1.237,72,2.103,1.492,1.824
donchian,trail_atr,0.0,True,180,1.165,72,2.137,1.426,1.832
donchian,trail_atr,1.0,False,180,0.373,72,-1.471,1.123,0.673
donchian,trail_atr,1.5,False,180,0.914,72,1.704,1.347,1.637
donchian,trail_atr,2.0,False,180,0.983,72,1.527,1.36,1.555
donchian,trail_atr,3.0,False,180,1.127,72,2.345,1.416,1.958
donchian,be_r,0.0,True,180,1.165,72,2.137,1.426,1.832
donchian,be_r,1.0,False,180,1.039,72,2.011,1.391,1.794
donchian,hold_min,120,False,180,1.209,72,1.658,1.458,1.603
donchian,hold_min,240,True,180,1.165,72,2.137,1.426,1.832
donchian,hold_min,480,False,180,1.159,72,2.613,1.421,2.061
donchian,hold_min,60,False,180,0.702,72,1.208,1.241,1.413
prev_day_break,start,120,True,174,1.216,74,1.233,1.464,1.363
prev_day_break,start,600,False,100,0.251,31,0.103,1.099,1.039
prev_day_break,start,900,False,0,0.0,0,0.0,inf,inf
prev_day_break,end,1200,False,226,0.863,85,0.859,1.261,1.216
prev_day_break,end,1320,False,234,0.957,86,0.95,1.291,1.24
prev_day_break,end,900,True,174,1.216,74,1.233,1.464,1.363
prev_day_break,sl_atr,1.0,False,174,0.901,74,1.416,1.3,1.402
prev_day_break,sl_atr,1.5,False,174,1.176,74,1.417,1.431,1.42
prev_day_break,sl_atr,2.0,True,174,1.216,74,1.233,1.464,1.363
prev_day_break,sl_atr,3.0,False,174,1.199,74,1.118,1.465,1.321
prev_day_break,trend,long_only,True,174,1.216,74,1.233,1.464,1.363
prev_day_break,trend,none,False,311,0.383,111,0.513,1.088,1.107
prev_day_break,trend,with,False,202,0.823,70,1.077,1.261,1.32
prev_day_break,buffer_atr,0.0,False,178,0.858,72,1.296,1.307,1.36
prev_day_break,buffer_atr,0.1,False,176,0.92,72,0.678,1.335,1.176
prev_day_break,buffer_atr,0.3,True,174,1.216,74,1.233,1.464,1.363
prev_day_break,rr,1.0,False,174,1.106,74,1.362,1.378,1.365
prev_day_break,rr,1.5,False,174,1.13,74,1.138,1.395,1.312
prev_day_break,rr,2.0,False,174,1.245,74,1.116,1.464,1.311
prev_day_break,rr,3.0,True,174,1.216,74,1.233,1.464,1.363
prev_day_break,rr,5.0,False,174,1.202,74,1.233,1.455,1.363
prev_day_break,trail_atr,0.0,False,174,1.201,74,0.951,1.451,1.261
prev_day_break,trail_atr,1.0,False,174,0.419,74,1.734,1.138,1.603
prev_day_break,trail_atr,1.5,False,174,0.851,74,1.473,1.307,1.471
prev_day_break,trail_atr,2.0,True,174,1.216,74,1.233,1.464,1.363
prev_day_break,trail_atr,3.0,False,174,1.14,74,0.929,1.423,1.253
prev_day_break,be_r,0.0,True,174,1.216,74,1.233,1.464,1.363
prev_day_break,be_r,1.0,False,174,1.27,74,1.191,1.493,1.35
prev_day_break,hold_min,120,False,174,0.973,74,2.141,1.357,1.731
prev_day_break,hold_min,240,False,174,0.657,74,1.57,1.221,1.511
prev_day_break,hold_min,480,False,174,0.695,73,1.528,1.235,1.517
prev_day_break,hold_min,60,True,174,1.216,74,1.233,1.464,1.363
