sym,z,k,trades,long%,bps/trade,t,short_bps,always_long_bps,b1_last,b1_range,placebo_p,placebo_p95
NAS100,z_cc,0.0,2325,0.96,6.3,2.21,-1.81,6.34,-0.035,-0.046..0.064,0.21,6.51
NAS100,z_cc,0.05,1584,0.99,7.59,2.05,5.23,6.34,-0.035,-0.046..0.064,,
NAS100,z_cc,0.1,497,0.99,8.82,1.14,-30.87,6.34,-0.035,-0.046..0.064,,
NAS100,z_oc,0.0,2325,0.96,5.76,2.02,-8.51,6.34,-0.038,-0.052..0.053,,
NAS100,z_oc,0.05,1524,0.99,7.69,2.01,1.72,6.34,-0.038,-0.052..0.053,,
NAS100,z_oc,0.1,526,0.99,14.36,1.92,-10.38,6.34,-0.038,-0.052..0.053,,
NAS100,z_common,0.0,2325,0.95,6.84,2.4,3.87,6.34,-0.051,-0.061..0.064,,
NAS100,z_common,0.05,1495,0.99,8.82,2.33,-21.95,6.34,-0.051,-0.061..0.064,,
NAS100,z_common,0.1,544,0.99,9.5,1.28,-22.78,6.34,-0.051,-0.061..0.064,,
DJ30,z_cc,0.0,2323,0.95,2.37,1.07,-15.28,3.77,0.005,-0.020..0.026,0.71,3.8
DJ30,z_cc,0.05,1817,1.0,2.34,0.89,,3.77,0.005,-0.020..0.026,,
DJ30,z_cc,0.1,331,1.0,-10.16,-1.44,,3.77,0.005,-0.020..0.026,,
DJ30,z_oc,0.0,2323,0.95,1.4,0.63,-23.38,3.77,0.011,-0.011..0.032,,
DJ30,z_oc,0.05,1788,1.0,2.68,1.03,-75.86,3.77,0.011,-0.011..0.032,,
DJ30,z_oc,0.1,362,1.0,-6.91,-1.02,,3.77,0.011,-0.011..0.032,,
DJ30,z_common,0.0,2323,0.95,2.22,1.0,-15.4,3.77,0.007,-0.011..0.060,,
DJ30,z_common,0.05,1867,0.98,1.96,0.75,-2.49,3.77,0.007,-0.011..0.060,,
DJ30,z_common,0.1,384,0.98,-11.06,-1.75,-3.88,3.77,0.007,-0.011..0.060,,
GER40,z_cc,0.0,2285,0.94,0.96,0.41,-13.0,2.36,-0.001,-0.008..0.051,0.6,3.36
GER40,z_cc,0.05,359,0.93,-2.45,-0.51,-13.82,2.36,-0.001,-0.008..0.051,,
GER40,z_cc,0.1,62,0.92,2.15,0.24,36.5,2.36,-0.001,-0.008..0.051,,
GER40,z_oc,0.0,2285,0.96,0.78,0.33,-23.26,2.36,-0.003,-0.010..0.048,,
GER40,z_oc,0.05,208,0.96,0.38,0.05,-39.89,2.36,-0.003,-0.010..0.048,,
GER40,z_oc,0.1,28,1.0,17.65,0.82,,2.36,-0.003,-0.010..0.048,,
GER40,z_common,0.0,2285,0.84,4.99,2.11,6.96,2.36,-0.02,-0.037..0.010,,
GER40,z_common,0.05,435,0.98,-4.87,-0.71,19.59,2.36,-0.02,-0.037..0.010,,
GER40,z_common,0.1,44,1.0,26.72,1.1,,2.36,-0.02,-0.037..0.010,,
