sym,leg,n,avgR,t,R_yr,t_19_22,t_23_26,yrs_pos
NAS100,preholiday,38,0.063,1.41,0.3,1.71,0.62,6
NAS100,opex_week,453,0.006,0.29,0.3,-0.28,0.69,4
NAS100,after_opex_short,441,-0.051,-2.29,-2.9,-1.22,-2.04,2
NAS100,overnight,1548,-0.005,-0.49,-1.0,-0.67,-0.04,2
NAS100,nfp_day,92,-0.027,-0.86,-0.3,-1.01,-0.22,5
NAS100,cpi_day,90,0.024,0.94,0.3,0.19,1.14,3
DJ30,preholiday,38,-0.009,-0.23,-0.0,0.43,-0.55,4
DJ30,opex_week,453,-0.011,-0.53,-0.6,-1.24,0.54,3
DJ30,after_opex_short,442,-0.033,-1.52,-1.9,-0.81,-1.39,2
DJ30,overnight,1549,-0.016,-1.54,-3.2,-0.72,-1.48,3
DJ30,nfp_day,92,-0.023,-0.77,-0.3,-0.18,-0.92,4
DJ30,cpi_day,90,0.001,0.05,0.0,-0.32,0.45,3
GER40,preholiday,37,-0.004,-0.06,-0.0,0.24,-0.3,4
GER40,opex_week,394,-0.016,-0.68,-0.8,-1.02,0.04,3
GER40,after_opex_short,382,0.005,0.18,0.2,0.56,-0.4,4
GER40,overnight,1569,-0.022,-1.74,-4.4,-0.81,-1.67,0
GER40,nfp_day,89,-0.013,-0.29,-0.1,0.22,-0.57,3
GER40,cpi_day,90,-0.037,-1.0,-0.4,-1.35,-0.1,4
XAUUSD,preholiday,38,0.083,1.36,0.4,1.52,0.46,6
XAUUSD,opex_week,453,0.018,0.74,1.0,-0.1,1.11,3
XAUUSD,after_opex_short,442,-0.05,-2.19,-2.9,-1.33,-1.74,2
XAUUSD,overnight,1552,0.002,0.14,0.3,-1.78,2.02,5
XAUUSD,nfp_day,89,0.01,0.32,0.1,-0.3,0.9,4
XAUUSD,cpi_day,90,0.056,1.55,0.6,1.33,0.85,4
