sym,dow,hour,hold_h,n,bps,t,net_bps,yrs_same,halves_agree
XAGUSD,all,1,1,1996,11.41,9.9,-3.2,1.0,True
XAGUSD,all,2,1,1997,1.75,2.07,-12.86,0.75,True
XAGUSD,all,3,1,1997,0.94,0.91,-13.67,0.62,False
XAGUSD,all,4,1,1997,-1.08,-0.76,-13.53,0.62,True
XAGUSD,all,5,1,1997,-0.99,-1.15,-13.62,0.62,True
XAGUSD,all,6,1,1997,0.66,1.0,-13.95,0.62,False
XAGUSD,all,7,1,1997,0.41,0.57,-14.19,0.75,True
XAGUSD,all,8,1,1997,-0.49,-0.49,-14.12,0.62,False
XAGUSD,all,9,1,1997,2.48,2.57,-12.13,0.75,True
XAGUSD,all,10,1,1997,1.23,1.2,-13.38,0.88,True
XAGUSD,all,11,1,1997,-0.07,-0.08,-14.53,0.5,False
XAGUSD,all,12,1,1997,-0.68,-0.9,-13.92,0.62,True
XAGUSD,all,13,1,1997,-2.03,-2.56,-12.58,0.88,True
XAGUSD,all,14,1,1997,0.31,0.34,-14.29,0.62,False
XAGUSD,all,15,1,1997,0.6,0.39,-14.01,0.62,True
XAGUSD,all,16,1,1997,-0.89,-0.55,-13.72,0.75,False
XAGUSD,all,17,1,1997,0.24,0.15,-14.37,0.62,False
XAGUSD,all,18,1,1997,-0.1,-0.08,-14.51,0.75,False
XAGUSD,all,19,1,1997,-0.28,-0.27,-14.33,0.5,False
XAGUSD,all,20,1,1978,0.29,0.33,-14.32,0.5,False
XAGUSD,all,21,1,1961,1.64,1.71,-12.97,0.75,True
XAGUSD,all,22,1,1934,-0.53,-0.61,-14.08,0.62,True
XAGUSD,all,23,1,1934,0.54,0.9,-14.07,0.62,True
XAGUSD,0,1,1,399,10.89,2.89,-3.72,0.88,True
XAGUSD,0,2,1,399,0.97,0.34,-13.63,0.75,False
XAGUSD,0,3,1,399,3.43,1.33,-11.18,0.75,True
XAGUSD,0,4,1,399,0.48,0.15,-14.13,0.5,False
XAGUSD,0,5,1,399,-0.15,-0.07,-14.46,0.62,False
XAGUSD,0,6,1,399,0.76,0.49,-13.85,0.62,False
XAGUSD,0,7,1,399,0.48,0.29,-14.13,0.5,False
XAGUSD,0,8,1,399,-1.37,-0.55,-13.24,0.62,True
XAGUSD,0,9,1,399,0.74,0.37,-13.87,0.5,False
XAGUSD,0,10,1,399,1.92,0.8,-12.68,0.62,True
XAGUSD,0,11,1,399,3.51,1.8,-11.09,0.75,True
XAGUSD,0,12,1,399,-4.05,-2.03,-10.56,0.5,True
XAGUSD,0,13,1,399,-4.08,-1.92,-10.53,0.88,True
XAGUSD,0,14,1,399,5.73,2.25,-8.88,0.62,True
XAGUSD,0,15,1,399,-0.89,-0.28,-13.72,0.62,False
XAGUSD,0,16,1,399,-1.47,-0.4,-13.14,0.5,False
XAGUSD,0,17,1,399,-2.72,-0.86,-11.89,0.62,False
XAGUSD,0,18,1,399,3.79,1.61,-10.82,0.75,True
XAGUSD,0,19,1,399,2.8,1.63,-11.81,0.62,True
XAGUSD,0,20,1,388,-0.43,-0.21,-14.17,0.5,False
XAGUSD,0,21,1,382,0.94,0.47,-13.67,0.62,True
XAGUSD,0,22,1,363,2.14,1.19,-12.47,0.75,True
XAGUSD,0,23,1,363,-1.36,-0.84,-13.25,0.5,False
XAGUSD,1,1,1,403,14.39,6.06,-0.22,0.88,True
XAGUSD,1,2,1,403,2.01,1.36,-12.59,0.5,False
XAGUSD,1,3,1,403,0.1,0.04,-14.51,0.5,False
XAGUSD,1,4,1,403,0.66,0.23,-13.95,0.5,False
XAGUSD,1,5,1,403,-0.65,-0.36,-13.96,0.5,False
XAGUSD,1,6,1,403,0.07,0.04,-14.54,0.62,False
XAGUSD,1,7,1,403,-0.27,-0.16,-14.34,0.38,False
XAGUSD,1,8,1,403,-4.11,-1.89,-10.5,0.75,True
XAGUSD,1,9,1,403,1.44,0.6,-13.17,0.5,False
XAGUSD,1,10,1,403,1.62,0.66,-12.99,0.62,True
XAGUSD,1,11,1,403,-2.59,-1.16,-12.02,0.75,True
XAGUSD,1,12,1,403,-1.69,-0.99,-12.92,0.75,True
XAGUSD,1,13,1,403,0.16,0.1,-14.45,0.5,False
XAGUSD,1,14,1,403,-0.8,-0.43,-13.81,0.5,False
XAGUSD,1,15,1,403,2.11,0.68,-12.5,0.75,True
XAGUSD,1,16,1,403,-3.67,-0.99,-10.93,0.75,True
XAGUSD,1,17,1,403,1.86,0.49,-12.75,0.5,True
XAGUSD,1,18,1,403,0.27,0.11,-14.33,0.25,False
XAGUSD,1,19,1,403,0.16,0.08,-14.44,0.75,True
XAGUSD,1,20,1,403,2.08,1.05,-12.53,0.62,True
XAGUSD,1,21,1,401,-0.21,-0.13,-14.4,0.5,False
XAGUSD,1,22,1,400,-1.73,-0.91,-12.88,0.62,False
XAGUSD,1,23,1,400,-0.43,-0.36,-14.18,0.62,False
XAGUSD,2,1,1,400,14.35,5.9,-0.26,1.0,True
XAGUSD,2,2,1,400,2.64,1.67,-11.97,0.62,True
XAGUSD,2,3,1,400,2.28,1.13,-12.33,0.5,False
XAGUSD,2,4,1,400,-0.32,-0.14,-14.29,0.5,False
XAGUSD,2,5,1,400,-0.98,-0.53,-13.63,0.62,False
XAGUSD,2,6,1,400,1.14,1.01,-13.47,0.75,True
XAGUSD,2,7,1,400,-1.52,-1.1,-13.09,0.62,True
XAGUSD,2,8,1,400,3.98,2.17,-10.63,0.75,True
XAGUSD,2,9,1,400,6.28,2.85,-8.32,0.88,True
XAGUSD,2,10,1,400,-0.59,-0.26,-14.01,0.5,False
XAGUSD,2,11,1,400,0.05,0.02,-14.56,0.62,False
XAGUSD,2,12,1,400,0.3,0.2,-14.31,0.62,False
XAGUSD,2,13,1,400,-2.49,-1.55,-12.12,0.88,True
XAGUSD,2,14,1,400,0.19,0.11,-14.41,0.5,False
XAGUSD,2,15,1,400,2.89,0.93,-11.72,0.62,True
XAGUSD,2,16,1,400,1.08,0.31,-13.53,0.5,False
XAGUSD,2,17,1,400,-1.96,-0.65,-12.65,0.62,True
XAGUSD,2,18,1,400,0.96,0.44,-13.65,0.75,False
XAGUSD,2,19,1,400,-0.22,-0.12,-14.39,0.5,False
XAGUSD,2,20,1,400,-2.63,-1.28,-11.97,0.75,True
XAGUSD,2,21,1,399,4.33,1.36,-10.28,0.62,True
XAGUSD,2,22,1,398,-2.37,-0.99,-12.24,0.5,False
XAGUSD,2,23,1,398,0.07,0.06,-14.53,0.5,False
XAGUSD,3,1,1,401,10.58,6.04,-4.03,1.0,True
XAGUSD,3,2,1,402,1.55,1.05,-13.05,0.62,False
XAGUSD,3,3,1,402,-0.78,-0.32,-13.83,0.5,False
XAGUSD,3,4,1,402,-8.38,-1.87,-6.23,0.88,True
XAGUSD,3,5,1,402,-2.34,-1.19,-12.27,0.75,True
XAGUSD,3,6,1,402,-0.12,-0.1,-14.49,0.5,False
XAGUSD,3,7,1,402,0.49,0.33,-14.12,0.62,False
XAGUSD,3,8,1,402,-0.15,-0.07,-14.45,0.62,False
XAGUSD,3,9,1,402,1.3,0.67,-13.31,0.62,True
XAGUSD,3,10,1,402,0.33,0.16,-14.28,0.75,False
XAGUSD,3,11,1,402,0.22,0.13,-14.39,0.38,False
XAGUSD,3,12,1,402,1.43,0.94,-13.17,0.62,True
XAGUSD,3,13,1,402,-1.65,-0.94,-12.95,0.62,True
XAGUSD,3,14,1,402,-0.39,-0.19,-14.22,0.5,False
XAGUSD,3,15,1,402,-3.81,-1.03,-10.79,0.62,True
XAGUSD,3,16,1,402,0.26,0.07,-14.35,0.38,False
XAGUSD,3,17,1,402,1.97,0.52,-12.64,0.5,False
XAGUSD,3,18,1,402,-1.5,-0.45,-13.11,0.75,True
XAGUSD,3,19,1,402,1.06,0.49,-13.55,0.75,False
XAGUSD,3,20,1,398,2.0,1.12,-12.61,0.62,True
XAGUSD,3,21,1,395,0.58,0.32,-14.03,0.62,False
XAGUSD,3,22,1,391,1.77,0.93,-12.84,0.75,True
XAGUSD,3,23,1,391,-0.59,-0.41,-14.02,0.38,True
XAGUSD,4,1,1,393,6.74,3.22,-7.87,0.88,True
XAGUSD,4,2,1,393,1.54,0.95,-13.07,0.62,True
XAGUSD,4,3,1,393,-0.34,-0.16,-14.27,0.5,False
XAGUSD,4,4,1,393,2.24,0.92,-12.37,0.62,True
XAGUSD,4,5,1,393,-0.81,-0.48,-13.8,0.5,False
XAGUSD,4,6,1,393,1.46,1.03,-13.15,0.5,False
XAGUSD,4,7,1,393,2.94,1.66,-11.67,0.75,True
XAGUSD,4,8,1,393,-0.76,-0.33,-13.85,0.5,True
XAGUSD,4,9,1,393,2.66,1.19,-11.95,0.62,True
XAGUSD,4,10,1,393,2.89,1.34,-11.72,0.62,True
XAGUSD,4,11,1,393,-1.55,-0.69,-13.05,0.5,True
XAGUSD,4,12,1,393,0.6,0.35,-14.0,0.5,False
XAGUSD,4,13,1,393,-2.11,-1.2,-12.5,0.62,True
XAGUSD,4,14,1,393,-3.2,-1.7,-11.41,0.62,True
XAGUSD,4,15,1,393,2.72,0.71,-11.89,0.62,True
XAGUSD,4,16,1,393,-0.62,-0.18,-13.99,0.62,False
XAGUSD,4,17,1,393,2.04,0.55,-12.57,0.62,False
XAGUSD,4,18,1,393,-4.06,-1.33,-10.55,0.75,True
XAGUSD,4,19,1,393,-5.28,-1.59,-9.32,0.88,True
XAGUSD,4,20,1,389,0.42,0.23,-14.19,0.62,False
XAGUSD,4,21,1,384,2.58,1.54,-12.03,0.75,True
XAGUSD,4,22,1,382,-2.23,-1.47,-12.38,0.88,True
XAGUSD,4,23,1,382,4.99,4.07,-9.62,1.0,True
XAGUSD,all,1,2,1996,13.16,10.58,-1.45,1.0,True
XAGUSD,all,2,2,1997,2.65,2.09,-11.96,0.62,True
XAGUSD,all,3,2,1997,-0.21,-0.12,-14.4,0.75,False
XAGUSD,all,4,2,1997,-2.08,-1.29,-12.53,0.62,True
XAGUSD,all,5,2,1997,-0.35,-0.35,-14.25,0.62,False
XAGUSD,all,6,2,1997,1.07,1.13,-13.54,0.75,False
XAGUSD,all,7,2,1997,-0.11,-0.09,-14.5,0.5,False
XAGUSD,all,8,2,1997,1.92,1.37,-12.69,0.75,True
XAGUSD,all,9,2,1997,3.63,2.55,-10.97,0.88,True
XAGUSD,all,10,2,1997,1.09,0.8,-13.52,0.62,True
XAGUSD,all,11,2,1997,-0.8,-0.68,-13.81,0.38,True
XAGUSD,all,12,2,1997,-2.75,-2.51,-11.85,0.75,True
XAGUSD,all,13,2,1997,-1.78,-1.45,-12.83,0.75,False
XAGUSD,all,14,2,1997,0.92,0.51,-13.69,0.75,False
XAGUSD,all,15,2,1997,-0.33,-0.15,-14.28,0.5,False
XAGUSD,all,16,2,1997,-0.75,-0.33,-13.86,0.5,False
XAGUSD,all,17,2,1997,0.18,0.09,-14.43,0.38,False
XAGUSD,all,18,2,1997,-0.36,-0.22,-14.24,0.62,False
XAGUSD,all,19,2,1978,-0.02,-0.01,-14.59,0.5,False
XAGUSD,all,20,2,1961,1.9,1.45,-12.7,0.88,True
XAGUSD,all,21,2,1934,1.14,0.89,-13.46,0.75,True
XAGUSD,all,22,2,1934,-0.02,-0.02,-14.59,0.5,False
XAGUSD,0,1,2,399,11.86,3.21,-2.75,0.88,True
XAGUSD,0,2,2,399,4.35,1.12,-10.26,0.62,True
XAGUSD,0,3,2,399,3.86,0.95,-10.75,0.5,True
XAGUSD,0,4,2,399,0.32,0.07,-14.29,0.38,False
XAGUSD,0,5,2,399,0.56,0.23,-14.05,0.38,False
XAGUSD,0,6,2,399,1.22,0.6,-13.39,0.75,True
XAGUSD,0,7,2,399,-0.99,-0.3,-13.62,0.5,False
XAGUSD,0,8,2,399,-0.69,-0.23,-13.92,0.62,False
XAGUSD,0,9,2,399,2.6,0.81,-12.01,0.62,False
XAGUSD,0,10,2,399,5.4,1.64,-9.21,0.75,True
XAGUSD,0,11,2,399,-0.58,-0.2,-14.03,0.38,False
XAGUSD,0,12,2,399,-8.2,-2.7,-6.41,0.75,True
XAGUSD,0,13,2,399,1.65,0.43,-12.96,0.38,False
XAGUSD,0,14,2,399,4.94,1.14,-9.67,0.5,True
XAGUSD,0,15,2,399,-2.37,-0.46,-12.23,0.5,False
XAGUSD,0,16,2,399,-4.04,-0.74,-10.56,0.62,False
XAGUSD,0,17,2,399,1.13,0.32,-13.48,0.62,False
XAGUSD,0,18,2,399,6.59,2.34,-8.02,0.75,True
XAGUSD,0,19,2,388,2.51,1.06,-12.09,0.75,True
XAGUSD,0,20,2,382,0.51,0.16,-14.1,0.38,False
XAGUSD,0,21,2,363,3.41,1.46,-11.19,0.62,True
XAGUSD,0,22,2,363,0.8,0.37,-13.81,0.75,True
XAGUSD,1,1,2,403,16.36,5.64,1.75,0.88,True
XAGUSD,1,2,2,403,2.01,0.83,-12.6,0.62,False
XAGUSD,1,3,2,403,0.65,0.19,-13.96,0.62,False
XAGUSD,1,4,2,403,0.04,0.01,-14.57,0.38,False
XAGUSD,1,5,2,403,-0.58,-0.22,-14.03,0.62,False
XAGUSD,1,6,2,403,-0.14,-0.05,-14.47,0.38,False
XAGUSD,1,7,2,403,-4.38,-1.55,-10.23,0.62,True
XAGUSD,1,8,2,403,-2.68,-0.83,-11.92,0.62,True
XAGUSD,1,9,2,403,3.0,0.91,-11.61,0.38,True
XAGUSD,1,10,2,403,-1.03,-0.34,-13.58,0.62,False
XAGUSD,1,11,2,403,-4.31,-1.47,-10.3,0.62,True
XAGUSD,1,12,2,403,-1.54,-0.7,-13.06,0.62,True
XAGUSD,1,13,2,403,-0.64,-0.3,-13.96,0.5,False
XAGUSD,1,14,2,403,1.33,0.37,-13.28,0.62,False
XAGUSD,1,15,2,403,-1.6,-0.34,-13.01,0.62,False
XAGUSD,1,16,2,403,-1.96,-0.39,-12.64,0.5,False
XAGUSD,1,17,2,403,2.21,0.5,-12.4,0.5,True
XAGUSD,1,18,2,403,0.46,0.14,-14.15,0.38,False
XAGUSD,1,19,2,403,2.23,0.78,-12.38,0.62,True
XAGUSD,1,20,2,401,1.86,0.71,-12.75,0.75,False
XAGUSD,1,21,2,400,-1.97,-0.82,-12.63,0.5,False
XAGUSD,1,22,2,400,-2.23,-1.02,-12.38,0.62,False
XAGUSD,2,1,2,400,17.01,6.25,2.4,0.88,True
XAGUSD,2,2,2,400,4.94,2.01,-9.67,0.75,True
XAGUSD,2,3,2,400,1.9,0.69,-12.71,0.38,False
XAGUSD,2,4,2,400,-1.33,-0.43,-13.28,0.38,False
XAGUSD,2,5,2,400,0.17,0.08,-14.44,0.38,False
XAGUSD,2,6,2,400,-0.36,-0.2,-14.24,0.62,False
XAGUSD,2,7,2,400,2.4,1.16,-12.21,0.62,True
XAGUSD,2,8,2,400,10.22,3.54,-4.39,0.88,True
XAGUSD,2,9,2,400,5.62,1.59,-8.99,0.75,True
XAGUSD,2,10,2,400,-0.69,-0.24,-13.92,0.38,False
XAGUSD,2,11,2,400,0.28,0.11,-14.32,0.62,False
XAGUSD,2,12,2,400,-2.22,-1.06,-12.38,0.62,True
XAGUSD,2,13,2,400,-2.52,-1.0,-12.09,0.75,False
XAGUSD,2,14,2,400,3.0,0.84,-11.6,0.75,True
XAGUSD,2,15,2,400,3.84,0.87,-10.77,0.75,True
XAGUSD,2,16,2,400,-1.1,-0.25,-13.5,0.62,False
XAGUSD,2,17,2,400,-0.99,-0.27,-13.62,0.5,False
XAGUSD,2,18,2,400,0.75,0.26,-13.86,0.5,False
XAGUSD,2,19,2,400,-2.89,-1.15,-11.71,0.62,True
XAGUSD,2,20,2,399,1.51,0.41,-13.1,0.62,False
XAGUSD,2,21,2,398,2.0,0.48,-12.61,0.5,False
XAGUSD,2,22,2,398,-2.28,-0.96,-12.33,0.5,True
XAGUSD,3,1,2,401,12.18,5.44,-2.42,1.0,True
XAGUSD,3,2,2,402,0.79,0.31,-13.82,0.62,False
XAGUSD,3,3,2,402,-9.21,-1.66,-5.4,0.88,True
XAGUSD,3,4,2,402,-10.71,-2.58,-3.89,1.0,True
XAGUSD,3,5,2,402,-2.49,-1.17,-12.12,0.62,True
XAGUSD,3,6,2,402,0.32,0.16,-14.29,0.5,True
XAGUSD,3,7,2,402,0.29,0.11,-14.32,0.5,False
XAGUSD,3,8,2,402,1.04,0.33,-13.57,0.5,True
XAGUSD,3,9,2,402,1.57,0.55,-13.04,0.38,False
XAGUSD,3,10,2,402,0.61,0.24,-14.0,0.75,True
XAGUSD,3,11,2,402,1.59,0.68,-13.01,0.75,True
XAGUSD,3,12,2,402,-0.24,-0.1,-14.37,0.62,False
XAGUSD,3,13,2,402,-2.09,-0.79,-12.51,0.62,False
XAGUSD,3,14,2,402,-4.18,-0.98,-10.43,0.5,True
XAGUSD,3,15,2,402,-3.56,-0.76,-11.05,0.5,True
XAGUSD,3,16,2,402,2.27,0.44,-12.33,0.75,True
XAGUSD,3,17,2,402,0.43,0.09,-14.18,0.25,False
XAGUSD,3,18,2,402,-0.41,-0.1,-14.19,0.38,False
XAGUSD,3,19,2,398,3.09,1.04,-11.51,0.62,False
XAGUSD,3,20,2,395,2.59,1.03,-12.02,0.62,True
XAGUSD,3,21,2,391,2.14,0.81,-12.47,0.5,True
XAGUSD,3,22,2,391,1.18,0.51,-13.42,0.5,True
XAGUSD,4,1,2,393,8.26,4.16,-6.35,1.0,True
XAGUSD,4,2,2,393,1.15,0.43,-13.46,0.5,False
XAGUSD,4,3,2,393,1.86,0.57,-12.75,0.62,False
XAGUSD,4,4,2,393,1.38,0.46,-13.23,0.5,True
XAGUSD,4,5,2,393,0.6,0.29,-14.01,0.5,True
XAGUSD,4,6,2,393,4.38,2.02,-10.23,0.62,True
XAGUSD,4,7,2,393,2.19,0.86,-12.42,0.5,True
XAGUSD,4,8,2,393,1.73,0.52,-12.88,0.62,True
XAGUSD,4,9,2,393,5.44,1.8,-9.17,0.75,True
XAGUSD,4,10,2,393,1.19,0.34,-13.42,0.62,True
XAGUSD,4,11,2,393,-0.95,-0.4,-13.66,0.5,True
XAGUSD,4,12,2,393,-1.57,-0.62,-13.03,0.5,False
XAGUSD,4,13,2,393,-5.35,-2.42,-9.26,0.75,True
XAGUSD,4,14,2,393,-0.48,-0.11,-14.13,0.5,False
XAGUSD,4,15,2,393,2.11,0.41,-12.5,0.5,False
XAGUSD,4,16,2,393,1.13,0.21,-13.48,0.38,False
XAGUSD,4,17,2,393,-1.93,-0.38,-12.68,0.75,False
XAGUSD,4,18,2,393,-9.35,-1.77,-5.26,1.0,True
XAGUSD,4,19,2,389,-5.1,-1.27,-9.5,0.62,True
XAGUSD,4,20,2,384,3.05,1.24,-11.56,0.75,True
XAGUSD,4,21,2,382,0.34,0.16,-14.27,0.5,False
XAGUSD,4,22,2,382,2.66,1.45,-11.95,0.88,False
XAGUSD,all,1,4,1996,12.89,6.28,-1.72,1.0,True
XAGUSD,all,2,4,1997,0.51,0.25,-14.1,0.62,True
XAGUSD,all,3,4,1997,-0.57,-0.29,-14.04,0.62,False
XAGUSD,all,4,4,1997,-1.04,-0.57,-13.57,0.5,True
XAGUSD,all,5,4,1997,-0.47,-0.29,-14.14,0.5,False
XAGUSD,all,6,4,1997,2.95,1.81,-11.66,0.75,True
XAGUSD,all,7,4,1997,3.44,1.86,-11.16,0.88,True
XAGUSD,all,8,4,1997,2.93,1.51,-11.68,0.88,True
XAGUSD,all,9,4,1997,2.77,1.49,-11.83,0.75,True
XAGUSD,all,10,4,1997,-1.7,-0.96,-12.91,0.62,True
XAGUSD,all,11,4,1997,-2.61,-1.49,-11.99,0.62,True
XAGUSD,all,12,4,1997,-1.9,-0.89,-12.71,0.75,False
XAGUSD,all,13,4,1997,-2.1,-0.85,-12.51,0.75,True
XAGUSD,all,14,4,1997,0.14,0.05,-14.47,0.38,False
XAGUSD,all,15,4,1997,-0.24,-0.08,-14.36,0.62,False
XAGUSD,all,16,4,1997,-1.07,-0.38,-13.54,0.5,True
XAGUSD,all,17,4,1978,0.12,0.05,-14.49,0.62,False
XAGUSD,all,18,4,1961,1.34,0.66,-13.27,0.62,True
XAGUSD,all,19,4,1934,0.88,0.47,-13.73,0.5,True
XAGUSD,all,20,4,1934,1.89,1.1,-12.72,0.75,True
XAGUSD,0,1,4,399,15.67,2.99,1.06,0.88,True
XAGUSD,0,2,4,399,4.62,0.94,-9.99,0.62,True
XAGUSD,0,3,4,399,4.42,0.92,-10.19,0.5,True
XAGUSD,0,4,4,399,1.49,0.31,-13.11,0.5,False
XAGUSD,0,5,4,399,-0.45,-0.1,-14.16,0.62,False
XAGUSD,0,6,4,399,0.42,0.12,-14.19,0.62,False
XAGUSD,0,7,4,399,1.54,0.39,-13.06,0.5,False
XAGUSD,0,8,4,399,4.64,1.09,-9.96,0.62,True
XAGUSD,0,9,4,399,1.99,0.4,-12.62,0.62,False
XAGUSD,0,10,4,399,-2.83,-0.55,-11.77,0.5,False
XAGUSD,0,11,4,399,1.0,0.18,-13.6,0.5,False
XAGUSD,0,12,4,399,-3.26,-0.57,-11.35,0.5,True
XAGUSD,0,13,4,399,-0.63,-0.1,-13.98,0.62,False
XAGUSD,0,14,4,399,0.88,0.13,-13.73,0.5,False
XAGUSD,0,15,4,399,-1.1,-0.16,-13.51,0.62,False
XAGUSD,0,16,4,399,2.6,0.44,-12.0,0.62,False
XAGUSD,0,17,4,388,3.49,0.88,-11.11,0.62,True
XAGUSD,0,18,4,382,7.38,1.95,-7.23,0.62,True
XAGUSD,0,19,4,363,5.62,1.6,-8.99,0.5,True
XAGUSD,0,20,4,363,1.35,0.31,-13.26,0.5,True
XAGUSD,1,1,4,403,16.91,3.85,2.3,0.88,True
XAGUSD,1,2,4,403,1.94,0.49,-12.67,0.75,False
XAGUSD,1,3,4,403,0.1,0.03,-14.51,0.62,False
XAGUSD,1,4,4,403,-0.1,-0.03,-14.51,0.5,False
XAGUSD,1,5,4,403,-4.89,-1.29,-9.72,0.62,True
XAGUSD,1,6,4,403,-2.82,-0.72,-11.79,0.62,True
XAGUSD,1,7,4,403,-1.4,-0.32,-13.21,0.5,False
XAGUSD,1,8,4,403,-3.78,-0.86,-10.83,0.5,True
XAGUSD,1,9,4,403,-1.38,-0.32,-13.23,0.75,True
XAGUSD,1,10,4,403,-2.61,-0.65,-12.0,0.62,True
XAGUSD,1,11,4,403,-4.97,-1.51,-9.64,0.75,True
XAGUSD,1,12,4,403,-0.22,-0.05,-14.39,0.5,False
XAGUSD,1,13,4,403,-2.23,-0.42,-12.38,0.62,True
XAGUSD,1,14,4,403,-0.67,-0.11,-13.93,0.38,False
XAGUSD,1,15,4,403,0.46,0.07,-14.15,0.62,False
XAGUSD,1,16,4,403,-1.43,-0.24,-13.18,0.5,False
XAGUSD,1,17,4,403,4.46,0.83,-10.15,0.5,True
XAGUSD,1,18,4,401,2.17,0.56,-12.44,0.5,False
XAGUSD,1,19,4,400,0.27,0.07,-14.34,0.75,False
XAGUSD,1,20,4,400,-0.38,-0.11,-14.23,0.38,False
XAGUSD,2,1,4,400,18.93,4.75,4.32,1.0,True
XAGUSD,2,2,4,400,3.54,0.85,-11.07,0.5,False
XAGUSD,2,3,4,400,2.03,0.54,-12.57,0.38,False
XAGUSD,2,4,4,400,-1.68,-0.46,-12.93,0.5,False
XAGUSD,2,5,4,400,2.58,0.87,-12.02,0.75,False
XAGUSD,2,6,4,400,9.8,2.93,-4.81,0.88,True
XAGUSD,2,7,4,400,7.97,1.96,-6.63,0.75,True
XAGUSD,2,8,4,400,9.46,2.37,-5.15,0.88,True
XAGUSD,2,9,4,400,5.76,1.41,-8.85,0.62,True
XAGUSD,2,10,4,400,-2.97,-0.87,-11.64,0.5,False
XAGUSD,2,11,4,400,-2.27,-0.67,-12.34,0.75,True
XAGUSD,2,12,4,400,0.55,0.13,-14.05,0.62,True
XAGUSD,2,13,4,400,1.24,0.24,-13.37,0.75,False
XAGUSD,2,14,4,400,1.77,0.33,-12.84,0.75,False
XAGUSD,2,15,4,400,2.62,0.48,-11.98,0.75,True
XAGUSD,2,16,4,400,-0.35,-0.07,-14.26,0.75,True
XAGUSD,2,17,4,400,-3.88,-0.86,-10.73,0.5,False
XAGUSD,2,18,4,399,1.77,0.41,-12.84,0.75,False
XAGUSD,2,19,4,398,-1.26,-0.28,-13.35,0.25,False
XAGUSD,2,20,4,398,-0.78,-0.18,-13.82,0.25,False
XAGUSD,3,1,4,401,2.82,0.53,-11.78,0.62,True
XAGUSD,3,2,4,402,-9.98,-1.92,-4.63,0.88,True
XAGUSD,3,3,4,402,-11.69,-2.14,-2.91,0.88,True
XAGUSD,3,4,4,402,-10.43,-2.33,-4.18,0.88,True
XAGUSD,3,5,4,402,-2.25,-0.64,-12.36,0.5,True
XAGUSD,3,6,4,402,1.31,0.36,-13.3,0.5,True
XAGUSD,3,7,4,402,1.75,0.42,-12.86,0.38,False
XAGUSD,3,8,4,402,1.58,0.38,-13.03,0.5,True
XAGUSD,3,9,4,402,3.21,0.92,-11.4,0.62,True
XAGUSD,3,10,4,402,0.31,0.09,-14.3,0.5,False
XAGUSD,3,11,4,402,-0.52,-0.14,-14.09,0.5,False
XAGUSD,3,12,4,402,-4.47,-0.93,-10.14,0.62,True
XAGUSD,3,13,4,402,-5.63,-1.05,-8.97,0.62,False
XAGUSD,3,14,4,402,-1.91,-0.31,-12.7,0.38,False
XAGUSD,3,15,4,402,-3.08,-0.48,-11.53,0.38,True
XAGUSD,3,16,4,402,1.82,0.29,-12.79,0.62,False
XAGUSD,3,17,4,398,3.48,0.65,-11.13,0.75,False
XAGUSD,3,18,4,395,2.13,0.48,-12.48,0.38,True
XAGUSD,3,19,4,391,5.31,1.32,-9.3,0.75,True
XAGUSD,3,20,4,391,3.7,1.0,-10.91,0.62,True
XAGUSD,4,1,4,393,10.06,2.71,-4.55,0.88,True
XAGUSD,4,2,4,393,2.49,0.56,-12.12,0.5,True
XAGUSD,4,3,4,393,2.41,0.63,-12.19,0.5,False
XAGUSD,4,4,4,393,5.71,1.54,-8.9,0.88,True
XAGUSD,4,5,4,393,2.77,0.89,-11.84,0.62,True
XAGUSD,4,6,4,393,6.12,1.65,-8.49,0.75,True
XAGUSD,4,7,4,393,7.47,1.8,-7.14,0.88,True
XAGUSD,4,8,4,393,2.81,0.57,-11.79,0.75,True
XAGUSD,4,9,4,393,4.34,1.12,-10.26,0.62,True
XAGUSD,4,10,4,393,-0.38,-0.11,-14.22,0.38,False
XAGUSD,4,11,4,393,-6.37,-1.88,-8.24,0.62,True
XAGUSD,4,12,4,393,-2.09,-0.44,-12.52,0.5,False
XAGUSD,4,13,4,393,-3.24,-0.57,-11.37,0.62,False
XAGUSD,4,14,4,393,0.65,0.1,-13.95,0.38,False
XAGUSD,4,15,4,393,-0.11,-0.01,-14.5,0.5,False
XAGUSD,4,16,4,393,-8.13,-1.02,-6.48,0.88,True
XAGUSD,4,17,4,389,-7.08,-0.97,-7.52,0.75,True
XAGUSD,4,18,4,384,-6.78,-1.14,-7.82,0.62,True
XAGUSD,4,19,4,382,-5.29,-1.12,-9.32,0.5,True
XAGUSD,4,20,4,382,5.71,1.82,-8.9,0.75,True
XAGUSD,all,1,8,1996,12.42,4.94,-2.18,1.0,True
XAGUSD,all,2,8,1997,3.43,1.37,-11.18,0.62,True
XAGUSD,all,3,8,1997,2.87,1.07,-11.74,0.62,True
XAGUSD,all,4,8,1997,1.86,0.72,-12.75,0.62,True
XAGUSD,all,5,8,1997,2.23,0.93,-12.38,0.62,True
XAGUSD,all,6,8,1997,1.17,0.47,-13.44,0.5,False
XAGUSD,all,7,8,1997,0.77,0.29,-13.84,0.5,False
XAGUSD,all,8,8,1997,1.0,0.33,-13.61,0.38,False
XAGUSD,all,9,8,1997,0.64,0.21,-13.97,0.62,False
XAGUSD,all,10,8,1997,-1.63,-0.5,-12.98,0.5,True
XAGUSD,all,11,8,1997,-2.85,-0.85,-11.76,0.62,True
XAGUSD,all,12,8,1997,-3.0,-0.88,-11.61,0.62,True
XAGUSD,all,13,8,1978,-2.03,-0.57,-12.58,0.75,True
XAGUSD,all,14,8,1961,1.48,0.42,-13.12,0.62,True
XAGUSD,all,15,8,1934,0.07,0.02,-14.53,0.62,False
XAGUSD,all,16,8,1934,-0.11,-0.03,-14.5,0.5,False
XAGUSD,0,1,8,399,15.21,2.2,0.61,0.88,True
XAGUSD,0,2,8,399,5.0,0.8,-9.61,0.5,True
XAGUSD,0,3,8,399,5.94,1.0,-8.67,0.38,True
XAGUSD,0,4,8,399,6.03,1.14,-8.57,0.62,False
XAGUSD,0,5,8,399,1.47,0.27,-13.14,0.38,False
XAGUSD,0,6,8,399,-2.48,-0.39,-12.13,0.5,False
XAGUSD,0,7,8,399,2.51,0.35,-12.1,0.62,False
XAGUSD,0,8,8,399,1.35,0.17,-13.26,0.38,False
XAGUSD,0,9,8,399,1.29,0.17,-13.32,0.62,False
XAGUSD,0,10,8,399,-1.96,-0.24,-12.65,0.5,True
XAGUSD,0,11,8,399,0.0,0.0,-14.61,0.38,False
XAGUSD,0,12,8,399,-0.67,-0.09,-13.94,0.62,False
XAGUSD,0,13,8,388,2.86,0.37,-11.75,0.5,True
XAGUSD,0,14,8,382,7.32,1.0,-7.28,0.62,True
XAGUSD,0,15,8,363,2.31,0.32,-12.3,0.62,False
XAGUSD,0,16,8,363,2.16,0.33,-12.45,0.62,False
XAGUSD,1,1,8,403,12.04,2.32,-2.57,0.75,True
XAGUSD,1,2,8,403,-0.88,-0.17,-13.72,0.75,False
XAGUSD,1,3,8,403,-1.24,-0.2,-13.37,0.5,False
XAGUSD,1,4,8,403,-3.88,-0.65,-10.73,0.5,False
XAGUSD,1,5,8,403,-6.28,-1.04,-8.32,0.75,True
XAGUSD,1,6,8,403,-5.49,-0.9,-9.11,0.5,True
XAGUSD,1,7,8,403,-6.43,-1.14,-8.18,0.38,True
XAGUSD,1,8,8,403,-4.03,-0.66,-10.58,0.38,True
XAGUSD,1,9,8,403,-3.62,-0.54,-10.99,0.5,True
XAGUSD,1,10,8,403,-3.28,-0.48,-11.32,0.5,True
XAGUSD,1,11,8,403,-4.49,-0.64,-10.11,0.5,True
XAGUSD,1,12,8,403,-1.69,-0.23,-12.92,0.5,False
XAGUSD,1,13,8,403,2.08,0.28,-12.52,0.75,False
XAGUSD,1,14,8,401,1.34,0.18,-13.27,0.62,False
XAGUSD,1,15,8,400,0.42,0.05,-14.19,0.62,False
XAGUSD,1,16,8,400,-2.07,-0.3,-12.54,0.5,False
XAGUSD,2,1,8,400,21.48,3.98,6.87,0.88,True
XAGUSD,2,2,8,400,13.35,2.66,-1.26,0.75,True
XAGUSD,2,3,8,400,10.03,1.88,-4.58,0.62,True
XAGUSD,2,4,8,400,7.72,1.52,-6.89,0.75,True
XAGUSD,2,5,8,400,8.3,1.77,-6.3,0.88,True
XAGUSD,2,6,8,400,6.76,1.4,-7.85,0.75,True
XAGUSD,2,7,8,400,5.57,1.17,-9.04,0.75,True
XAGUSD,2,8,8,400,9.95,1.8,-4.65,0.88,True
XAGUSD,2,9,8,400,6.97,1.15,-7.64,0.62,True
XAGUSD,2,10,8,400,-1.42,-0.23,-13.18,0.38,True
XAGUSD,2,11,8,400,0.28,0.04,-14.33,0.75,False
XAGUSD,2,12,8,400,0.08,0.01,-14.53,0.62,False
XAGUSD,2,13,8,400,-2.86,-0.42,-11.74,0.38,True
XAGUSD,2,14,8,399,4.07,0.59,-10.53,0.62,True
XAGUSD,2,15,8,398,1.47,0.21,-13.14,0.62,False
XAGUSD,2,16,8,398,-1.38,-0.22,-13.22,0.62,False
XAGUSD,3,1,8,401,0.65,0.12,-13.96,0.62,False
XAGUSD,3,2,8,402,-8.7,-1.56,-5.9,0.75,True
XAGUSD,3,3,8,402,-10.0,-1.68,-4.61,0.62,True
XAGUSD,3,4,8,402,-8.9,-1.5,-5.71,0.5,True
XAGUSD,3,5,8,402,0.85,0.16,-13.76,0.5,False
XAGUSD,3,6,8,402,1.55,0.29,-13.06,0.5,True
XAGUSD,3,7,8,402,1.28,0.22,-13.33,0.62,False
XAGUSD,3,8,8,402,-2.96,-0.42,-11.65,0.62,False
XAGUSD,3,9,8,402,-2.44,-0.37,-12.17,0.62,False
XAGUSD,3,10,8,402,-1.66,-0.23,-12.95,0.5,False
XAGUSD,3,11,8,402,-3.58,-0.47,-11.03,0.62,True
XAGUSD,3,12,8,402,-2.65,-0.36,-11.95,0.5,True
XAGUSD,3,13,8,398,-1.91,-0.26,-12.7,0.62,True
XAGUSD,3,14,8,395,0.25,0.03,-14.36,0.62,False
XAGUSD,3,15,8,391,2.0,0.26,-12.61,0.75,True
XAGUSD,3,16,8,391,5.11,0.67,-9.5,0.62,True
XAGUSD,4,1,8,393,12.78,2.47,-1.82,0.88,True
XAGUSD,4,2,8,393,8.56,1.44,-6.05,0.75,True
XAGUSD,4,3,8,393,9.86,1.57,-4.75,0.62,True
XAGUSD,4,4,8,393,8.54,1.31,-6.07,0.88,True
XAGUSD,4,5,8,393,6.95,1.28,-7.66,0.75,True
XAGUSD,4,6,8,393,5.63,1.09,-8.98,0.75,False
XAGUSD,4,7,8,393,0.96,0.17,-13.65,0.75,False
XAGUSD,4,8,8,393,0.72,0.1,-13.88,0.75,False
XAGUSD,4,9,8,393,1.04,0.15,-13.57,0.62,False
XAGUSD,4,10,8,393,0.23,0.03,-14.37,0.5,False
XAGUSD,4,11,8,393,-6.48,-0.76,-8.13,0.88,True
XAGUSD,4,12,8,393,-10.21,-1.11,-4.4,0.88,True
XAGUSD,4,13,8,389,-10.42,-1.06,-4.18,0.75,True
XAGUSD,4,14,8,384,-5.59,-0.55,-9.01,0.62,True
XAGUSD,4,15,8,382,-5.83,-0.59,-8.78,0.75,True
XAGUSD,4,16,8,382,-4.23,-0.49,-10.37,0.62,False
EURUSD,all,0,1,2005,1.07,9.8,-1.18,1.0,True
EURUSD,all,1,1,2007,1.5,11.12,-0.74,1.0,True
EURUSD,all,2,1,2007,-0.16,-1.16,-2.08,0.62,False
EURUSD,all,3,1,2007,0.06,0.33,-2.18,0.5,False
EURUSD,all,4,1,2007,0.07,0.44,-2.17,0.5,False
EURUSD,all,5,1,2007,0.06,0.5,-2.18,0.5,True
EURUSD,all,6,1,2007,-0.02,-0.19,-2.22,0.5,True
EURUSD,all,7,1,2007,-0.1,-0.88,-2.14,0.62,True
EURUSD,all,8,1,2007,0.04,0.28,-2.2,0.38,True
EURUSD,all,9,1,2007,-0.28,-1.33,-1.96,0.75,True
EURUSD,all,10,1,2007,0.67,2.35,-1.57,0.62,True
EURUSD,all,11,1,2007,-0.29,-1.25,-1.95,0.88,True
EURUSD,all,12,1,2007,-0.04,-0.21,-2.2,0.5,False
EURUSD,all,13,1,2007,-0.4,-1.94,-1.84,0.88,True
EURUSD,all,14,1,2007,-1.03,-4.89,-1.21,0.75,True
EURUSD,all,15,1,2007,0.78,2.08,-1.46,1.0,True
EURUSD,all,16,1,2007,0.13,0.44,-2.11,0.75,True
EURUSD,all,17,1,2007,-0.18,-0.51,-2.06,0.75,False
EURUSD,all,18,1,2007,-0.27,-1.08,-1.97,0.62,True
EURUSD,all,19,1,2007,-0.3,-1.54,-1.94,0.75,False
EURUSD,all,20,1,2007,0.05,0.26,-2.19,0.62,False
EURUSD,all,21,1,2007,0.34,1.51,-1.9,0.62,True
EURUSD,all,22,1,2007,0.06,0.42,-2.18,0.5,False
EURUSD,all,23,1,2007,-0.27,-2.69,-1.97,0.62,False
EURUSD,0,0,1,398,1.75,4.54,-0.49,0.88,True
EURUSD,0,1,1,400,1.52,3.4,-0.73,1.0,True
EURUSD,0,2,1,400,0.33,1.07,-1.91,0.62,False
EURUSD,0,3,1,400,-0.07,-0.13,-2.17,0.38,False
EURUSD,0,4,1,400,0.63,1.49,-1.61,0.5,False
EURUSD,0,5,1,400,0.09,0.28,-2.15,0.5,False
EURUSD,0,6,1,400,-0.15,-0.66,-2.09,0.5,False
EURUSD,0,7,1,400,0.29,1.18,-1.95,0.88,True
EURUSD,0,8,1,400,0.2,0.58,-2.04,0.5,False
EURUSD,0,9,1,400,-0.63,-1.25,-1.61,0.75,True
EURUSD,0,10,1,400,0.53,0.76,-1.71,0.62,False
EURUSD,0,11,1,400,0.52,1.01,-1.72,0.75,True
EURUSD,0,12,1,400,0.27,0.5,-1.97,0.62,True
EURUSD,0,13,1,400,0.42,0.92,-1.82,0.88,True
EURUSD,0,14,1,400,-0.32,-0.7,-1.92,0.75,True
EURUSD,0,15,1,400,1.19,1.93,-1.05,1.0,True
EURUSD,0,16,1,400,-0.28,-0.49,-1.96,0.5,False
EURUSD,0,17,1,400,-0.56,-0.88,-1.68,0.75,True
EURUSD,0,18,1,400,0.13,0.26,-2.11,0.38,True
EURUSD,0,19,1,400,0.11,0.3,-2.13,0.62,False
EURUSD,0,20,1,400,-0.12,-0.38,-2.12,0.62,False
EURUSD,0,21,1,400,0.16,0.46,-2.08,0.5,False
EURUSD,0,22,1,400,-0.44,-1.47,-1.8,0.88,True
EURUSD,0,23,1,400,0.09,0.42,-2.15,0.62,False
EURUSD,1,0,1,403,0.73,5.08,-1.51,1.0,True
EURUSD,1,1,1,403,1.27,4.79,-0.97,0.88,True
EURUSD,1,2,1,403,-0.2,-0.75,-2.04,0.75,False
EURUSD,1,3,1,403,0.02,0.05,-2.22,0.38,False
EURUSD,1,4,1,403,-0.27,-0.88,-1.97,0.62,True
EURUSD,1,5,1,403,0.4,1.45,-1.84,0.62,True
EURUSD,1,6,1,403,0.01,0.05,-2.23,0.25,False
EURUSD,1,7,1,403,-0.42,-1.78,-1.82,0.62,True
EURUSD,1,8,1,403,-0.36,-1.24,-1.88,0.75,False
EURUSD,1,9,1,403,-0.2,-0.4,-2.04,0.62,True
EURUSD,1,10,1,403,1.76,2.7,-0.48,0.88,True
EURUSD,1,11,1,403,-0.54,-0.97,-1.7,0.5,False
EURUSD,1,12,1,403,-0.09,-0.21,-2.15,0.5,False
EURUSD,1,13,1,403,-0.45,-1.02,-1.79,0.75,True
EURUSD,1,14,1,403,-0.95,-2.13,-1.29,0.88,True
EURUSD,1,15,1,403,-0.08,-0.1,-2.16,0.62,True
EURUSD,1,16,1,403,0.69,1.08,-1.55,0.62,True
EURUSD,1,17,1,403,-1.01,-1.3,-1.23,0.62,True
EURUSD,1,18,1,403,-0.49,-0.95,-1.76,0.88,True
EURUSD,1,19,1,403,0.05,0.11,-2.19,0.62,False
EURUSD,1,20,1,403,0.13,0.3,-2.11,0.75,False
EURUSD,1,21,1,403,0.39,1.09,-1.85,0.38,True
EURUSD,1,22,1,403,0.33,1.18,-1.91,0.62,True
EURUSD,1,23,1,403,-0.28,-1.34,-1.96,0.5,False
EURUSD,2,0,1,400,0.64,2.97,-1.6,0.62,True
EURUSD,2,1,1,400,1.58,5.55,-0.67,1.0,True
EURUSD,2,2,1,400,-0.67,-1.87,-1.57,0.62,True
EURUSD,2,3,1,400,0.05,0.14,-2.19,0.5,False
EURUSD,2,4,1,400,-0.58,-1.62,-1.66,0.75,True
EURUSD,2,5,1,400,0.07,0.27,-2.17,0.62,True
EURUSD,2,6,1,400,0.04,0.19,-2.2,0.62,False
EURUSD,2,7,1,400,0.21,0.78,-2.03,0.62,True
EURUSD,2,8,1,400,0.25,0.82,-1.99,0.75,True
EURUSD,2,9,1,400,-0.4,-0.82,-1.84,0.75,False
EURUSD,2,10,1,400,-0.07,-0.13,-2.17,0.5,False
EURUSD,2,11,1,400,0.48,1.0,-1.76,0.75,True
EURUSD,2,12,1,400,0.13,0.28,-2.11,0.5,False
EURUSD,2,13,1,400,-1.41,-2.94,-0.83,0.62,True
EURUSD,2,14,1,400,-0.98,-2.2,-1.26,0.88,True
EURUSD,2,15,1,400,1.16,1.56,-1.08,0.75,True
EURUSD,2,16,1,400,0.39,0.59,-1.85,0.62,True
EURUSD,2,17,1,400,0.19,0.24,-2.05,0.38,False
EURUSD,2,18,1,400,-0.15,-0.3,-2.09,0.5,False
EURUSD,2,19,1,400,-0.44,-1.06,-1.81,0.75,True
EURUSD,2,20,1,400,-0.04,-0.1,-2.2,0.62,False
EURUSD,2,21,1,400,0.78,0.89,-1.46,0.38,True
EURUSD,2,22,1,400,-0.55,-1.25,-1.69,0.75,False
EURUSD,2,23,1,400,-0.25,-1.03,-1.99,0.5,False
EURUSD,3,0,1,402,1.28,7.25,-0.96,1.0,True
EURUSD,3,1,1,402,1.86,8.1,-0.38,1.0,True
EURUSD,3,2,1,402,0.05,0.14,-2.19,0.62,False
EURUSD,3,3,1,402,0.26,0.69,-1.98,0.62,False
EURUSD,3,4,1,402,0.15,0.44,-2.09,0.62,False
EURUSD,3,5,1,402,-0.32,-1.11,-1.92,0.75,True
EURUSD,3,6,1,402,-0.24,-1.01,-2.0,0.62,True
EURUSD,3,7,1,402,-0.19,-0.86,-2.05,0.75,True
EURUSD,3,8,1,402,-0.2,-0.76,-2.04,0.62,True
EURUSD,3,9,1,402,0.06,0.13,-2.18,0.5,False
EURUSD,3,10,1,402,0.73,1.22,-1.51,0.62,True
EURUSD,3,11,1,402,-0.71,-1.37,-1.53,0.75,True
EURUSD,3,12,1,402,-0.26,-0.54,-1.98,0.62,False
EURUSD,3,13,1,402,-0.5,-1.15,-1.74,0.62,False
EURUSD,3,14,1,402,-0.96,-1.83,-1.28,0.75,True
EURUSD,3,15,1,402,0.6,0.59,-1.64,0.62,False
EURUSD,3,16,1,402,0.07,0.08,-2.17,0.75,True
EURUSD,3,17,1,402,-0.8,-0.97,-1.44,0.62,True
EURUSD,3,18,1,402,-0.68,-1.01,-1.56,0.62,True
EURUSD,3,19,1,402,-0.76,-1.56,-1.48,0.75,False
EURUSD,3,20,1,402,0.76,1.68,-1.48,0.62,True
EURUSD,3,21,1,402,-0.07,-0.18,-2.17,0.5,True
EURUSD,3,22,1,402,0.55,1.62,-1.69,0.88,True
EURUSD,3,23,1,402,0.13,0.58,-2.11,0.62,False
EURUSD,4,0,1,402,0.93,4.2,-1.31,0.75,True
EURUSD,4,1,1,402,1.27,5.51,-0.97,1.0,True
EURUSD,4,2,1,402,-0.31,-1.12,-1.93,0.62,True
EURUSD,4,3,1,402,0.02,0.07,-2.22,0.38,False
EURUSD,4,4,1,402,0.43,1.19,-1.81,0.5,False
EURUSD,4,5,1,402,0.07,0.3,-2.17,0.62,True
EURUSD,4,6,1,402,0.24,0.96,-2.0,0.5,True
EURUSD,4,7,1,402,-0.36,-1.54,-1.88,0.88,True
EURUSD,4,8,1,402,0.3,1.04,-1.94,0.75,True
EURUSD,4,9,1,402,-0.27,-0.63,-1.97,0.5,False
EURUSD,4,10,1,402,0.4,0.6,-1.85,0.5,False
EURUSD,4,11,1,402,-1.2,-2.22,-1.04,0.88,True
EURUSD,4,12,1,402,-0.26,-0.55,-1.98,0.62,False
EURUSD,4,13,1,402,-0.04,-0.09,-2.2,0.25,True
EURUSD,4,14,1,402,-1.92,-4.14,-0.32,0.88,True
EURUSD,4,15,1,402,1.03,1.06,-1.21,0.88,True
EURUSD,4,16,1,402,-0.22,-0.34,-2.02,0.62,True
EURUSD,4,17,1,402,1.3,1.5,-0.94,0.62,True
EURUSD,4,18,1,402,-0.18,-0.29,-2.06,0.5,True
EURUSD,4,19,1,402,-0.46,-1.08,-1.78,0.62,False
EURUSD,4,20,1,402,-0.49,-1.29,-1.75,0.5,False
EURUSD,4,21,1,402,0.44,1.41,-1.8,0.75,True
EURUSD,4,22,1,402,0.42,1.39,-1.82,0.62,False
EURUSD,4,23,1,402,-1.04,-4.52,-1.2,1.0,True
EURUSD,all,0,2,2005,2.65,15.61,0.41,1.0,True
EURUSD,all,1,2,2007,1.36,7.22,-0.89,1.0,True
EURUSD,all,2,2,2007,-0.1,-0.44,-2.14,0.62,False
EURUSD,all,3,2,2007,0.13,0.59,-2.11,0.5,True
EURUSD,all,4,2,2007,0.13,0.68,-2.11,0.5,False
EURUSD,all,5,2,2007,0.04,0.28,-2.2,0.5,False
EURUSD,all,6,2,2007,-0.12,-0.79,-2.12,0.75,True
EURUSD,all,7,2,2007,-0.06,-0.33,-2.18,0.75,False
EURUSD,all,8,2,2007,-0.25,-1.02,-1.99,0.75,False
EURUSD,all,9,2,2007,0.39,1.1,-1.85,0.62,True
EURUSD,all,10,2,2007,0.38,1.02,-1.86,0.5,False
EURUSD,all,11,2,2007,-0.34,-1.08,-1.9,0.75,False
EURUSD,all,12,2,2007,-0.44,-1.49,-1.8,0.88,True
EURUSD,all,13,2,2007,-1.42,-4.81,-0.82,1.0,True
EURUSD,all,14,2,2007,-0.24,-0.56,-2.0,0.5,True
EURUSD,all,15,2,2007,0.91,1.91,-1.33,0.75,True
EURUSD,all,16,2,2007,-0.05,-0.12,-2.19,0.62,False
EURUSD,all,17,2,2007,-0.45,-1.06,-1.79,0.75,True
EURUSD,all,18,2,2007,-0.57,-1.74,-1.67,0.88,True
EURUSD,all,19,2,2007,-0.25,-0.97,-1.99,0.5,True
EURUSD,all,20,2,2007,0.38,1.34,-1.86,0.75,True
EURUSD,all,21,2,2007,0.4,1.51,-1.84,0.62,True
EURUSD,all,22,2,2007,-0.22,-1.22,-2.02,0.5,True
EURUSD,0,0,2,398,3.37,5.76,1.13,1.0,True
EURUSD,0,1,2,400,1.86,3.59,-0.38,0.88,True
EURUSD,0,2,2,400,0.27,0.46,-1.97,0.62,False
EURUSD,0,3,2,400,0.57,1.09,-1.67,0.75,False
EURUSD,0,4,2,400,0.72,1.45,-1.52,0.62,False
EURUSD,0,5,2,400,-0.06,-0.17,-2.18,0.38,False
EURUSD,0,6,2,400,0.14,0.42,-2.1,0.75,False
EURUSD,0,7,2,400,0.5,1.13,-1.74,0.62,False
EURUSD,0,8,2,400,-0.42,-0.7,-1.82,0.75,False
EURUSD,0,9,2,400,-0.09,-0.11,-2.15,0.5,False
EURUSD,0,10,2,400,1.06,1.25,-1.18,0.75,False
EURUSD,0,11,2,400,0.79,1.1,-1.45,0.75,True
EURUSD,0,12,2,400,0.68,1.0,-1.56,0.62,True
EURUSD,0,13,2,400,0.1,0.16,-2.14,0.25,False
EURUSD,0,14,2,400,0.87,1.13,-1.37,0.5,True
EURUSD,0,15,2,400,0.91,1.06,-1.33,0.5,True
EURUSD,0,16,2,400,-0.87,-0.96,-1.37,0.88,True
EURUSD,0,17,2,400,-0.43,-0.56,-1.81,0.75,True
EURUSD,0,18,2,400,0.25,0.38,-1.99,0.75,True
EURUSD,0,19,2,400,-0.01,-0.02,-2.23,0.5,False
EURUSD,0,20,2,400,0.04,0.08,-2.2,0.5,False
EURUSD,0,21,2,400,-0.28,-0.66,-1.96,0.62,False
EURUSD,0,22,2,400,-0.37,-0.97,-1.88,0.62,False
EURUSD,1,0,2,403,2.07,7.02,-0.17,1.0,True
EURUSD,1,1,2,403,1.09,2.77,-1.15,0.75,False
EURUSD,1,2,2,403,-0.18,-0.39,-2.06,0.75,False
EURUSD,1,3,2,403,-0.25,-0.57,-1.99,0.75,False
EURUSD,1,4,2,403,0.14,0.34,-2.1,0.5,False
EURUSD,1,5,2,403,0.42,1.16,-1.82,0.62,True
EURUSD,1,6,2,403,-0.41,-1.25,-1.83,0.75,True
EURUSD,1,7,2,403,-0.78,-2.13,-1.46,0.88,True
EURUSD,1,8,2,403,-0.55,-0.97,-1.69,0.75,False
EURUSD,1,9,2,403,1.59,1.88,-0.65,0.5,False
EURUSD,1,10,2,403,1.22,1.4,-1.02,0.62,True
EURUSD,1,11,2,403,-0.63,-0.88,-1.61,0.5,True
EURUSD,1,12,2,403,-0.55,-0.87,-1.69,0.75,True
EURUSD,1,13,2,403,-1.4,-2.16,-0.84,1.0,True
EURUSD,1,14,2,403,-1.01,-1.11,-1.23,0.88,True
EURUSD,1,15,2,403,0.62,0.62,-1.62,0.5,True
EURUSD,1,16,2,403,-0.3,-0.3,-1.94,0.62,False
EURUSD,1,17,2,403,-1.49,-1.63,-0.75,0.62,True
EURUSD,1,18,2,403,-0.43,-0.63,-1.81,0.75,True
EURUSD,1,19,2,403,0.18,0.32,-2.06,0.75,False
EURUSD,1,20,2,403,0.52,0.98,-1.72,0.88,False
EURUSD,1,21,2,403,0.71,1.6,-1.53,0.5,True
EURUSD,1,22,2,403,0.04,0.13,-2.2,0.62,False
EURUSD,2,0,2,400,2.3,6.32,0.06,0.88,True
EURUSD,2,1,2,400,0.93,2.32,-1.31,0.88,True
EURUSD,2,2,2,400,-0.62,-1.28,-1.62,0.62,False
EURUSD,2,3,2,400,-0.54,-1.08,-1.7,0.88,True
EURUSD,2,4,2,400,-0.52,-1.19,-1.73,0.75,True
EURUSD,2,5,2,400,0.11,0.34,-2.13,0.38,True
EURUSD,2,6,2,400,0.25,0.77,-1.99,0.75,True
EURUSD,2,7,2,400,0.46,1.14,-1.78,0.62,True
EURUSD,2,8,2,400,-0.16,-0.28,-2.08,0.5,False
EURUSD,2,9,2,400,-0.47,-0.63,-1.77,0.62,True
EURUSD,2,10,2,400,0.41,0.56,-1.84,0.62,True
EURUSD,2,11,2,400,0.6,0.93,-1.64,0.5,True
EURUSD,2,12,2,400,-1.28,-1.96,-0.96,0.88,True
EURUSD,2,13,2,400,-2.38,-3.72,0.14,0.88,True
EURUSD,2,14,2,400,0.19,0.22,-2.05,0.38,False
EURUSD,2,15,2,400,1.56,1.57,-0.68,0.75,True
EURUSD,2,16,2,400,0.49,0.49,-1.75,0.5,False
EURUSD,2,17,2,400,0.04,0.04,-2.2,0.5,False
EURUSD,2,18,2,400,-0.58,-0.86,-1.66,0.88,True
EURUSD,2,19,2,400,-0.48,-0.82,-1.76,0.62,True
EURUSD,2,20,2,400,0.72,0.72,-1.52,0.5,False
EURUSD,2,21,2,400,0.22,0.23,-2.02,0.62,False
EURUSD,2,22,2,400,-0.82,-1.63,-1.42,0.75,True
EURUSD,3,0,2,402,3.25,11.96,1.01,1.0,True
EURUSD,3,1,2,402,1.92,4.64,-0.32,0.88,True
EURUSD,3,2,2,402,0.32,0.63,-1.92,0.5,False
EURUSD,3,3,2,402,0.41,0.86,-1.83,0.62,False
EURUSD,3,4,2,402,-0.18,-0.41,-2.07,0.62,True
EURUSD,3,5,2,402,-0.56,-1.57,-1.68,0.75,True
EURUSD,3,6,2,402,-0.43,-1.37,-1.81,0.75,True
EURUSD,3,7,2,402,-0.39,-1.13,-1.85,0.88,True
EURUSD,3,8,2,402,-0.15,-0.27,-2.09,0.5,False
EURUSD,3,9,2,402,0.76,1.0,-1.48,0.88,True
EURUSD,3,10,2,402,0.02,0.02,-2.22,0.38,False
EURUSD,3,11,2,402,-0.98,-1.41,-1.26,0.62,False
EURUSD,3,12,2,402,-0.75,-1.14,-1.49,0.5,False
EURUSD,3,13,2,402,-1.47,-2.07,-0.77,0.88,True
EURUSD,3,14,2,402,-0.36,-0.33,-1.88,0.5,False
EURUSD,3,15,2,402,0.68,0.51,-1.57,0.75,False
EURUSD,3,16,2,402,-0.73,-0.64,-1.51,0.75,True
EURUSD,3,17,2,402,-1.48,-1.37,-0.76,0.88,True
EURUSD,3,18,2,402,-1.44,-1.65,-0.8,0.88,True
EURUSD,3,19,2,402,0.0,0.01,-2.24,0.62,False
EURUSD,3,20,2,402,0.7,1.22,-1.54,0.75,False
EURUSD,3,21,2,402,0.48,0.94,-1.76,0.62,False
EURUSD,3,22,2,402,0.66,1.65,-1.59,0.88,True
EURUSD,4,0,2,402,2.25,7.67,0.01,1.0,True
EURUSD,4,1,2,402,0.97,2.77,-1.27,0.62,True
EURUSD,4,2,2,402,-0.28,-0.64,-1.96,0.5,True
EURUSD,4,3,2,402,0.46,0.91,-1.78,0.38,False
EURUSD,4,4,2,402,0.5,1.14,-1.74,0.5,False
EURUSD,4,5,2,402,0.31,0.89,-1.93,0.5,True
EURUSD,4,6,2,402,-0.12,-0.36,-2.12,0.62,False
EURUSD,4,7,2,402,-0.07,-0.19,-2.17,0.62,False
EURUSD,4,8,2,402,0.01,0.02,-2.23,0.5,False
EURUSD,4,9,2,402,0.13,0.18,-2.11,0.5,False
EURUSD,4,10,2,402,-0.8,-0.9,-1.44,0.62,True
EURUSD,4,11,2,402,-1.46,-2.03,-0.78,0.88,True
EURUSD,4,12,2,402,-0.3,-0.45,-1.94,0.5,False
EURUSD,4,13,2,402,-1.96,-2.91,-0.28,0.62,True
EURUSD,4,14,2,402,-0.89,-0.84,-1.35,0.5,False
EURUSD,4,15,2,402,0.8,0.72,-1.44,0.5,False
EURUSD,4,16,2,402,1.14,1.1,-1.1,0.5,True
EURUSD,4,17,2,402,1.11,1.05,-1.13,0.75,True
EURUSD,4,18,2,402,-0.64,-0.85,-1.6,0.75,True
EURUSD,4,19,2,402,-0.95,-1.6,-1.29,0.62,True
EURUSD,4,20,2,402,-0.05,-0.11,-2.19,0.38,False
EURUSD,4,21,2,402,0.87,2.03,-1.37,0.62,False
EURUSD,4,22,2,402,-0.64,-1.58,-1.61,0.62,True
EURUSD,all,0,4,2005,2.58,9.72,0.34,1.0,True
EURUSD,all,1,4,2007,1.49,5.08,-0.75,0.88,True
EURUSD,all,2,4,2007,0.04,0.13,-2.2,0.5,False
EURUSD,all,3,4,2007,0.17,0.66,-2.07,0.62,True
EURUSD,all,4,4,2007,0.02,0.08,-2.22,0.38,False
EURUSD,all,5,4,2007,-0.01,-0.06,-2.23,0.75,False
EURUSD,all,6,4,2007,-0.37,-1.3,-1.87,0.75,True
EURUSD,all,7,4,2007,0.33,0.85,-1.91,0.75,True
EURUSD,all,8,4,2007,0.13,0.29,-2.11,0.5,True
EURUSD,all,9,4,2007,0.05,0.11,-2.19,0.38,True
EURUSD,all,10,4,2007,-0.06,-0.13,-2.18,0.62,True
EURUSD,all,11,4,2007,-1.76,-4.08,-0.48,1.0,True
EURUSD,all,12,4,2007,-0.68,-1.32,-1.56,0.62,True
EURUSD,all,13,4,2007,-0.5,-0.9,-1.74,0.62,True
EURUSD,all,14,4,2007,-0.29,-0.47,-1.95,0.62,False
EURUSD,all,15,4,2007,0.45,0.72,-1.79,0.62,True
EURUSD,all,16,4,2007,-0.62,-1.09,-1.62,0.75,True
EURUSD,all,17,4,2007,-0.7,-1.38,-1.54,1.0,True
EURUSD,all,18,4,2007,-0.19,-0.43,-2.05,0.5,True
EURUSD,all,19,4,2007,0.15,0.4,-2.09,0.62,False
EURUSD,all,20,4,2007,0.16,0.48,-2.08,0.62,True
EURUSD,0,0,4,398,3.7,4.9,1.46,0.75,True
EURUSD,0,1,4,400,2.44,3.25,0.2,0.75,True
EURUSD,0,2,4,400,0.99,1.5,-1.25,0.75,False
EURUSD,0,3,4,400,0.51,0.82,-1.73,0.75,False
EURUSD,0,4,4,400,0.87,1.59,-1.37,0.62,True
EURUSD,0,5,4,400,0.44,0.81,-1.8,0.5,False
EURUSD,0,6,4,400,-0.28,-0.41,-1.96,0.62,False
EURUSD,0,7,4,400,0.41,0.43,-1.83,0.62,False
EURUSD,0,8,4,400,0.64,0.62,-1.6,0.38,False
EURUSD,0,9,4,400,0.7,0.63,-1.54,0.5,False
EURUSD,0,10,4,400,1.74,1.64,-0.5,0.62,True
EURUSD,0,11,4,400,0.89,1.02,-1.35,0.62,True
EURUSD,0,12,4,400,1.56,1.6,-0.68,0.75,True
EURUSD,0,13,4,400,1.03,0.97,-1.21,0.62,True
EURUSD,0,14,4,400,0.01,0.01,-2.23,0.62,False
EURUSD,0,15,4,400,0.45,0.38,-1.79,0.5,False
EURUSD,0,16,4,400,-0.62,-0.57,-1.62,0.62,True
EURUSD,0,17,4,400,-0.44,-0.48,-1.8,0.62,False
EURUSD,0,18,4,400,0.28,0.36,-1.96,0.75,False
EURUSD,0,19,4,400,-0.29,-0.47,-1.95,0.25,False
EURUSD,0,20,4,400,-0.32,-0.59,-1.92,0.5,False
EURUSD,1,0,4,403,1.92,3.46,-0.32,0.88,True
EURUSD,1,1,4,403,0.85,1.49,-1.39,0.62,False
EURUSD,1,2,4,403,-0.03,-0.06,-2.21,0.5,False
EURUSD,1,3,4,403,0.18,0.32,-2.06,0.62,False
EURUSD,1,4,4,403,-0.27,-0.52,-1.97,0.5,True
EURUSD,1,5,4,403,-0.36,-0.71,-1.88,0.62,True
EURUSD,1,6,4,403,-0.96,-1.48,-1.28,0.88,True
EURUSD,1,7,4,403,0.82,0.9,-1.42,0.38,False
EURUSD,1,8,4,403,0.7,0.66,-1.54,0.5,False
EURUSD,1,9,4,403,0.96,0.83,-1.29,0.62,False
EURUSD,1,10,4,403,0.67,0.6,-1.57,0.75,False
EURUSD,1,11,4,403,-2.03,-2.05,-0.21,0.75,True
EURUSD,1,12,4,403,-1.55,-1.43,-0.69,0.75,True
EURUSD,1,13,4,403,-0.76,-0.64,-1.48,0.5,True
EURUSD,1,14,4,403,-1.31,-0.98,-0.93,0.62,False
EURUSD,1,15,4,403,-0.86,-0.64,-1.38,0.62,False
EURUSD,1,16,4,403,-0.73,-0.61,-1.51,0.62,False
EURUSD,1,17,4,403,-1.31,-1.21,-0.93,0.62,True
EURUSD,1,18,4,403,0.08,0.1,-2.16,0.62,False
EURUSD,1,19,4,403,0.89,1.26,-1.35,0.75,False
EURUSD,1,20,4,403,0.55,0.85,-1.69,0.62,False
EURUSD,2,0,4,400,1.7,3.28,-0.54,0.88,True
EURUSD,2,1,4,400,0.39,0.56,-1.85,0.75,True
EURUSD,2,2,4,400,-1.14,-1.54,-1.1,0.75,True
EURUSD,2,3,4,400,-0.43,-0.79,-1.81,0.75,True
EURUSD,2,4,4,400,-0.26,-0.5,-1.98,0.5,False
EURUSD,2,5,4,400,0.58,1.13,-1.67,0.75,True
EURUSD,2,6,4,400,0.1,0.16,-2.14,0.62,False
EURUSD,2,7,4,400,-0.01,-0.01,-2.23,0.5,False
EURUSD,2,8,4,400,0.26,0.27,-1.98,0.62,False
EURUSD,2,9,4,400,0.14,0.14,-2.1,0.62,False
EURUSD,2,10,4,400,-0.88,-0.93,-1.36,0.75,True
EURUSD,2,11,4,400,-1.78,-1.96,-0.47,0.88,True
EURUSD,2,12,4,400,-1.09,-0.98,-1.16,0.75,True
EURUSD,2,13,4,400,-0.81,-0.67,-1.43,0.62,False
EURUSD,2,14,4,400,0.69,0.52,-1.55,0.5,False
EURUSD,2,15,4,400,1.51,1.13,-0.73,0.75,True
EURUSD,2,16,4,400,-0.09,-0.07,-2.15,0.75,False
EURUSD,2,17,4,400,-0.43,-0.4,-1.81,0.62,True
EURUSD,2,18,4,400,0.14,0.12,-2.1,0.38,False
EURUSD,2,19,4,400,-0.27,-0.23,-1.97,0.5,False
EURUSD,2,20,4,400,-0.1,-0.09,-2.14,0.5,False
EURUSD,3,0,4,402,3.59,6.41,1.35,1.0,True
EURUSD,3,1,4,402,2.34,3.71,0.1,0.88,True
EURUSD,3,2,4,402,0.15,0.22,-2.1,0.5,False
EURUSD,3,3,4,402,-0.15,-0.25,-2.09,0.62,False
EURUSD,3,4,4,402,-0.61,-1.19,-1.63,0.75,True
EURUSD,3,5,4,402,-0.95,-1.99,-1.29,0.88,True
EURUSD,3,6,4,402,-0.58,-0.91,-1.66,0.62,True
EURUSD,3,7,4,402,0.36,0.44,-1.89,0.88,False
EURUSD,3,8,4,402,-0.17,-0.17,-2.07,0.62,False
EURUSD,3,9,4,402,-0.22,-0.2,-2.02,0.38,False
EURUSD,3,10,4,402,-0.74,-0.68,-1.5,0.5,False
EURUSD,3,11,4,402,-2.44,-2.37,0.2,0.75,True
EURUSD,3,12,4,402,-1.12,-0.89,-1.13,0.75,True
EURUSD,3,13,4,402,-0.79,-0.55,-1.45,0.75,False
EURUSD,3,14,4,402,-1.07,-0.67,-1.17,0.62,False
EURUSD,3,15,4,402,-0.8,-0.47,-1.44,0.75,False
EURUSD,3,16,4,402,-2.17,-1.48,-0.08,0.88,True
EURUSD,3,17,4,402,-1.47,-1.15,-0.77,0.75,True
EURUSD,3,18,4,402,-0.74,-0.71,-1.5,0.62,True
EURUSD,3,19,4,402,0.49,0.59,-1.75,0.75,True
EURUSD,3,20,4,402,1.35,1.9,-0.89,0.75,True
EURUSD,4,0,4,402,2.0,3.67,-0.25,0.75,True
EURUSD,4,1,4,402,1.44,2.36,-0.8,0.62,True
EURUSD,4,2,4,402,0.22,0.37,-2.02,0.5,False
EURUSD,4,3,4,402,0.76,1.21,-1.48,0.38,False
EURUSD,4,4,4,402,0.37,0.63,-1.87,0.5,False
EURUSD,4,5,4,402,0.24,0.53,-2.0,0.38,False
EURUSD,4,6,4,402,-0.11,-0.2,-2.13,0.38,False
EURUSD,4,7,4,402,0.05,0.06,-2.19,0.38,True
EURUSD,4,8,4,402,-0.79,-0.83,-1.45,0.5,True
EURUSD,4,9,4,402,-1.32,-1.3,-0.92,0.38,True
EURUSD,4,10,4,402,-1.09,-1.08,-1.15,0.62,True
EURUSD,4,11,4,402,-3.41,-3.42,1.17,0.75,True
EURUSD,4,12,4,402,-1.18,-0.93,-1.06,0.62,False
EURUSD,4,13,4,402,-1.15,-0.91,-1.09,0.75,False
EURUSD,4,14,4,402,0.25,0.17,-1.99,0.25,False
EURUSD,4,15,4,402,1.98,1.33,-0.27,0.62,True
EURUSD,4,16,4,402,0.5,0.38,-1.74,0.38,True
EURUSD,4,17,4,402,0.16,0.13,-2.08,0.75,False
EURUSD,4,18,4,402,-0.7,-0.74,-1.55,0.75,True
EURUSD,4,19,4,402,-0.08,-0.12,-2.16,0.5,False
EURUSD,4,20,4,402,-0.68,-1.14,-1.56,0.5,False
EURUSD,all,0,8,2005,2.61,7.38,0.37,1.0,True
EURUSD,all,1,8,2007,1.48,3.99,-0.76,0.75,True
EURUSD,all,2,8,2007,-0.33,-0.81,-1.91,0.62,False
EURUSD,all,3,8,2007,0.5,1.09,-1.74,0.5,True
EURUSD,all,4,8,2007,0.15,0.29,-2.09,0.38,False
EURUSD,all,5,8,2007,0.03,0.06,-2.21,0.38,False
EURUSD,all,6,8,2007,-0.43,-0.77,-1.81,0.88,True
EURUSD,all,7,8,2007,-1.43,-2.47,-0.81,0.88,True
EURUSD,all,8,8,2007,-0.55,-0.82,-1.69,0.62,True
EURUSD,all,9,8,2007,-0.45,-0.61,-1.79,0.62,False
EURUSD,all,10,8,2007,-0.35,-0.45,-1.89,0.5,False
EURUSD,all,11,8,2007,-1.29,-1.7,-0.95,0.88,True
EURUSD,all,12,8,2007,-1.3,-1.71,-0.94,0.88,True
EURUSD,all,13,8,2007,-1.21,-1.62,-1.03,0.88,True
EURUSD,all,14,8,2007,-0.48,-0.63,-1.77,0.62,True
EURUSD,all,15,8,2007,0.6,0.81,-1.64,0.62,True
EURUSD,all,16,8,2007,-0.46,-0.71,-1.78,0.62,False
EURUSD,0,0,8,398,4.62,5.29,2.38,0.75,True
EURUSD,0,1,8,400,2.87,3.21,0.63,0.75,True
EURUSD,0,2,8,400,0.72,0.79,-1.52,0.75,False
EURUSD,0,3,8,400,0.92,0.85,-1.32,0.62,True
EURUSD,0,4,8,400,1.51,1.26,-0.73,0.5,True
EURUSD,0,5,8,400,1.14,0.96,-1.1,0.75,True
EURUSD,0,6,8,400,1.46,1.16,-0.78,0.75,True
EURUSD,0,7,8,400,1.3,1.02,-0.94,0.62,True
EURUSD,0,8,8,400,2.2,1.6,-0.04,0.88,True
EURUSD,0,9,8,400,1.72,1.19,-0.52,0.75,False
EURUSD,0,10,8,400,1.75,1.18,-0.49,0.75,True
EURUSD,0,11,8,400,1.35,0.97,-0.89,0.62,True
EURUSD,0,12,8,400,0.94,0.66,-1.3,0.75,True
EURUSD,0,13,8,400,0.56,0.4,-1.68,0.62,True
EURUSD,0,14,8,400,0.29,0.21,-1.95,0.75,False
EURUSD,0,15,8,400,0.17,0.12,-2.08,0.62,False
EURUSD,0,16,8,400,-0.95,-0.76,-1.29,0.75,False
EURUSD,1,0,8,403,1.66,2.35,-0.58,0.75,True
EURUSD,1,1,8,403,0.5,0.67,-1.74,0.62,False
EURUSD,1,2,8,403,-0.99,-1.12,-1.25,0.75,False
EURUSD,1,3,8,403,1.0,0.93,-1.24,0.5,False
EURUSD,1,4,8,403,0.44,0.37,-1.8,0.5,False
EURUSD,1,5,8,403,0.6,0.48,-1.64,0.5,False
EURUSD,1,6,8,403,-0.26,-0.2,-1.98,0.5,False
EURUSD,1,7,8,403,-1.22,-0.88,-1.02,0.5,False
EURUSD,1,8,8,403,-0.86,-0.55,-1.38,0.62,False
EURUSD,1,9,8,403,0.19,0.11,-2.05,0.5,False
EURUSD,1,10,8,403,-0.64,-0.37,-1.6,0.5,True
EURUSD,1,11,8,403,-2.88,-1.74,0.64,0.62,True
EURUSD,1,12,8,403,-2.28,-1.43,0.04,0.62,True
EURUSD,1,13,8,403,-2.06,-1.27,-0.18,0.62,True
EURUSD,1,14,8,403,-1.22,-0.75,-1.02,0.75,False
EURUSD,1,15,8,403,0.03,0.02,-2.21,0.5,False
EURUSD,1,16,8,403,-0.18,-0.13,-2.06,0.38,False
EURUSD,2,0,8,400,1.43,1.75,-0.81,0.75,True
EURUSD,2,1,8,400,0.97,1.05,-1.27,0.75,True
EURUSD,2,2,8,400,-1.04,-1.05,-1.2,0.62,True
EURUSD,2,3,8,400,-0.44,-0.47,-1.8,0.62,True
EURUSD,2,4,8,400,-0.0,-0.0,-2.24,0.5,False
EURUSD,2,5,8,400,0.71,0.65,-1.53,0.5,True
EURUSD,2,6,8,400,-0.77,-0.68,-1.47,0.62,True
EURUSD,2,7,8,400,-1.78,-1.44,-0.46,0.75,True
EURUSD,2,8,8,400,-0.83,-0.56,-1.41,0.62,False
EURUSD,2,9,8,400,-0.67,-0.41,-1.57,0.62,False
EURUSD,2,10,8,400,-0.18,-0.11,-2.06,0.5,False
EURUSD,2,11,8,400,-0.26,-0.16,-1.98,0.62,False
EURUSD,2,12,8,400,-1.17,-0.7,-1.07,0.62,True
EURUSD,2,13,8,400,-1.34,-0.83,-0.9,0.75,True
EURUSD,2,14,8,400,0.83,0.47,-1.41,0.5,True
EURUSD,2,15,8,400,1.24,0.71,-1.0,0.62,False
EURUSD,2,16,8,400,-0.19,-0.11,-2.06,0.62,False
EURUSD,3,0,8,402,2.98,3.95,0.74,0.88,True
EURUSD,3,1,8,402,1.39,1.73,-0.85,0.62,True
EURUSD,3,2,8,402,-0.43,-0.5,-1.81,0.5,False
EURUSD,3,3,8,402,0.2,0.21,-2.04,0.5,False
EURUSD,3,4,8,402,-0.77,-0.69,-1.47,0.5,False
EURUSD,3,5,8,402,-1.18,-1.02,-1.06,0.75,False
EURUSD,3,6,8,402,-1.36,-1.07,-0.89,0.62,False
EURUSD,3,7,8,402,-2.09,-1.52,-0.15,0.75,True
EURUSD,3,8,8,402,-1.3,-0.8,-0.95,0.62,True
EURUSD,3,9,8,402,-1.0,-0.56,-1.24,0.5,True
EURUSD,3,10,8,402,-1.82,-0.94,-0.42,0.75,True
EURUSD,3,11,8,402,-3.23,-1.62,0.99,1.0,True
EURUSD,3,12,8,402,-3.27,-1.66,1.03,1.0,True
EURUSD,3,13,8,402,-2.25,-1.18,0.01,0.75,True
EURUSD,3,14,8,402,-1.8,-0.93,-0.44,0.62,False
EURUSD,3,15,8,402,-0.3,-0.16,-1.94,0.5,False
EURUSD,3,16,8,402,-0.81,-0.52,-1.43,0.62,True
EURUSD,4,0,8,402,2.37,3.02,0.13,0.75,True
EURUSD,4,1,8,402,1.68,2.15,-0.56,0.62,True
EURUSD,4,2,8,402,0.11,0.14,-2.13,0.5,False
EURUSD,4,3,8,402,0.81,0.76,-1.43,0.62,False
EURUSD,4,4,8,402,-0.42,-0.35,-1.82,0.5,False
EURUSD,4,5,8,402,-1.1,-0.99,-1.14,0.62,True
EURUSD,4,6,8,402,-1.2,-1.05,-1.04,0.62,True
EURUSD,4,7,8,402,-3.36,-2.8,1.12,0.75,True
EURUSD,4,8,8,402,-1.96,-1.3,-0.28,0.62,False
EURUSD,4,9,8,402,-2.46,-1.55,0.22,0.75,False
EURUSD,4,10,8,402,-0.85,-0.48,-1.39,0.75,False
EURUSD,4,11,8,402,-1.43,-0.8,-0.81,0.75,False
EURUSD,4,12,8,402,-0.69,-0.39,-1.55,0.62,False
EURUSD,4,13,8,402,-0.93,-0.54,-1.31,0.75,False
EURUSD,4,14,8,402,-0.45,-0.26,-1.79,0.62,False
EURUSD,4,15,8,402,1.89,1.14,-0.35,0.75,True
EURUSD,4,16,8,402,-0.19,-0.13,-2.05,0.62,False
USDJPY,all,0,1,2005,0.1,0.58,-2.08,0.38,False
USDJPY,all,1,1,2007,1.75,8.42,-0.43,1.0,True
USDJPY,all,2,1,2007,-0.2,-0.83,-1.98,0.62,True
USDJPY,all,3,1,2007,-0.24,-0.85,-1.94,0.5,False
USDJPY,all,4,1,2007,0.03,0.09,-2.16,0.5,False
USDJPY,all,5,1,2007,0.01,0.06,-2.17,0.38,False
USDJPY,all,6,1,2007,-0.02,-0.12,-2.16,0.38,True
USDJPY,all,7,1,2007,0.12,0.53,-2.06,0.38,False
USDJPY,all,8,1,2007,0.15,0.8,-2.03,0.62,True
USDJPY,all,9,1,2007,0.15,0.54,-2.03,0.62,True
USDJPY,all,10,1,2007,0.11,0.37,-2.07,0.62,False
USDJPY,all,11,1,2007,0.02,0.09,-2.16,0.38,False
USDJPY,all,12,1,2007,0.46,2.4,-1.72,0.88,True
USDJPY,all,13,1,2007,0.04,0.22,-2.14,0.5,False
USDJPY,all,14,1,2007,0.22,1.0,-1.96,0.75,True
USDJPY,all,15,1,2007,-0.21,-0.48,-1.97,0.62,False
USDJPY,all,16,1,2007,-0.25,-0.73,-1.93,0.62,True
USDJPY,all,17,1,2007,0.3,0.86,-1.88,0.62,True
USDJPY,all,18,1,2007,0.49,1.76,-1.69,0.62,False
USDJPY,all,19,1,2007,0.34,1.73,-1.84,0.62,True
USDJPY,all,20,1,2007,0.32,1.56,-1.87,0.62,True
USDJPY,all,21,1,2007,-0.07,-0.29,-2.11,0.38,False
USDJPY,all,22,1,2007,0.57,3.4,-1.61,0.75,True
USDJPY,all,23,1,2007,-0.06,-0.36,-2.12,0.62,True
USDJPY,0,0,1,398,1.97,4.66,-0.21,1.0,True
USDJPY,0,1,1,400,5.35,8.86,3.17,1.0,True
USDJPY,0,2,1,400,-0.38,-0.66,-1.8,0.62,False
USDJPY,0,3,1,400,-1.97,-2.86,-0.21,0.75,True
USDJPY,0,4,1,400,-0.26,-0.35,-1.92,0.25,False
USDJPY,0,5,1,400,0.32,0.75,-1.86,0.62,True
USDJPY,0,6,1,400,0.05,0.13,-2.13,0.5,False
USDJPY,0,7,1,400,0.01,0.01,-2.18,0.75,False
USDJPY,0,8,1,400,-0.15,-0.38,-2.03,0.5,False
USDJPY,0,9,1,400,1.22,2.27,-0.96,0.88,True
USDJPY,0,10,1,400,0.66,0.91,-1.52,0.5,False
USDJPY,0,11,1,400,-0.72,-1.21,-1.46,0.88,True
USDJPY,0,12,1,400,0.65,1.53,-1.53,0.88,True
USDJPY,0,13,1,400,0.68,1.62,-1.5,0.5,True
USDJPY,0,14,1,400,0.63,1.23,-1.55,0.75,True
USDJPY,0,15,1,400,0.13,0.2,-2.05,0.62,False
USDJPY,0,16,1,400,0.48,0.77,-1.7,0.5,False
USDJPY,0,17,1,400,1.25,2.01,-0.94,0.75,True
USDJPY,0,18,1,400,0.95,1.79,-1.23,0.88,True
USDJPY,0,19,1,400,-0.28,-0.77,-1.9,0.5,False
USDJPY,0,20,1,400,0.99,3.19,-1.19,0.75,True
USDJPY,0,21,1,400,0.14,0.39,-2.04,0.75,False
USDJPY,0,22,1,400,0.56,1.48,-1.62,0.88,True
USDJPY,0,23,1,400,-0.02,-0.09,-2.16,0.5,False
USDJPY,1,0,1,403,0.2,1.0,-1.98,0.62,False
USDJPY,1,1,1,403,1.26,3.51,-0.92,0.75,True
USDJPY,1,2,1,403,0.48,1.0,-1.7,0.75,True
USDJPY,1,3,1,403,-0.02,-0.03,-2.16,0.5,False
USDJPY,1,4,1,403,0.66,1.26,-1.52,0.62,True
USDJPY,1,5,1,403,-0.57,-0.71,-1.61,0.38,True
USDJPY,1,6,1,403,0.13,0.36,-2.05,0.5,True
USDJPY,1,7,1,403,0.27,0.67,-1.91,0.62,False
USDJPY,1,8,1,403,1.09,2.59,-1.09,1.0,True
USDJPY,1,9,1,403,0.34,0.6,-1.84,0.62,False
USDJPY,1,10,1,403,-1.62,-2.72,-0.56,1.0,True
USDJPY,1,11,1,403,0.12,0.23,-2.06,0.62,True
USDJPY,1,12,1,403,0.29,0.74,-1.89,0.5,True
USDJPY,1,13,1,403,0.55,1.35,-1.63,0.5,True
USDJPY,1,14,1,403,0.2,0.46,-1.98,0.5,False
USDJPY,1,15,1,403,-0.42,-0.46,-1.76,0.5,True
USDJPY,1,16,1,403,-0.07,-0.09,-2.11,0.75,False
USDJPY,1,17,1,403,-0.13,-0.15,-2.05,0.38,False
USDJPY,1,18,1,403,0.84,1.67,-1.34,0.75,False
USDJPY,1,19,1,403,-0.03,-0.07,-2.15,0.62,False
USDJPY,1,20,1,403,0.63,1.62,-1.55,0.5,True
USDJPY,1,21,1,403,0.37,0.89,-1.82,0.88,False
USDJPY,1,22,1,403,0.03,0.11,-2.15,0.5,True
USDJPY,1,23,1,403,0.23,0.81,-1.95,0.5,True
USDJPY,2,0,1,400,0.18,0.62,-2.0,0.5,False
USDJPY,2,1,1,400,1.14,2.74,-1.04,0.75,True
USDJPY,2,2,1,400,0.08,0.15,-2.11,0.5,False
USDJPY,2,3,1,400,0.52,0.95,-1.66,0.75,False
USDJPY,2,4,1,400,0.99,1.36,-1.19,0.5,False
USDJPY,2,5,1,400,0.51,1.26,-1.67,0.75,True
USDJPY,2,6,1,400,-0.07,-0.19,-2.11,0.5,False
USDJPY,2,7,1,400,-0.59,-1.13,-1.59,0.5,True
USDJPY,2,8,1,400,0.3,0.77,-1.88,0.75,True
USDJPY,2,9,1,400,-0.38,-0.77,-1.8,0.5,False
USDJPY,2,10,1,400,0.63,1.02,-1.55,0.75,True
USDJPY,2,11,1,400,0.15,0.27,-2.03,0.75,True
USDJPY,2,12,1,400,0.2,0.48,-1.98,0.62,False
USDJPY,2,13,1,400,0.24,0.61,-1.94,0.62,False
USDJPY,2,14,1,400,0.32,0.76,-1.86,0.5,False
USDJPY,2,15,1,400,-0.47,-0.53,-1.71,0.5,False
USDJPY,2,16,1,400,-1.2,-1.68,-0.98,0.75,True
USDJPY,2,17,1,400,0.9,1.26,-1.28,0.62,True
USDJPY,2,18,1,400,0.73,1.43,-1.45,0.62,True
USDJPY,2,19,1,400,0.44,1.17,-1.74,0.75,True
USDJPY,2,20,1,400,0.54,0.97,-1.64,0.75,False
USDJPY,2,21,1,400,-0.37,-0.42,-1.81,0.5,False
USDJPY,2,22,1,400,1.92,3.81,-0.26,0.75,True
USDJPY,2,23,1,400,-0.25,-0.44,-1.93,0.62,False
USDJPY,3,0,1,402,-2.37,-4.14,0.19,0.75,True
USDJPY,3,1,1,402,0.09,0.18,-2.09,0.5,False
USDJPY,3,2,1,402,-0.95,-1.82,-1.23,0.62,True
USDJPY,3,3,1,402,-0.45,-0.73,-1.73,0.62,True
USDJPY,3,4,1,402,-0.51,-0.85,-1.67,0.75,True
USDJPY,3,5,1,402,-0.11,-0.29,-2.07,0.38,True
USDJPY,3,6,1,402,0.26,0.63,-1.92,0.5,True
USDJPY,3,7,1,402,0.61,1.56,-1.57,0.75,True
USDJPY,3,8,1,402,-0.51,-1.11,-1.67,0.88,True
USDJPY,3,9,1,402,0.57,0.97,-1.61,0.62,True
USDJPY,3,10,1,402,-0.31,-0.5,-1.87,0.62,False
USDJPY,3,11,1,402,-0.24,-0.28,-1.94,0.88,False
USDJPY,3,12,1,402,0.24,0.52,-1.94,0.62,True
USDJPY,3,13,1,402,-1.01,-1.91,-1.17,0.88,True
USDJPY,3,14,1,402,-0.4,-0.71,-1.78,0.88,False
USDJPY,3,15,1,402,-0.41,-0.36,-1.77,0.5,False
USDJPY,3,16,1,402,-0.43,-0.46,-1.75,0.5,False
USDJPY,3,17,1,402,0.83,1.06,-1.35,0.62,True
USDJPY,3,18,1,402,0.41,0.72,-1.77,0.62,True
USDJPY,3,19,1,402,0.95,2.09,-1.23,0.75,True
USDJPY,3,20,1,402,-0.58,-1.12,-1.6,0.62,True
USDJPY,3,21,1,402,-0.08,-0.21,-2.1,0.5,True
USDJPY,3,22,1,402,-0.03,-0.07,-2.16,0.38,False
USDJPY,3,23,1,402,0.36,1.04,-1.82,0.62,False
USDJPY,4,0,1,402,0.53,2.22,-1.65,0.5,False
USDJPY,4,1,1,402,0.91,2.55,-1.27,1.0,True
USDJPY,4,2,1,402,-0.22,-0.39,-1.96,0.5,False
USDJPY,4,3,1,402,0.73,1.13,-1.45,0.75,True
USDJPY,4,4,1,402,-0.75,-1.43,-1.43,0.75,True
USDJPY,4,5,1,402,-0.08,-0.2,-2.1,0.62,False
USDJPY,4,6,1,402,-0.48,-1.01,-1.7,0.62,True
USDJPY,4,7,1,402,0.28,0.6,-1.9,0.75,False
USDJPY,4,8,1,402,0.03,0.06,-2.15,0.5,False
USDJPY,4,9,1,402,-1.01,-1.25,-1.17,0.75,True
USDJPY,4,10,1,402,1.17,1.84,-1.01,0.75,True
USDJPY,4,11,1,402,0.81,1.31,-1.37,0.62,True
USDJPY,4,12,1,402,0.93,2.04,-1.25,0.75,True
USDJPY,4,13,1,402,-0.24,-0.54,-1.94,0.62,False
USDJPY,4,14,1,402,0.35,0.7,-1.83,0.75,False
USDJPY,4,15,1,402,0.13,0.11,-2.05,0.5,False
USDJPY,4,16,1,402,-0.06,-0.07,-2.12,0.38,True
USDJPY,4,17,1,402,-1.36,-1.53,-0.82,0.88,True
USDJPY,4,18,1,402,-0.5,-0.55,-1.68,0.38,False
USDJPY,4,19,1,402,0.63,1.15,-1.55,0.75,True
USDJPY,4,20,1,402,-0.0,-0.0,-2.18,0.75,False
USDJPY,4,21,1,402,-0.41,-1.09,-1.77,0.75,False
USDJPY,4,22,1,402,0.38,1.34,-1.8,0.62,False
USDJPY,4,23,1,402,-0.62,-1.63,-1.56,0.62,True
USDJPY,all,0,2,2005,1.95,7.67,-0.23,0.75,True
USDJPY,all,1,2,2007,1.53,5.08,-0.65,0.88,True
USDJPY,all,2,2,2007,-0.44,-1.22,-1.74,0.88,False
USDJPY,all,3,2,2007,-0.21,-0.52,-1.97,0.38,False
USDJPY,all,4,2,2007,0.04,0.1,-2.15,0.5,False
USDJPY,all,5,2,2007,-0.01,-0.03,-2.17,0.5,False
USDJPY,all,6,2,2007,0.1,0.34,-2.08,0.5,True
USDJPY,all,7,2,2007,0.27,0.94,-1.91,0.38,True
USDJPY,all,8,2,2007,0.3,0.91,-1.88,0.62,True
USDJPY,all,9,2,2007,0.26,0.64,-1.92,0.75,False
USDJPY,all,10,2,2007,0.13,0.32,-2.05,0.5,False
USDJPY,all,11,2,2007,0.49,1.46,-1.7,1.0,True
USDJPY,all,12,2,2007,0.5,1.82,-1.68,0.62,True
USDJPY,all,13,2,2007,0.26,0.85,-1.92,0.62,False
USDJPY,all,14,2,2007,0.01,0.01,-2.17,0.62,False
USDJPY,all,15,2,2007,-0.46,-0.82,-1.72,0.62,True
USDJPY,all,16,2,2007,-0.03,-0.05,-2.15,0.5,False
USDJPY,all,17,2,2007,0.79,1.74,-1.39,0.75,True
USDJPY,all,18,2,2007,0.83,2.53,-1.35,1.0,True
USDJPY,all,19,2,2007,0.65,2.35,-1.53,0.88,True
USDJPY,all,20,2,2007,0.23,0.75,-1.95,0.5,True
USDJPY,all,21,2,2007,0.5,1.86,-1.68,0.75,True
USDJPY,all,22,2,2007,0.52,2.29,-1.66,0.75,True
USDJPY,0,0,2,398,7.46,10.66,5.28,1.0,True
USDJPY,0,1,2,400,4.96,6.85,2.78,1.0,True
USDJPY,0,2,2,400,-2.35,-2.8,0.17,0.75,True
USDJPY,0,3,2,400,-2.21,-2.2,0.03,0.88,True
USDJPY,0,4,2,400,0.05,0.07,-2.13,0.62,False
USDJPY,0,5,2,400,0.37,0.64,-1.81,0.62,False
USDJPY,0,6,2,400,0.06,0.08,-2.12,0.5,False
USDJPY,0,7,2,400,-0.15,-0.2,-2.03,0.25,False
USDJPY,0,8,2,400,1.07,1.59,-1.11,0.75,True
USDJPY,0,9,2,400,1.9,2.21,-0.28,0.88,True
USDJPY,0,10,2,400,-0.05,-0.05,-2.13,0.38,False
USDJPY,0,11,2,400,-0.08,-0.11,-2.1,0.5,False
USDJPY,0,12,2,400,1.33,2.17,-0.85,1.0,True
USDJPY,0,13,2,400,1.31,1.9,-0.87,0.88,True
USDJPY,0,14,2,400,0.75,0.89,-1.43,0.62,True
USDJPY,0,15,2,400,0.6,0.67,-1.58,0.5,False
USDJPY,0,16,2,400,1.59,1.74,-0.59,0.75,True
USDJPY,0,17,2,400,2.2,2.78,0.02,0.88,True
USDJPY,0,18,2,400,0.68,1.08,-1.51,0.88,True
USDJPY,0,19,2,400,0.71,1.57,-1.47,0.62,True
USDJPY,0,20,2,400,1.13,2.25,-1.05,0.75,False
USDJPY,0,21,2,400,0.7,1.59,-1.48,0.75,False
USDJPY,0,22,2,400,0.54,1.22,-1.64,0.62,True
USDJPY,1,0,2,403,1.56,3.81,-0.62,0.88,True
USDJPY,1,1,2,403,1.74,2.81,-0.44,0.75,True
USDJPY,1,2,2,403,0.47,0.6,-1.71,0.62,True
USDJPY,1,3,2,403,0.64,0.79,-1.54,0.88,True
USDJPY,1,4,2,403,0.08,0.09,-2.1,0.5,False
USDJPY,1,5,2,403,-0.44,-0.49,-1.74,0.38,True
USDJPY,1,6,2,403,0.41,0.67,-1.77,0.62,False
USDJPY,1,7,2,403,1.37,2.29,-0.81,0.62,True
USDJPY,1,8,2,403,1.43,2.21,-0.75,0.62,False
USDJPY,1,9,2,403,-1.27,-1.5,-0.91,0.75,True
USDJPY,1,10,2,403,-1.5,-2.03,-0.68,0.88,True
USDJPY,1,11,2,403,0.42,0.61,-1.76,0.62,True
USDJPY,1,12,2,403,0.84,1.5,-1.34,0.75,True
USDJPY,1,13,2,403,0.75,1.21,-1.43,0.75,True
USDJPY,1,14,2,403,-0.23,-0.22,-1.95,0.5,False
USDJPY,1,15,2,403,-0.49,-0.41,-1.69,0.75,True
USDJPY,1,16,2,403,-0.22,-0.2,-1.96,0.5,False
USDJPY,1,17,2,403,0.72,0.73,-1.46,0.62,True
USDJPY,1,18,2,403,0.81,1.21,-1.37,0.75,True
USDJPY,1,19,2,403,0.59,1.13,-1.59,0.5,False
USDJPY,1,20,2,403,0.99,1.86,-1.19,0.75,True
USDJPY,1,21,2,403,0.4,0.79,-1.78,0.62,False
USDJPY,1,22,2,403,0.28,0.68,-1.9,0.62,True
USDJPY,2,0,2,400,1.44,2.72,-0.74,0.75,True
USDJPY,2,1,2,400,1.19,1.94,-0.99,0.75,True
USDJPY,2,2,2,400,0.58,0.76,-1.6,0.5,True
USDJPY,2,3,2,400,1.51,1.72,-0.67,0.75,True
USDJPY,2,4,2,400,1.5,1.68,-0.68,0.5,False
USDJPY,2,5,2,400,0.45,0.73,-1.73,0.62,False
USDJPY,2,6,2,400,-0.66,-1.05,-1.52,0.62,True
USDJPY,2,7,2,400,-0.29,-0.48,-1.89,0.38,True
USDJPY,2,8,2,400,-0.09,-0.14,-2.09,0.62,False
USDJPY,2,9,2,400,0.25,0.31,-1.93,0.38,False
USDJPY,2,10,2,400,0.78,0.93,-1.4,0.62,True
USDJPY,2,11,2,400,0.35,0.51,-1.83,0.75,False
USDJPY,2,12,2,400,0.44,0.76,-1.74,0.75,True
USDJPY,2,13,2,400,0.55,0.95,-1.63,0.62,True
USDJPY,2,14,2,400,-0.14,-0.14,-2.04,0.5,False
USDJPY,2,15,2,400,-1.66,-1.41,-0.52,0.62,True
USDJPY,2,16,2,400,-0.21,-0.21,-1.97,0.5,False
USDJPY,2,17,2,400,1.64,1.9,-0.54,0.75,True
USDJPY,2,18,2,400,1.17,1.84,-1.01,0.75,True
USDJPY,2,19,2,400,0.98,1.52,-1.2,0.88,True
USDJPY,2,20,2,400,0.11,0.1,-2.07,0.62,False
USDJPY,2,21,2,400,1.56,1.64,-0.62,0.5,False
USDJPY,2,22,2,400,1.68,2.39,-0.5,0.62,True
USDJPY,3,0,2,402,-2.18,-3.55,-0.0,0.75,True
USDJPY,3,1,2,402,-0.86,-1.17,-1.32,0.5,False
USDJPY,3,2,2,402,-1.4,-1.64,-0.78,0.75,True
USDJPY,3,3,2,402,-0.96,-1.13,-1.22,0.75,True
USDJPY,3,4,2,402,-0.62,-0.87,-1.56,0.75,True
USDJPY,3,5,2,402,0.15,0.26,-2.04,0.5,True
USDJPY,3,6,2,402,0.88,1.59,-1.3,0.62,True
USDJPY,3,7,2,402,0.1,0.17,-2.08,0.62,False
USDJPY,3,8,2,402,0.07,0.09,-2.11,0.62,False
USDJPY,3,9,2,402,0.25,0.3,-1.93,0.62,True
USDJPY,3,10,2,402,-0.55,-0.53,-1.63,0.75,False
USDJPY,3,11,2,402,0.01,0.01,-2.18,0.5,False
USDJPY,3,12,2,402,-0.78,-1.12,-1.4,0.62,True
USDJPY,3,13,2,402,-1.41,-1.66,-0.77,0.88,True
USDJPY,3,14,2,402,-0.82,-0.62,-1.36,0.5,False
USDJPY,3,15,2,402,-0.84,-0.55,-1.34,0.5,True
USDJPY,3,16,2,402,0.46,0.37,-1.72,0.62,False
USDJPY,3,17,2,402,1.24,1.31,-0.94,0.62,True
USDJPY,3,18,2,402,1.35,1.9,-0.83,0.88,True
USDJPY,3,19,2,402,0.37,0.55,-1.81,0.75,True
USDJPY,3,20,2,402,-0.66,-1.0,-1.52,0.5,True
USDJPY,3,21,2,402,-0.11,-0.22,-2.07,0.5,True
USDJPY,3,22,2,402,0.33,0.71,-1.85,0.62,False
USDJPY,4,0,2,402,1.52,3.51,-0.66,0.88,True
USDJPY,4,1,2,402,0.67,1.04,-1.51,0.75,True
USDJPY,4,2,2,402,0.49,0.61,-1.69,0.75,True
USDJPY,4,3,2,402,-0.01,-0.02,-2.17,0.25,False
USDJPY,4,4,2,402,-0.83,-1.22,-1.35,0.75,False
USDJPY,4,5,2,402,-0.57,-0.88,-1.61,0.5,False
USDJPY,4,6,2,402,-0.2,-0.31,-1.98,0.62,False
USDJPY,4,7,2,402,0.3,0.47,-1.88,0.62,False
USDJPY,4,8,2,402,-0.97,-1.06,-1.21,0.62,True
USDJPY,4,9,2,402,0.16,0.15,-2.02,0.62,False
USDJPY,4,10,2,402,1.98,2.13,-0.2,0.88,True
USDJPY,4,11,2,402,1.73,2.37,-0.45,0.88,True
USDJPY,4,12,2,402,0.68,1.09,-1.5,1.0,True
USDJPY,4,13,2,402,0.1,0.16,-2.08,0.5,False
USDJPY,4,14,2,402,0.48,0.37,-1.7,0.5,False
USDJPY,4,15,2,402,0.08,0.06,-2.1,0.5,False
USDJPY,4,16,2,402,-1.74,-1.31,-0.44,0.88,True
USDJPY,4,17,2,402,-1.85,-1.35,-0.33,0.88,False
USDJPY,4,18,2,402,0.13,0.14,-2.05,0.75,False
USDJPY,4,19,2,402,0.62,0.82,-1.56,0.62,True
USDJPY,4,20,2,402,-0.41,-0.85,-1.77,0.62,False
USDJPY,4,21,2,402,-0.03,-0.07,-2.15,0.5,False
USDJPY,4,22,2,402,-0.24,-0.55,-1.94,0.5,True
USDJPY,all,0,4,2005,1.49,3.45,-0.69,0.62,True
USDJPY,all,1,4,2007,1.32,2.67,-0.86,0.88,True
USDJPY,all,2,4,2007,-0.4,-0.78,-1.78,0.62,False
USDJPY,all,3,4,2007,-0.22,-0.43,-1.96,0.38,False
USDJPY,all,4,4,2007,0.13,0.29,-2.05,0.5,False
USDJPY,all,5,4,2007,0.26,0.63,-1.92,0.5,True
USDJPY,all,6,4,2007,0.4,0.9,-1.78,0.62,True
USDJPY,all,7,4,2007,0.53,1.07,-1.65,0.5,True
USDJPY,all,8,4,2007,0.43,0.84,-1.75,0.62,False
USDJPY,all,9,4,2007,0.74,1.42,-1.44,0.88,True
USDJPY,all,10,4,2007,0.63,1.27,-1.55,0.75,True
USDJPY,all,11,4,2007,0.74,1.56,-1.44,0.75,True
USDJPY,all,12,4,2007,0.51,0.89,-1.67,0.75,False
USDJPY,all,13,4,2007,-0.21,-0.32,-1.97,0.5,False
USDJPY,all,14,4,2007,-0.02,-0.02,-2.16,0.5,False
USDJPY,all,15,4,2007,0.26,0.35,-1.92,0.5,True
USDJPY,all,16,4,2007,0.81,1.29,-1.37,0.75,True
USDJPY,all,17,4,2007,1.44,2.77,-0.74,0.88,True
USDJPY,all,18,4,2007,1.06,2.34,-1.12,0.88,True
USDJPY,all,19,4,2007,1.14,2.94,-1.04,0.75,True
USDJPY,all,20,4,2007,0.75,2.04,-1.43,0.75,True
USDJPY,0,0,4,398,5.07,5.17,2.88,1.0,True
USDJPY,0,1,4,400,2.76,2.24,0.58,0.75,True
USDJPY,0,2,4,400,-2.28,-1.99,0.09,1.0,True
USDJPY,0,3,4,400,-1.85,-1.64,-0.34,0.88,True
USDJPY,0,4,4,400,0.11,0.11,-2.07,0.62,True
USDJPY,0,5,4,400,0.23,0.23,-1.96,0.62,False
USDJPY,0,6,4,400,1.13,1.06,-1.06,0.75,False
USDJPY,0,7,4,400,1.74,1.5,-0.44,0.88,True
USDJPY,0,8,4,400,1.02,0.91,-1.16,0.62,True
USDJPY,0,9,4,400,1.82,1.58,-0.36,0.88,True
USDJPY,0,10,4,400,1.27,1.09,-0.91,0.62,True
USDJPY,0,11,4,400,1.23,1.2,-0.95,0.75,False
USDJPY,0,12,4,400,2.08,1.97,-0.11,0.75,True
USDJPY,0,13,4,400,1.9,1.62,-0.28,0.62,True
USDJPY,0,14,4,400,2.33,1.81,0.15,0.62,True
USDJPY,0,15,4,400,2.66,2.15,0.48,0.88,True
USDJPY,0,16,4,400,2.27,1.99,0.09,0.88,True
USDJPY,0,17,4,400,2.91,3.21,0.73,0.88,True
USDJPY,0,18,4,400,1.8,2.42,-0.38,0.75,True
USDJPY,0,19,4,400,1.4,2.35,-0.78,0.88,True
USDJPY,0,20,4,400,1.67,3.05,-0.51,0.75,True
USDJPY,1,0,4,403,2.02,2.24,-0.16,0.88,True
USDJPY,1,1,4,403,2.38,2.37,0.2,0.75,True
USDJPY,1,2,4,403,0.55,0.46,-1.63,0.62,False
USDJPY,1,3,4,403,0.2,0.17,-1.98,0.62,False
USDJPY,1,4,4,403,0.49,0.41,-1.69,0.75,True
USDJPY,1,5,4,403,0.93,0.83,-1.25,0.62,True
USDJPY,1,6,4,403,1.85,2.06,-0.34,0.75,True
USDJPY,1,7,4,403,0.1,0.1,-2.08,0.38,False
USDJPY,1,8,4,403,-0.06,-0.06,-2.12,0.5,False
USDJPY,1,9,4,403,-0.86,-0.84,-1.32,0.62,False
USDJPY,1,10,4,403,-0.66,-0.71,-1.52,0.75,True
USDJPY,1,11,4,403,1.17,1.25,-1.01,0.5,True
USDJPY,1,12,4,403,0.61,0.52,-1.57,0.38,True
USDJPY,1,13,4,403,0.25,0.19,-1.93,0.25,True
USDJPY,1,14,4,403,-0.45,-0.29,-1.73,0.75,False
USDJPY,1,15,4,403,0.21,0.14,-1.97,0.62,False
USDJPY,1,16,4,403,0.6,0.44,-1.58,0.75,True
USDJPY,1,17,4,403,1.31,1.19,-0.87,0.62,True
USDJPY,1,18,4,403,1.8,2.02,-0.38,0.75,True
USDJPY,1,19,4,403,0.99,1.25,-1.19,0.62,False
USDJPY,1,20,4,403,1.27,1.81,-0.91,0.5,True
USDJPY,2,0,4,400,1.99,2.33,-0.19,0.62,True
USDJPY,2,1,4,400,2.68,2.33,0.5,0.75,True
USDJPY,2,2,4,400,2.08,1.69,-0.1,0.5,True
USDJPY,2,3,4,400,1.95,1.75,-0.23,0.75,True
USDJPY,2,4,4,400,0.84,0.77,-1.34,0.62,False
USDJPY,2,5,4,400,0.16,0.2,-2.02,0.62,False
USDJPY,2,6,4,400,-0.75,-0.87,-1.44,0.75,True
USDJPY,2,7,4,400,-0.04,-0.04,-2.14,0.75,False
USDJPY,2,8,4,400,0.7,0.65,-1.48,0.62,True
USDJPY,2,9,4,400,0.61,0.54,-1.57,0.62,True
USDJPY,2,10,4,400,1.23,1.19,-0.95,0.62,True
USDJPY,2,11,4,400,0.9,0.99,-1.28,0.75,True
USDJPY,2,12,4,400,0.29,0.24,-1.89,0.75,False
USDJPY,2,13,4,400,-1.11,-0.82,-1.07,0.75,False
USDJPY,2,14,4,400,-0.35,-0.23,-1.83,0.5,False
USDJPY,2,15,4,400,0.06,0.04,-2.12,0.38,False
USDJPY,2,16,4,400,0.96,0.78,-1.22,0.5,True
USDJPY,2,17,4,400,2.62,2.31,0.44,0.75,True
USDJPY,2,18,4,400,1.28,1.02,-0.9,0.75,False
USDJPY,2,19,4,400,2.48,2.09,0.3,0.62,False
USDJPY,2,20,4,400,1.8,1.42,-0.39,0.75,False
USDJPY,3,0,4,402,-3.59,-3.29,1.41,0.75,True
USDJPY,3,1,4,402,-1.83,-1.59,-0.35,0.5,True
USDJPY,3,2,4,402,-2.03,-1.83,-0.15,0.75,True
USDJPY,3,3,4,402,-0.81,-0.79,-1.37,0.62,True
USDJPY,3,4,4,402,0.25,0.31,-1.93,0.62,False
USDJPY,3,5,4,402,0.26,0.29,-1.92,0.62,False
USDJPY,3,6,4,402,0.95,0.9,-1.23,0.62,True
USDJPY,3,7,4,402,0.37,0.34,-1.81,0.62,True
USDJPY,3,8,4,402,-0.49,-0.38,-1.69,0.62,False
USDJPY,3,9,4,402,0.25,0.22,-1.93,0.5,False
USDJPY,3,10,4,402,-1.32,-1.04,-0.86,0.75,True
USDJPY,3,11,4,402,-1.41,-1.02,-0.77,0.88,True
USDJPY,3,12,4,402,-1.59,-1.09,-0.59,0.62,True
USDJPY,3,13,4,402,-2.26,-1.31,0.08,0.62,True
USDJPY,3,14,4,402,-0.36,-0.19,-1.82,0.62,False
USDJPY,3,15,4,402,0.46,0.25,-1.72,0.62,True
USDJPY,3,16,4,402,1.81,1.24,-0.37,0.75,True
USDJPY,3,17,4,402,1.6,1.35,-0.58,0.62,True
USDJPY,3,18,4,402,0.69,0.7,-1.49,0.75,True
USDJPY,3,19,4,402,0.26,0.3,-1.92,0.38,True
USDJPY,3,20,4,402,-0.33,-0.43,-1.85,0.75,False
USDJPY,4,0,4,402,1.99,2.13,-0.19,0.62,True
USDJPY,4,1,4,402,0.64,0.65,-1.54,0.62,True
USDJPY,4,2,4,402,-0.33,-0.33,-1.85,0.25,False
USDJPY,4,3,4,402,-0.58,-0.52,-1.6,0.5,False
USDJPY,4,4,4,402,-1.03,-1.08,-1.15,0.5,False
USDJPY,4,5,4,402,-0.26,-0.29,-1.92,0.38,False
USDJPY,4,6,4,402,-1.18,-1.09,-1.0,0.62,False
USDJPY,4,7,4,402,0.47,0.4,-1.71,0.75,False
USDJPY,4,8,4,402,1.0,0.78,-1.18,0.5,True
USDJPY,4,9,4,402,1.88,1.44,-0.3,0.62,True
USDJPY,4,10,4,402,2.65,2.37,0.47,0.88,True
USDJPY,4,11,4,402,1.83,1.87,-0.36,0.88,True
USDJPY,4,12,4,402,1.16,0.8,-1.02,0.5,False
USDJPY,4,13,4,402,0.19,0.12,-1.99,0.5,False
USDJPY,4,14,4,402,-1.25,-0.67,-0.93,0.62,False
USDJPY,4,15,4,402,-2.09,-1.01,-0.09,0.75,True
USDJPY,4,16,4,402,-1.61,-0.94,-0.58,0.75,True
USDJPY,4,17,4,402,-1.22,-0.87,-0.96,0.62,False
USDJPY,4,18,4,402,-0.28,-0.26,-1.9,0.5,False
USDJPY,4,19,4,402,0.59,0.74,-1.59,0.5,False
USDJPY,4,20,4,402,-0.65,-1.04,-1.53,0.62,False
USDJPY,all,0,8,2005,1.62,2.52,-0.56,0.62,True
USDJPY,all,1,8,2007,1.58,2.42,-0.6,0.75,True
USDJPY,all,2,8,2007,-0.0,-0.0,-2.18,0.38,False
USDJPY,all,3,8,2007,0.31,0.45,-1.87,0.5,False
USDJPY,all,4,8,2007,0.57,0.8,-1.61,0.75,False
USDJPY,all,5,8,2007,1.0,1.47,-1.18,0.75,True
USDJPY,all,6,8,2007,1.03,1.53,-1.15,0.88,True
USDJPY,all,7,8,2007,1.27,1.84,-0.91,0.88,True
USDJPY,all,8,8,2007,0.94,1.18,-1.24,0.88,True
USDJPY,all,9,8,2007,0.53,0.62,-1.65,0.62,True
USDJPY,all,10,8,2007,0.61,0.68,-1.57,0.62,True
USDJPY,all,11,8,2007,1.0,1.14,-1.18,0.75,True
USDJPY,all,12,8,2007,1.31,1.54,-0.87,0.75,True
USDJPY,all,13,8,2007,1.17,1.4,-1.01,0.75,True
USDJPY,all,14,8,2007,1.04,1.21,-1.14,0.88,True
USDJPY,all,15,8,2007,1.4,1.67,-0.78,0.88,True
USDJPY,all,16,8,2007,1.55,2.17,-0.63,0.88,True
USDJPY,0,0,8,398,5.17,3.51,2.99,1.0,True
USDJPY,0,1,8,400,2.98,1.95,0.8,0.62,True
USDJPY,0,2,8,400,-1.15,-0.76,-1.03,0.75,False
USDJPY,0,3,8,400,-0.1,-0.06,-2.08,0.5,False
USDJPY,0,4,8,400,1.13,0.67,-1.05,0.5,True
USDJPY,0,5,8,400,2.04,1.3,-0.14,0.75,True
USDJPY,0,6,8,400,2.41,1.49,0.22,0.75,True
USDJPY,0,7,8,400,2.98,1.92,0.8,0.75,True
USDJPY,0,8,8,400,3.09,2.03,0.91,0.75,True
USDJPY,0,9,8,400,3.72,2.35,1.54,0.88,True
USDJPY,0,10,8,400,3.6,2.14,1.42,0.75,True
USDJPY,0,11,8,400,3.88,2.4,1.7,0.62,True
USDJPY,0,12,8,400,4.33,2.78,2.15,0.88,True
USDJPY,0,13,8,400,4.67,3.08,2.49,0.88,True
USDJPY,0,14,8,400,4.13,2.76,1.95,0.88,True
USDJPY,0,15,8,400,4.06,2.96,1.88,0.88,True
USDJPY,0,16,8,400,3.93,3.17,1.75,0.88,True
USDJPY,1,0,8,403,2.51,1.72,0.33,0.75,True
USDJPY,1,1,8,403,3.3,2.17,1.12,0.75,True
USDJPY,1,2,8,403,2.4,1.5,0.22,0.75,True
USDJPY,1,3,8,403,0.3,0.19,-1.88,0.5,False
USDJPY,1,4,8,403,0.43,0.26,-1.75,0.5,False
USDJPY,1,5,8,403,0.08,0.05,-2.1,0.5,False
USDJPY,1,6,8,403,1.19,0.89,-0.99,0.62,True
USDJPY,1,7,8,403,1.26,0.94,-0.92,0.5,True
USDJPY,1,8,8,403,0.55,0.36,-1.63,0.62,False
USDJPY,1,9,8,403,-0.61,-0.36,-1.57,0.62,False
USDJPY,1,10,8,403,-1.11,-0.63,-1.07,0.62,True
USDJPY,1,11,8,403,1.37,0.77,-0.81,0.88,True
USDJPY,1,12,8,403,1.21,0.69,-0.97,0.75,True
USDJPY,1,13,8,403,1.54,0.88,-0.64,0.88,True
USDJPY,1,14,8,403,1.36,0.77,-0.82,0.62,True
USDJPY,1,15,8,403,1.2,0.7,-0.98,0.5,True
USDJPY,1,16,8,403,1.87,1.22,-0.31,0.62,True
USDJPY,2,0,8,400,2.84,1.92,0.66,0.62,True
USDJPY,2,1,8,400,2.84,1.94,0.66,0.62,True
USDJPY,2,2,8,400,1.33,0.91,-0.85,0.5,True
USDJPY,2,3,8,400,1.91,1.37,-0.27,0.38,True
USDJPY,2,4,8,400,1.54,1.08,-0.64,0.62,True
USDJPY,2,5,8,400,0.76,0.55,-1.42,0.38,True
USDJPY,2,6,8,400,0.49,0.35,-1.69,0.38,False
USDJPY,2,7,8,400,0.86,0.58,-1.32,0.38,True
USDJPY,2,8,8,400,0.99,0.6,-1.19,0.75,True
USDJPY,2,9,8,400,-0.5,-0.27,-1.68,0.25,False
USDJPY,2,10,8,400,0.87,0.46,-1.31,0.5,True
USDJPY,2,11,8,400,0.97,0.56,-1.21,0.5,True
USDJPY,2,12,8,400,1.26,0.72,-0.92,0.75,True
USDJPY,2,13,8,400,1.6,0.93,-0.58,0.75,True
USDJPY,2,14,8,400,0.94,0.49,-1.24,0.62,False
USDJPY,2,15,8,400,2.54,1.35,0.36,0.88,True
USDJPY,2,16,8,400,2.76,1.59,0.58,0.88,True
USDJPY,3,0,8,402,-3.33,-2.35,1.15,0.62,True
USDJPY,3,1,8,402,-1.57,-1.12,-0.61,0.62,True
USDJPY,3,2,8,402,-1.08,-0.76,-1.1,0.75,False
USDJPY,3,3,8,402,-0.44,-0.3,-1.74,0.88,True
USDJPY,3,4,8,402,-0.23,-0.15,-1.95,0.62,False
USDJPY,3,5,8,402,0.52,0.34,-1.66,0.62,False
USDJPY,3,6,8,402,-0.38,-0.24,-1.8,0.62,True
USDJPY,3,7,8,402,-1.05,-0.61,-1.13,0.62,True
USDJPY,3,8,8,402,-2.08,-0.96,-0.1,0.62,True
USDJPY,3,9,8,402,-2.01,-0.87,-0.17,0.62,True
USDJPY,3,10,8,402,-1.68,-0.68,-0.5,0.62,True
USDJPY,3,11,8,402,-0.95,-0.4,-1.23,0.38,True
USDJPY,3,12,8,402,0.21,0.1,-1.97,0.62,False
USDJPY,3,13,8,402,-0.6,-0.28,-1.58,0.5,True
USDJPY,3,14,8,402,0.33,0.16,-1.85,0.62,False
USDJPY,3,15,8,402,0.71,0.34,-1.47,0.5,True
USDJPY,3,16,8,402,1.48,0.92,-0.7,0.75,True
USDJPY,4,0,8,402,0.96,0.72,-1.22,0.62,False
USDJPY,4,1,8,402,0.38,0.27,-1.8,0.62,False
USDJPY,4,2,8,402,-1.51,-1.02,-0.68,0.5,False
USDJPY,4,3,8,402,-0.11,-0.06,-2.08,0.5,False
USDJPY,4,4,8,402,-0.03,-0.02,-2.15,0.5,False
USDJPY,4,5,8,402,1.63,1.02,-0.55,0.62,False
USDJPY,4,6,8,402,1.47,0.91,-0.71,0.75,False
USDJPY,4,7,8,402,2.29,1.43,0.11,0.75,True
USDJPY,4,8,8,402,2.15,1.12,-0.03,0.75,True
USDJPY,4,9,8,402,2.07,1.0,-0.11,0.62,True
USDJPY,4,10,8,402,1.4,0.65,-0.78,0.62,False
USDJPY,4,11,8,402,-0.26,-0.12,-1.92,0.62,False
USDJPY,4,12,8,402,-0.43,-0.19,-1.75,0.62,False
USDJPY,4,13,8,402,-1.36,-0.63,-0.82,0.62,True
USDJPY,4,14,8,402,-1.53,-0.68,-0.66,0.75,True
USDJPY,4,15,8,402,-1.5,-0.69,-0.68,0.75,True
USDJPY,4,16,8,402,-2.26,-1.26,0.08,0.88,True
