dow,hour,hold_h,n,bps,t,yrs_same,h1_bps,h2_bps,halves_agree
4,23,1,382,3.74,5.34,0.88,3.71,3.78,True
3,1,2,402,6.03,5.26,1.0,3.64,8.63,True
3,1,1,402,4.38,4.72,1.0,2.91,5.97,True
1,1,1,403,3.2,3.74,1.0,2.81,3.62,True
2,1,2,400,4.13,3.3,0.88,3.11,5.23,True
4,1,2,393,2.66,3.27,1.0,1.93,3.43,True
1,1,2,403,3.61,3.16,1.0,3.1,4.16,True
2,1,4,400,5.91,3.09,0.88,2.12,9.97,True
2,1,8,400,7.33,3.07,0.88,1.96,13.1,True
2,2,8,400,7.14,2.94,0.75,0.73,14.01,True
1,1,4,403,5.16,2.67,1.0,4.88,5.45,True
2,8,2,400,3.44,2.58,0.88,2.45,4.51,True
2,2,2,400,3.33,2.55,0.75,-0.45,7.4,False
4,22,1,382,-2.22,-2.45,0.88,-1.89,-2.57,True
2,6,4,400,3.72,2.44,0.75,2.29,5.25,True
4,19,4,382,-4.37,-2.29,0.75,-2.29,-6.57,True
3,2,1,402,1.64,2.29,0.75,0.71,2.66,True
2,1,1,400,2.25,2.27,0.62,2.4,2.08,True
2,3,8,400,5.52,2.24,0.88,1.14,10.22,True
4,1,1,393,1.85,2.23,0.88,0.72,3.04,True
2,2,1,400,1.86,2.19,0.75,0.68,3.13,True
2,7,4,400,3.78,2.18,0.75,3.38,4.2,True
3,12,2,402,2.37,2.13,0.62,0.57,4.32,True
4,6,4,393,3.44,2.12,0.75,3.33,3.55,True
4,1,4,393,3.88,2.12,1.0,2.97,4.85,True
4,9,2,393,2.86,2.11,0.75,3.02,2.7,True
4,9,1,393,1.99,2.1,0.62,1.8,2.19,True
3,1,4,402,4.17,2.06,0.88,1.17,7.42,True
2,9,1,400,2.1,2.06,0.88,1.24,3.02,True
4,1,8,393,4.96,2.05,0.88,5.05,4.86,True
3,20,1,398,2.07,2.01,0.88,2.33,1.79,True
0,11,1,399,1.96,2.0,0.88,1.34,2.62,True
4,7,4,393,3.75,1.97,0.88,4.37,3.08,True
3,13,1,402,1.67,1.95,0.62,0.46,2.98,True
2,23,1,398,-1.45,-1.93,0.62,-1.75,-1.11,True
4,2,8,393,5.07,1.89,0.88,6.08,4.0,True
4,6,2,393,2.01,1.87,0.88,1.37,2.7,True
4,3,8,393,5.14,1.84,0.88,6.12,4.1,True
4,9,4,393,3.17,1.83,0.75,1.65,4.77,True
3,13,2,402,2.29,1.79,0.88,2.17,2.43,True
2,2,4,400,3.45,1.76,0.75,-1.53,8.79,False
4,5,8,393,4.22,1.74,0.75,3.67,4.8,True
4,21,2,382,-1.8,-1.69,0.75,-0.75,-2.92,True
3,9,1,402,1.66,1.69,0.62,2.0,1.3,True
0,22,1,363,1.51,1.69,0.62,0.1,3.03,True
0,21,2,363,1.9,1.68,0.62,0.06,3.87,True
4,7,1,393,1.45,1.66,1.0,1.19,1.73,True
3,4,4,402,-2.75,-1.65,0.5,-2.21,-3.34,True
4,19,1,393,-2.06,-1.64,0.62,-0.75,-3.44,True
2,3,1,400,1.48,1.63,0.62,-1.11,4.25,False
2,8,1,400,1.36,1.63,0.75,1.24,1.5,True
4,19,2,389,-2.44,-1.61,0.88,-1.36,-3.6,True
2,19,2,400,-1.83,-1.6,0.75,-2.97,-0.61,True
2,9,2,400,2.33,1.6,0.62,2.3,2.37,True
4,4,4,393,2.79,1.59,0.88,3.76,1.75,True
3,4,2,402,-2.25,-1.58,0.5,-1.31,-3.27,True
2,8,8,400,4.53,1.56,0.75,5.05,3.98,True
2,7,2,400,1.46,1.56,0.62,1.12,1.83,True
3,2,2,402,1.83,1.56,0.75,0.14,3.66,True
3,20,4,391,2.77,1.55,0.62,1.71,3.92,True
0,12,1,399,-1.29,-1.53,0.62,-0.13,-2.54,True
4,13,1,393,-1.36,-1.52,0.62,-1.35,-1.36,True
0,10,2,399,2.22,1.5,0.75,0.41,4.17,True
3,4,1,402,-2.05,-1.5,0.62,-1.9,-2.21,True
4,4,8,393,4.2,1.48,0.75,6.47,1.8,True
1,2,2,403,1.7,1.48,0.75,0.75,2.72,True
0,22,2,363,1.32,1.46,0.62,0.56,2.13,True
1,17,4,403,3.75,1.45,0.62,5.39,2.0,True
3,3,4,402,-2.76,-1.43,0.62,-2.51,-3.03,True
4,22,2,382,1.51,1.43,0.75,1.76,1.24,True
1,1,8,403,3.56,1.41,0.62,4.4,2.65,True
0,12,2,399,-2.17,-1.41,0.75,-3.57,-0.65,True
2,22,2,398,-1.9,-1.41,0.75,-1.1,-2.77,True
2,15,2,400,3.13,1.4,0.75,3.06,3.22,True
0,6,4,399,-2.41,-1.38,0.88,-3.82,-0.88,True
4,18,2,393,-2.96,-1.38,0.75,-1.81,-4.18,True
4,13,2,393,-1.75,-1.37,0.75,-2.73,-0.72,True
3,11,4,402,2.43,1.36,0.75,2.33,2.53,True
1,17,2,403,3.05,1.34,0.62,4.65,1.35,True
2,8,4,400,2.66,1.34,0.5,2.56,2.77,True
2,20,1,400,-1.19,-1.33,0.75,-0.54,-1.89,True
2,9,8,400,4.25,1.32,0.88,4.47,4.02,True
0,4,1,399,1.7,1.31,0.75,-0.21,3.75,False
3,20,2,395,1.78,1.31,0.75,1.63,1.93,True
0,19,4,363,2.17,1.31,0.62,-1.59,6.2,False
4,6,8,393,3.27,1.31,0.62,1.81,4.82,True
0,3,2,399,2.14,1.29,0.75,1.38,2.95,True
2,17,4,400,-2.87,-1.29,0.5,-1.7,-4.12,True
4,12,1,392,1.15,1.27,0.62,-0.92,3.34,False
2,4,8,400,3.04,1.26,0.75,1.33,4.87,True
2,3,2,400,1.78,1.26,0.62,-0.97,4.72,False
1,13,1,403,1.1,1.25,0.5,0.94,1.27,True
3,15,2,402,-3.19,-1.24,0.62,-1.32,-5.21,True
0,14,1,399,1.44,1.24,0.5,-1.29,4.4,False
2,15,1,400,2.07,1.23,0.75,2.43,1.69,True
0,1,4,399,2.88,1.23,0.88,1.29,4.6,True
1,3,1,403,1.29,1.22,0.5,0.45,2.17,True
4,18,4,384,-3.02,-1.21,0.75,-1.36,-4.78,True
3,22,1,391,1.12,1.19,0.62,0.73,1.54,True
3,6,1,402,-0.67,-1.18,0.62,-0.65,-0.7,True
1,8,1,403,-1.21,-1.17,0.75,0.04,-2.54,False
0,18,2,399,1.57,1.17,0.5,0.43,2.8,True
2,14,2,400,2.2,1.16,0.75,1.88,2.53,True
2,5,8,400,2.64,1.15,0.75,2.46,2.84,True
3,7,8,402,3.08,1.15,0.62,4.53,1.51,True
2,6,8,400,2.62,1.13,0.62,3.03,2.18,True
1,12,1,403,-0.92,-1.13,0.62,-1.22,-0.59,True
3,9,2,402,1.56,1.12,0.62,2.88,0.13,True
3,4,8,402,-2.84,-1.11,0.62,0.29,-6.23,False
2,13,4,400,3.06,1.11,0.62,1.89,4.32,True
1,7,2,403,-1.39,-1.1,0.62,-0.2,-2.65,True
4,2,1,393,0.8,1.09,0.62,1.2,0.38,True
4,17,1,393,2.11,1.09,0.88,2.02,2.2,True
4,20,4,382,1.74,1.08,0.62,2.29,1.15,True
4,8,2,393,1.44,1.08,0.75,2.0,0.86,True
3,16,1,402,-1.93,-1.08,0.75,-0.73,-3.23,True
2,7,8,400,2.54,1.07,0.75,2.46,2.63,True
0,4,2,399,1.72,1.07,0.62,-0.07,3.66,False
3,17,4,398,2.76,1.04,0.62,0.57,5.09,True
1,18,1,403,1.25,1.03,0.62,1.33,1.17,True
3,1,8,402,2.42,1.03,0.5,0.48,4.53,True
3,3,2,402,-1.87,-1.03,0.75,-2.45,-1.24,True
1,2,4,403,1.75,1.02,0.62,2.07,1.41,True
0,6,2,399,-1.1,-1.01,0.62,-1.79,-0.36,True
2,5,4,400,1.46,1.01,0.62,-0.1,3.15,False
3,8,1,402,-1.05,-1.01,0.38,-0.38,-1.76,True
2,3,4,400,1.75,1.01,0.5,-2.23,6.02,False
3,5,4,402,-1.72,-0.99,0.38,-0.67,-2.87,True
1,13,8,403,3.62,0.96,0.75,4.81,2.35,True
3,10,4,402,1.7,0.96,0.62,1.52,1.89,True
2,11,1,400,-1.0,-0.96,0.75,-0.93,-1.08,True
1,5,4,403,-1.59,-0.95,0.62,-0.47,-2.79,True
3,19,4,391,1.99,0.95,0.62,0.09,4.04,True
0,19,1,399,0.73,0.94,0.62,0.04,1.47,True
1,3,2,403,1.54,0.93,0.62,1.78,1.28,True
4,4,1,393,1.17,0.93,0.88,1.88,0.41,True
1,17,1,403,1.78,0.92,0.5,3.3,0.16,True
2,20,4,398,-2.23,-0.92,0.62,1.38,-6.14,False
1,20,1,403,0.81,0.92,0.75,0.66,0.97,True
3,22,2,391,0.94,0.92,0.62,0.08,1.87,True
0,16,2,399,-2.18,-0.92,0.75,1.57,-6.22,False
3,9,4,402,1.69,0.91,0.5,3.05,0.23,True
4,11,1,392,-0.91,-0.9,0.62,-0.45,-1.39,True
0,18,4,383,1.58,0.9,0.62,-1.06,4.26,False
0,15,2,399,-2.08,-0.89,0.62,1.27,-5.7,False
0,20,4,363,1.26,0.89,0.5,-1.15,3.85,False
3,12,1,402,0.7,0.89,0.5,0.11,1.34,True
4,7,8,393,2.38,0.89,0.62,0.26,4.63,True
0,6,8,399,-2.36,-0.89,0.75,-6.99,2.64,False
4,11,4,392,-1.55,-0.87,0.62,-4.1,1.15,False
2,17,1,400,-1.4,-0.87,0.62,-1.1,-1.73,True
1,16,1,403,-1.51,-0.87,0.75,-0.87,-2.19,True
1,21,1,401,-0.68,-0.87,0.5,-1.78,0.51,False
4,10,1,393,0.88,0.86,0.62,1.22,0.52,True
3,3,8,402,-2.09,-0.85,0.5,-0.31,-4.02,True
2,11,2,400,-1.12,-0.84,0.62,0.31,-2.66,False
0,8,2,399,-1.3,-0.84,0.75,-2.02,-0.52,True
0,6,1,399,-0.52,-0.83,0.62,-1.27,0.29,False
0,3,4,399,1.62,0.83,0.62,0.24,3.11,True
2,16,8,398,-3.0,-0.83,0.62,0.59,-6.9,False
4,6,1,393,0.57,0.82,0.75,0.19,0.97,True
0,7,4,399,-1.62,-0.82,0.88,-3.45,0.36,False
2,12,4,400,1.88,0.81,0.62,2.49,1.23,True
1,5,8,403,-2.22,-0.81,0.62,-0.68,-3.85,True
3,5,2,402,-0.86,-0.81,0.62,-0.04,-1.76,True
0,15,4,399,-2.43,-0.78,0.75,2.26,-7.49,False
0,5,4,399,-1.52,-0.77,0.75,-2.01,-0.99,True
3,19,1,402,-0.9,-0.77,0.5,-2.2,0.52,False
1,22,1,400,0.7,0.76,0.62,-0.88,2.4,False
1,18,2,403,1.14,0.76,0.5,1.41,0.85,True
4,2,4,393,1.65,0.76,0.75,2.77,0.47,True
4,7,2,393,0.91,0.75,0.62,1.4,0.4,True
0,9,1,399,-0.85,-0.74,0.5,-1.6,-0.04,True
2,19,1,400,-0.63,-0.74,0.75,-2.42,1.29,False
4,3,4,393,1.4,0.74,0.75,1.77,1.02,True
4,13,8,389,-3.33,-0.74,0.62,-5.71,-0.79,True
1,3,4,403,1.31,0.73,0.5,1.48,1.12,True
3,12,4,402,1.75,0.73,0.5,1.72,1.77,True
3,17,1,402,1.56,0.73,0.38,-0.06,3.32,False
4,15,8,382,-3.26,-0.73,0.62,-2.99,-3.55,True
3,19,2,398,1.15,0.72,0.5,0.06,2.32,True
0,17,1,399,-1.13,-0.72,0.75,0.67,-3.07,False
1,15,8,400,2.82,0.72,0.62,1.6,4.14,True
3,6,8,402,1.79,0.72,0.62,2.18,1.38,True
4,3,2,393,1.23,0.72,0.88,1.07,1.4,True
4,13,4,393,-2.14,-0.72,0.62,-5.1,0.99,False
0,18,1,399,0.83,0.71,0.38,0.38,1.31,True
3,7,2,402,-0.87,-0.71,0.5,-0.64,-1.13,True
4,8,4,393,1.43,0.71,0.5,2.75,0.04,True
0,13,1,399,-0.88,-0.71,0.62,-3.44,1.87,False
1,23,1,400,-0.49,-0.7,0.5,-0.45,-0.53,True
1,18,4,401,1.25,0.69,0.5,0.3,2.26,True
4,5,4,393,1.08,0.69,0.5,2.06,0.04,True
0,2,4,399,1.57,0.69,0.62,3.57,-0.58,False
3,15,1,402,-1.26,-0.68,0.75,-0.57,-2.01,True
0,7,2,399,-1.01,-0.68,0.62,-0.87,-1.16,True
3,17,2,402,1.58,0.68,0.38,0.49,2.76,True
4,2,2,393,0.88,0.68,0.75,0.35,1.43,True
0,1,1,399,1.28,0.67,0.62,-2.23,5.07,False
1,15,4,403,2.21,0.67,0.5,3.79,0.52,True
0,15,1,399,-1.09,-0.67,0.62,0.3,-2.59,False
1,13,2,403,0.71,0.66,0.62,0.3,1.14,True
2,11,4,400,-1.22,-0.66,0.62,-0.92,-1.55,True
3,14,1,402,0.61,0.65,0.75,1.68,-0.55,False
1,11,2,403,-0.89,-0.65,0.75,-0.7,-1.1,True
2,15,4,400,1.91,0.65,0.5,4.07,-0.41,False
1,2,1,403,0.41,0.65,0.75,0.29,0.54,True
0,12,8,399,-2.37,-0.64,0.5,-2.48,-2.26,True
0,16,1,399,-0.99,-0.62,0.5,1.0,-3.13,False
4,18,1,393,-0.9,-0.61,0.62,-1.05,-0.74,True
3,11,1,402,-0.57,-0.61,0.62,0.05,-1.24,False
2,19,4,398,-1.45,-0.61,0.5,0.7,-3.79,False
2,16,1,400,1.06,0.61,0.75,0.61,1.54,True
3,21,2,391,0.79,0.61,0.5,-0.09,1.75,False
2,9,4,400,1.2,0.6,0.62,2.6,-0.3,False
0,12,4,399,-1.77,-0.6,0.62,-4.49,1.15,False
0,5,8,399,-1.47,-0.59,0.75,-3.4,0.62,False
0,20,1,389,-0.52,-0.59,0.62,-1.66,0.65,False
0,7,1,399,-0.58,-0.59,0.62,-0.51,-0.65,True
2,14,4,400,1.67,0.58,0.75,1.17,2.21,True
1,19,2,403,0.69,0.57,0.62,0.73,0.66,True
1,7,4,403,-1.1,-0.57,0.62,0.29,-2.59,False
4,16,2,393,1.51,0.57,0.75,0.74,2.31,True
0,4,8,399,1.5,0.56,0.62,-3.5,6.89,False
2,10,4,400,-1.07,-0.56,0.5,0.75,-3.03,False
4,8,1,393,-0.52,-0.55,0.62,0.24,-1.33,False
4,4,2,393,0.79,0.55,0.75,2.41,-0.92,False
3,6,2,402,-0.49,-0.54,0.5,-0.9,-0.04,True
1,11,8,403,2.03,0.54,0.75,3.37,0.59,True
0,14,4,399,-1.8,-0.54,0.5,0.6,-4.38,False
2,17,2,400,-1.04,-0.53,0.5,1.26,-3.51,False
3,10,2,402,-0.67,-0.52,0.62,0.94,-2.42,False
3,13,8,398,2.01,0.52,0.5,1.84,2.19,True
0,11,2,399,0.69,0.52,0.62,1.22,0.11,True
1,12,8,403,1.89,0.51,0.75,2.93,0.77,True
4,12,8,392,-2.21,-0.51,0.5,-6.0,1.81,False
2,10,2,400,-0.76,-0.51,0.5,0.12,-1.71,False
2,21,1,399,0.91,0.51,0.62,3.09,-1.45,False
0,11,4,399,1.26,0.51,0.62,-3.49,6.38,False
0,2,1,399,-0.59,-0.51,0.62,2.07,-3.45,False
4,5,1,393,-0.38,-0.5,0.5,0.51,-1.31,False
3,8,8,402,1.65,0.5,0.5,4.22,-1.13,False
1,6,4,403,-0.86,-0.5,0.62,-0.22,-1.54,True
1,9,1,403,0.52,0.5,0.62,0.27,0.78,True
1,16,4,403,1.43,0.49,0.5,3.82,-1.11,False
1,7,8,403,-1.31,-0.49,0.75,-0.12,-2.57,True
1,16,8,400,1.66,0.48,0.5,1.08,2.27,True
4,17,2,393,1.22,0.48,0.75,0.99,1.46,True
1,8,2,403,-0.69,-0.48,0.75,0.29,-1.75,False
0,5,2,399,-0.51,-0.48,0.62,-1.13,0.16,False
1,14,8,401,1.74,0.47,0.62,1.9,1.57,True
0,13,4,399,-1.48,-0.47,0.5,-3.39,0.58,False
1,8,4,403,-0.92,-0.46,0.5,1.05,-3.02,False
0,13,8,389,-1.75,-0.45,0.5,-4.37,0.94,False
0,8,1,399,-0.42,-0.45,0.75,-0.35,-0.49,True
0,10,8,399,-1.72,-0.44,0.62,-2.53,-0.85,True
3,18,2,402,-0.85,-0.44,0.62,-1.6,-0.04,True
3,15,4,402,-1.6,-0.44,0.5,-0.7,-2.57,True
0,1,2,399,0.74,0.43,0.62,-0.08,1.63,False
0,1,8,399,1.36,0.42,0.62,-0.73,3.61,False
0,8,4,399,0.9,0.42,0.38,-1.62,3.63,False
3,16,8,391,1.56,0.42,0.38,-0.62,3.9,False
1,15,1,403,0.66,0.42,0.62,0.06,1.3,True
3,8,2,402,0.58,0.41,0.5,1.56,-0.48,False
1,19,4,400,0.75,0.41,0.62,-1.93,3.62,False
4,21,1,384,0.38,0.41,0.5,1.13,-0.42,False
4,14,1,393,-0.4,-0.41,0.5,-1.38,0.64,False
3,16,4,402,-1.23,-0.4,0.62,-2.31,-0.06,True
4,16,4,393,-1.44,-0.4,0.75,-1.04,-1.86,True
4,17,4,389,-1.21,-0.39,0.62,-0.4,-2.08,True
0,21,1,383,0.35,0.39,0.38,0.03,0.68,True
1,4,8,403,-1.04,-0.39,0.62,1.88,-4.15,False
2,22,1,398,-0.46,-0.38,0.62,0.65,-1.67,False
1,14,1,403,-0.37,-0.38,0.88,-0.58,-0.13,True
3,18,4,395,0.87,0.38,0.62,-0.04,1.83,False
0,9,8,399,-1.4,-0.37,0.75,-4.72,2.18,False
0,23,1,363,-0.2,-0.36,0.5,0.48,-0.93,False
1,2,8,403,0.87,0.36,0.5,1.85,-0.18,False
4,14,4,393,1.24,0.36,0.75,-1.94,4.6,False
3,7,4,402,0.65,0.36,0.38,2.19,-1.01,False
0,9,2,399,-0.58,-0.35,0.38,-2.51,1.5,False
3,21,1,395,-0.33,-0.35,0.5,-0.77,0.15,False
3,23,1,391,-0.2,-0.35,0.62,-0.67,0.3,False
1,15,2,403,-0.85,-0.34,0.5,-0.81,-0.88,True
2,18,4,399,-0.76,-0.33,0.75,2.39,-4.15,False
1,6,8,403,-0.9,-0.33,0.62,0.25,-2.12,False
2,6,1,400,0.19,0.32,0.62,-0.02,0.4,False
3,13,4,402,-0.89,-0.32,0.5,0.86,-2.78,False
4,8,8,393,1.05,0.32,0.62,-2.21,4.51,False
0,3,1,399,0.44,0.32,0.5,1.55,-0.76,False
2,18,1,400,0.33,0.32,0.38,2.33,-1.81,False
2,14,8,399,1.13,0.31,0.62,3.58,-1.51,False
2,12,8,400,1.1,0.31,0.75,1.74,0.42,True
4,16,1,393,-0.52,-0.31,0.5,-1.08,0.08,False
3,14,2,402,-0.64,-0.31,0.75,1.12,-2.55,False
2,6,2,400,0.28,0.3,0.88,-0.16,0.75,False
0,13,2,399,0.57,0.3,0.38,-4.71,6.27,False
0,11,8,399,-1.14,-0.3,0.5,-1.18,-1.1,True
1,9,4,403,-0.62,-0.3,0.75,-0.19,-1.08,True
4,9,8,393,1.03,0.29,0.62,-3.47,5.79,False
0,4,4,399,0.61,0.29,0.38,-1.86,3.27,False
2,16,4,400,-0.78,-0.29,0.38,-0.77,-0.8,True
3,14,4,402,-1.0,-0.28,0.5,0.44,-2.56,False
2,4,1,400,0.32,0.28,0.5,0.17,0.48,True
4,10,8,393,1.1,0.28,0.62,-3.45,5.91,False
0,2,8,399,-0.85,-0.27,0.62,-0.26,-1.49,True
2,10,1,400,0.26,0.27,0.5,1.07,-0.62,False
3,7,1,402,0.17,0.26,0.5,-0.25,0.64,False
4,20,1,389,-0.25,-0.26,0.62,-0.59,0.12,False
4,14,8,384,-1.21,-0.26,0.62,-2.35,-0.01,True
2,12,2,400,-0.31,-0.26,0.5,0.63,-1.31,False
0,10,1,399,0.29,0.26,0.75,-0.89,1.56,False
0,8,8,399,-0.85,-0.25,0.75,-6.1,4.81,False
0,15,8,363,-0.92,-0.24,0.62,0.61,-2.56,False
1,5,1,403,-0.2,-0.24,0.5,0.01,-0.41,False
1,7,1,403,-0.19,-0.24,0.5,-0.24,-0.13,True
4,12,4,392,-0.59,-0.23,0.38,-4.98,4.08,False
3,2,4,402,-0.42,-0.23,0.62,-1.17,0.39,False
3,9,8,402,0.81,0.23,0.5,3.91,-2.55,False
1,20,4,400,0.36,0.23,0.62,-2.45,3.38,False
2,16,2,400,-0.53,-0.23,0.5,-0.73,-0.31,True
4,11,8,392,-0.98,-0.23,0.5,-5.68,4.01,False
1,9,8,403,-0.76,-0.22,0.5,-0.73,-0.79,True
4,11,2,392,0.25,0.22,0.62,-1.35,1.96,False
1,12,4,403,0.45,0.22,0.75,-0.89,1.88,False
2,4,4,400,0.39,0.22,0.5,-1.23,2.12,False
1,4,1,403,0.27,0.21,0.5,1.35,-0.88,False
2,21,2,398,0.46,0.21,0.62,3.76,-3.12,False
2,18,2,400,-0.28,-0.21,0.62,-0.06,-0.52,True
1,5,2,403,-0.22,-0.21,0.62,-0.29,-0.15,True
3,11,8,402,0.84,0.21,0.5,1.64,-0.03,False
0,16,4,399,-0.59,-0.21,0.5,2.04,-3.44,False
2,11,8,400,0.7,0.2,0.5,3.19,-1.97,False
2,13,1,400,-0.18,-0.2,0.62,-0.6,0.26,False
4,15,4,393,0.73,0.2,0.62,-1.59,3.19,False
1,22,2,400,0.22,0.2,0.5,-1.35,1.9,False
3,5,1,402,-0.18,-0.2,0.38,0.61,-1.04,False
1,9,2,403,0.29,0.19,0.38,0.51,0.04,True
1,10,1,403,-0.21,-0.19,0.62,0.28,-0.73,False
2,5,1,400,-0.15,-0.18,0.5,-1.16,0.94,False
3,3,1,402,0.18,0.18,0.5,-0.54,0.97,False
1,14,4,403,0.57,0.18,0.5,1.83,-0.77,False
0,19,2,389,0.21,0.18,0.62,-1.66,2.14,False
4,12,2,392,-0.23,-0.18,0.38,-2.29,1.95,False
4,5,2,393,0.18,0.17,0.5,0.68,-0.36,False
1,14,2,403,0.3,0.17,0.62,-0.55,1.2,False
0,14,8,383,-0.66,-0.17,0.5,-0.88,-0.44,True
0,14,2,399,0.39,0.17,0.5,-0.93,1.81,False
2,20,2,399,-0.34,-0.17,0.5,2.47,-3.36,False
3,10,8,402,0.71,0.17,0.5,1.98,-0.66,False
2,10,8,400,0.59,0.17,0.5,1.9,-0.82,False
1,6,2,403,-0.17,-0.16,0.5,-0.51,0.19,False
1,8,8,403,-0.47,-0.16,0.5,0.16,-1.13,False
2,7,1,400,0.1,0.15,0.5,-0.12,0.34,False
4,15,2,393,-0.4,-0.15,0.62,-2.38,1.69,False
0,17,2,399,-0.29,-0.15,0.5,1.09,-1.77,False
1,20,2,401,0.17,0.15,0.5,-1.09,1.5,False
2,15,8,398,0.56,0.15,0.62,4.79,-4.03,False
1,10,2,403,-0.2,-0.14,0.5,0.8,-1.26,False
1,12,2,403,0.18,0.14,0.5,-0.29,0.68,False
1,10,8,403,0.53,0.14,0.62,2.28,-1.34,False
3,2,8,402,-0.34,-0.14,0.5,-0.51,-0.15,True
2,12,1,400,-0.11,-0.14,0.38,1.24,-1.57,False
4,14,2,393,-0.29,-0.13,0.5,-2.7,2.25,False
3,12,8,402,0.52,0.13,0.5,-0.6,1.73,False
3,16,2,402,-0.36,-0.13,0.62,-0.67,-0.03,True
0,7,8,399,-0.38,-0.13,0.62,-6.98,6.73,False
1,19,1,403,-0.12,-0.12,0.38,0.07,-0.32,False
1,11,4,403,-0.19,-0.11,0.5,-0.4,0.05,False
2,14,1,400,0.11,0.11,0.5,-0.58,0.85,False
3,15,8,391,0.45,0.11,0.38,-0.59,1.57,False
1,16,2,403,0.27,0.11,0.5,2.38,-1.97,False
3,10,1,402,-0.11,-0.11,0.62,0.89,-1.18,False
3,11,2,402,0.13,0.11,0.75,0.16,0.11,True
4,20,2,384,0.14,0.1,0.5,0.52,-0.27,False
4,10,4,393,-0.15,-0.09,0.5,-1.52,1.29,False
2,4,2,400,0.13,0.09,0.62,-1.05,1.4,False
1,3,8,403,0.22,0.09,0.5,1.8,-1.46,False
0,17,4,389,-0.16,-0.08,0.38,-0.7,0.39,False
0,2,2,399,-0.15,-0.08,0.62,3.61,-4.2,False
0,16,8,363,0.28,0.08,0.5,0.89,-0.39,False
1,4,4,403,-0.13,-0.08,0.5,0.83,-1.15,False
4,3,1,393,0.08,0.08,0.25,-0.82,1.03,False
0,20,2,383,-0.09,-0.07,0.38,-1.54,1.39,False
3,6,4,402,0.1,0.06,0.5,0.66,-0.51,False
2,13,2,400,-0.09,-0.06,0.62,-1.21,1.11,False
3,8,4,402,-0.09,-0.05,0.38,2.5,-2.9,False
1,13,4,403,-0.14,-0.05,0.5,-0.53,0.29,False
4,15,1,393,0.09,0.05,0.5,-1.32,1.59,False
1,4,2,403,0.06,0.05,0.62,1.34,-1.3,False
0,9,4,399,0.08,0.04,0.38,-1.33,1.59,False
0,5,1,399,0.03,0.03,0.5,0.15,-0.1,False
1,11,1,403,0.03,0.03,0.38,0.53,-0.51,False
0,10,4,399,0.07,0.03,0.62,-3.15,3.54,False
3,5,8,402,-0.07,-0.03,0.5,2.32,-2.66,False
3,18,1,402,0.04,0.02,0.5,0.59,-0.56,False
3,14,8,395,-0.04,-0.01,0.5,0.48,-0.6,False
4,16,8,382,0.04,0.01,0.25,1.02,-0.99,False
1,10,4,403,-0.02,-0.01,0.5,0.5,-0.57,False
2,5,2,400,0.01,0.01,0.5,-1.21,1.32,False
1,21,2,400,0.02,0.01,0.62,-2.68,2.91,False
2,13,8,400,0.01,0.0,0.75,-0.05,0.08,False
4,10,2,393,0.0,0.0,0.25,0.75,-0.79,False
0,3,8,399,0.01,0.0,0.25,-3.22,3.48,False
1,6,1,403,-0.0,-0.0,0.5,-0.29,0.3,False
