time,amount,reached,prev,days,trading_days,consistency_wait_d
2020-07-23 01:00:00,15358.90250494609,2019-08-08 01:00:00,2019-01-02 01:00:00,568,402,350
2021-09-17 01:00:00,6475.506091209987,2020-08-19 01:00:00,2020-07-23 01:00:00,421,298,394
2023-12-26 01:00:00,14360.914033379493,2022-02-18 01:00:00,2021-09-17 01:00:00,830,586,676
2024-09-27 01:00:00,8218.937857628902,2024-03-06 01:00:00,2023-12-26 01:00:00,276,196,205
2024-11-13 01:00:00,5650.763850747695,2024-10-21 01:00:00,2024-09-27 01:00:00,47,33,23
2025-01-17 01:00:00,3096.7243095385056,2025-01-17 01:00:00,2024-11-13 01:00:00,65,45,0
2025-02-03 01:00:00,3177.0320000000356,2025-02-03 01:00:00,2025-01-17 01:00:00,17,11,0
2025-03-31 01:00:00,4203.867957801267,2025-03-31 01:00:00,2025-02-03 01:00:00,56,40,0
2025-09-24 01:00:00,8013.473558872633,2025-07-22 01:00:00,2025-03-31 01:00:00,177,126,64
2025-12-30 01:00:00,12360.442790449204,2025-10-09 01:00:00,2025-09-24 01:00:00,97,68,82
2026-02-10 01:00:00,7443.091614247751,2026-01-23 01:00:00,2025-12-30 01:00:00,42,29,18
