event,win,n,excess_bps,t,hit,eras,eras_same
CNY,"[-10,-1]",19,96.6,1.42,0.58,"[np.float64(123.7), np.float64(6.5), np.float64(-10.7), np.float64(305.3)]",3
CNY,"[-5,-1]",19,36.2,0.65,0.53,"[np.float64(117.0), np.float64(45.2), np.float64(2.6), np.float64(-44.7)]",3
CNY,"[+0,+4]",19,98.3,1.79,0.63,"[np.float64(231.9), np.float64(37.0), np.float64(-34.3), np.float64(156.1)]",3
CNY,"[+5,+14]",19,25.2,0.36,0.53,"[np.float64(179.8), np.float64(-69.5), np.float64(-5.6), np.float64(4.9)]",2
DHANTERAS,"[-10,-1]",18,-2.7,-0.02,0.61,"[np.float64(-142.4), np.float64(-35.0), np.float64(-49.5), np.float64(356.8)]",3
DHANTERAS,"[-5,-1]",18,-36.1,-0.55,0.56,"[np.float64(-77.9), np.float64(-92.0), np.float64(-48.1), np.float64(161.5)]",3
DHANTERAS,"[+0,+4]",18,-10.7,-0.21,0.39,"[np.float64(106.2), np.float64(-77.3), np.float64(30.2), np.float64(-127.1)]",2
COMEX_FND,"[-8,-4]",110,13.3,0.5,0.51,"[np.float64(37.6), np.float64(-22.0), np.float64(25.2), np.float64(20.0)]",3
COMEX_FND,"[-3,-1]",110,-24.4,-1.62,0.45,"[np.float64(-34.2), np.float64(-61.9), np.float64(-29.8), np.float64(48.0)]",3
COMEX_FND,"[+0,+0]",110,2.1,0.16,0.58,"[np.float64(27.2), np.float64(-9.8), np.float64(1.0), np.float64(-12.3)]",2
COMEX_FND,"[+1,+3]",109,-0.5,-0.02,0.5,"[np.float64(-43.0), np.float64(-31.1), np.float64(65.2), np.float64(31.8)]",2
EVEN_MEND,"[-8,-4]",109,-2.0,-0.08,0.52,"[np.float64(-20.3), np.float64(-19.9), np.float64(55.8), np.float64(-13.4)]",3
EVEN_MEND,"[-3,-1]",109,-12.5,-0.78,0.48,"[np.float64(30.1), np.float64(-2.0), np.float64(-36.8), np.float64(-59.8)]",3
EVEN_MEND,"[+0,+0]",109,-8.4,-0.77,0.5,"[np.float64(7.1), np.float64(-12.1), np.float64(-24.8), np.float64(-6.2)]",3
EVEN_MEND,"[+1,+3]",109,29.8,1.66,0.54,"[np.float64(20.9), np.float64(20.4), np.float64(7.7), np.float64(80.4)]",4
QEND,"[-3,-1]",73,-27.6,-1.38,0.45,"[np.float64(5.3), np.float64(-54.2), np.float64(-36.0), np.float64(-23.4)]",3
QEND,"[+0,+0]",73,9.2,0.69,0.56,"[np.float64(13.0), np.float64(-5.7), np.float64(-2.3), np.float64(38.2)]",2
QEND,"[+1,+1]",72,7.0,0.35,0.62,"[np.float64(7.6), np.float64(-36.0), np.float64(33.1), np.float64(44.1)]",3
THANKS,"[-3,-1]",18,-37.0,-0.83,0.39,"[np.float64(99.1), np.float64(-59.0), np.float64(-191.0), np.float64(-14.5)]",3
THANKS,"[+0,+2]",18,-34.1,-0.88,0.5,"[np.float64(-106.3), np.float64(-20.1), np.float64(-56.3), np.float64(87.9)]",3
XMAS,"[+0,+7]",18,110.7,2.34,0.72,"[np.float64(46.7), np.float64(152.2), np.float64(152.1), np.float64(79.0)]",4
