sym,leg,n,avgR,t,R_yr,t_first_half,t_second_half,yrs_pos
SP500,mon,399,0.051,2.87,2.6,0.63,3.7,6/8
SP500,dip_low20,118,0.126,2.19,1.9,0.95,2.33,7/8
SP500,dip_clv,355,0.051,1.8,2.3,0.83,1.81,5/8
SP500,hi20,613,0.015,1.12,1.2,1.26,0.33,5/8
SP500,prefomc,61,0.038,1.3,0.3,1.5,0.24,4/8
SP500,tom,93,-0.025,-1.59,-0.3,-3.35,1.21,3/8
SP500,ALL prior,1218,0.031,2.92,4.8,,,8
UK100,mon,267,0.018,0.81,0.8,0.4,0.74,5/6
UK100,dip_low20,59,0.073,0.87,0.8,0.84,0.34,4/6
UK100,dip_clv,274,0.027,0.77,1.3,-0.8,1.91,5/6
UK100,hi20,242,-0.021,-0.78,-0.9,0.73,-1.51,2/6
UK100,prefomc,46,0.064,1.39,0.5,1.34,0.48,4/6
UK100,tom,69,-0.017,-0.55,-0.2,-1.8,1.4,3/6
UK100,ALL prior,747,0.007,0.41,0.9,,,4
JP225,mon,191,0.055,2.03,2.8,0.95,1.92,4/5
JP225,dip_low20,36,-0.106,-0.92,-1.0,-1.71,0.27,1/4
JP225,dip_clv,166,-0.013,-0.28,-0.6,-1.75,0.93,1/5
JP225,hi20,182,-0.041,-1.05,-2.0,-0.32,-1.22,1/4
JP225,prefomc,30,-0.007,-0.14,-0.1,-0.96,1.0,2/5
JP225,tom,46,-0.038,-2.23,-0.5,-1.28,-2.13,0/5
JP225,ALL prior,492,-0.017,-0.79,-2.2,,,2
GER40,mon,391,0.011,0.59,0.6,-0.13,1.04,6/8
GER40,dip_low20,106,-0.044,-0.74,-0.6,-1.38,0.34,3/8
GER40,dip_clv,351,-0.03,-1.06,-1.4,-0.18,-1.31,2/8
GER40,hi20,437,0.041,2.23,2.3,1.36,1.78,8/8
GER40,prefomc,61,0.056,1.46,0.4,1.39,0.53,5/8
GER40,tom,93,-0.047,-2.05,-0.6,-2.57,-0.01,2/8
GER40,ALL prior,1101,0.004,0.3,0.5,,,5
