sym,tf,slice,n,rho1,t_rho1,VR2,z2,VR5,z5,VR10,z10,MI_excess_x1e4,E|r|_bps,edge_bps,cost_bps,edge/cost
XAUUSD,1min,all,2230467,-0.0206,-8.89,0.979,-8.9,0.948,-10.85,0.928,-10.47,218.43,1.58,0.033,1.5,0.022
XAUUSD,5min,all,447672,-0.0241,-4.79,0.976,-4.8,0.961,-3.9,0.955,-3.21,201.64,3.55,0.086,1.5,0.057
XAUUSD,5min,asia,174879,-0.0211,-1.36,0.979,-1.36,0.964,-1.18,0.945,-1.4,130.82,2.74,0.058,1.5,0.039
XAUUSD,5min,europe,127646,-0.0232,-3.7,0.977,-3.7,0.957,-3.32,0.957,-2.32,114.37,4.08,0.095,1.5,0.063
XAUUSD,5min,us,126125,-0.0218,-3.26,0.978,-3.26,0.967,-2.36,0.973,-1.33,204.48,4.36,0.095,1.5,0.064
XAUUSD,5min,vol_low,145055,-0.0072,-1.22,0.993,-1.22,1.007,0.56,1.023,1.26,186.4,2.9,0.021,1.5,0.014
XAUUSD,5min,vol_mid,142451,-0.0172,-2.71,0.983,-2.71,0.978,-1.7,0.981,-1.03,150.96,3.28,0.056,1.5,0.038
XAUUSD,5min,vol_high,158848,-0.0354,-4.07,0.965,-4.07,0.933,-3.86,0.914,-3.62,197.67,4.33,0.154,1.5,0.102
XAUUSD,15min,all,150020,-0.0199,-3.25,0.98,-3.26,0.971,-2.25,0.974,-1.38,169.32,6.07,0.121,1.5,0.081
XAUUSD,15min,asia,57895,-0.0183,-1.2,0.982,-1.19,0.947,-1.81,0.905,-2.42,99.95,4.7,0.086,1.5,0.057
XAUUSD,15min,europe,43146,-0.0235,-2.85,0.977,-2.85,0.974,-1.44,0.986,-0.54,95.46,6.99,0.164,1.5,0.11
XAUUSD,15min,us,42554,-0.0105,-1.07,0.99,-1.06,1.002,0.09,1.012,0.4,164.26,7.44,0.078,1.5,0.052
XAUUSD,15min,vol_low,48414,-0.0016,-0.19,0.998,-0.19,1.022,1.23,1.029,1.09,152.69,5.04,0.008,1.5,0.005
XAUUSD,15min,vol_mid,47316,-0.012,-1.24,0.988,-1.24,0.987,-0.67,0.995,-0.17,130.98,5.61,0.068,1.5,0.045
XAUUSD,15min,vol_high,52972,-0.0331,-3.24,0.967,-3.23,0.941,-2.77,0.939,-1.97,159.57,7.38,0.244,1.5,0.163
XAUUSD,1h,all,38407,-0.0023,-0.22,0.998,-0.22,1.012,0.57,1.015,0.51,120.83,11.97,0.028,1.5,0.019
XAUUSD,1h,asia,14024,-0.0341,-2.16,0.966,-2.16,0.949,-1.55,0.935,-1.32,32.65,9.39,0.32,1.5,0.213
XAUUSD,1h,europe,12271,0.01,0.61,1.01,0.62,1.042,1.32,1.058,1.26,66.19,14.39,0.143,1.5,0.096
XAUUSD,1h,us,10412,-0.0051,-0.31,0.995,-0.29,1.002,0.07,1.005,0.09,68.85,13.49,0.068,1.5,0.046
XAUUSD,1h,vol_low,12178,0.0003,0.02,1.0,0.03,0.982,-0.56,0.97,-0.68,116.61,10.2,0.003,1.5,0.002
XAUUSD,1h,vol_mid,11644,0.0149,0.9,1.015,0.91,1.056,1.72,1.057,1.31,88.73,11.24,0.167,1.5,0.112
XAUUSD,1h,vol_high,13267,-0.0135,-0.78,0.987,-0.77,1.003,0.09,1.017,0.32,116.29,14.58,0.197,1.5,0.131
XAUUSD,4h,all,8749,0.0108,0.51,1.011,0.52,1.041,1.03,1.07,1.12,45.8,25.66,0.278,1.5,0.185
XAUUSD,1D,all,1806,0.0144,0.53,1.015,0.56,0.998,-0.03,0.917,-0.86,27.48,64.3,0.927,1.5,0.618
XAGUSD,1min,all,2229925,-0.016,-2.48,0.984,-2.48,0.956,-3.92,0.935,-4.63,276.97,3.14,0.05,14.6,0.003
XAGUSD,5min,all,447726,-0.0216,-3.92,0.978,-3.92,0.955,-4.13,0.934,-4.32,271.83,7.11,0.154,14.6,0.011
XAGUSD,5min,asia,174864,-0.0085,-1.0,0.991,-1.0,0.977,-1.39,0.964,-1.48,224.71,5.68,0.048,14.6,0.003
XAGUSD,5min,europe,127694,-0.0188,-1.64,0.981,-1.64,0.947,-2.37,0.918,-2.64,155.03,8.25,0.155,14.6,0.011
XAGUSD,5min,us,126147,-0.0286,-3.7,0.971,-3.69,0.955,-2.88,0.943,-2.57,248.45,8.48,0.242,14.6,0.017
XAGUSD,5min,vol_low,136751,-0.005,-0.85,0.995,-0.85,0.998,-0.16,1.005,0.3,247.48,5.7,0.029,14.6,0.002
XAGUSD,5min,vol_mid,138725,-0.0167,-1.9,0.983,-1.9,0.982,-1.07,0.968,-1.37,238.85,6.53,0.109,14.6,0.007
XAGUSD,5min,vol_high,170932,-0.0293,-3.35,0.971,-3.35,0.929,-4.08,0.895,-4.28,248.48,8.65,0.253,14.6,0.017
XAGUSD,15min,all,150032,-0.0168,-2.5,0.983,-2.5,0.949,-3.44,0.942,-2.65,221.13,12.19,0.205,14.6,0.014
XAGUSD,15min,asia,57893,-0.0079,-0.63,0.992,-0.63,0.954,-1.81,0.929,-2.02,179.04,9.81,0.077,14.6,0.005
XAGUSD,15min,europe,43159,-0.0264,-2.2,0.974,-2.2,0.922,-2.78,0.91,-2.12,120.14,14.11,0.373,14.6,0.026
XAGUSD,15min,us,42555,-0.0093,-0.87,0.991,-0.87,0.982,-0.81,0.978,-0.72,199.81,14.43,0.134,14.6,0.009
XAGUSD,15min,vol_low,45548,0.005,0.58,1.005,0.59,1.006,0.31,0.995,-0.18,195.62,9.86,0.049,14.6,0.003
XAGUSD,15min,vol_mid,46237,-0.016,-1.26,0.984,-1.25,0.96,-1.62,0.955,-1.31,196.49,11.23,0.179,14.6,0.012
XAGUSD,15min,vol_high,56929,-0.025,-2.42,0.975,-2.42,0.924,-3.22,0.917,-2.34,222.1,14.79,0.37,14.6,0.025
XAGUSD,1h,all,38404,-0.0134,-1.17,0.987,-1.16,0.994,-0.24,0.995,-0.14,161.06,23.82,0.32,14.6,0.022
XAGUSD,1h,asia,14023,-0.032,-1.81,0.968,-1.8,0.967,-0.86,0.932,-1.19,54.2,19.61,0.627,14.6,0.043
XAGUSD,1h,europe,12271,-0.0169,-0.87,0.983,-0.87,1.004,0.09,1.023,0.37,92.28,28.54,0.482,14.6,0.033
XAGUSD,1h,us,10410,-0.0128,-0.75,0.987,-0.74,0.979,-0.61,0.963,-0.71,103.59,25.93,0.333,14.6,0.023
XAGUSD,1h,vol_low,11348,-0.0184,-1.18,0.982,-1.17,0.951,-1.59,0.936,-1.49,111.96,20.11,0.37,14.6,0.025
XAGUSD,1h,vol_mid,11560,-0.0075,-0.48,0.993,-0.47,0.98,-0.61,0.949,-1.14,142.0,22.32,0.168,14.6,0.011
XAGUSD,1h,vol_high,14178,-0.0148,-0.76,0.985,-0.76,1.022,0.54,1.048,0.79,165.87,28.94,0.427,14.6,0.029
XAGUSD,4h,all,8748,0.0098,0.33,1.01,0.34,1.053,0.96,1.089,1.14,45.2,50.76,0.498,14.6,0.034
XAGUSD,1D,all,1806,0.015,0.43,1.016,0.46,1.066,0.83,1.012,0.1,-4.81,123.02,1.843,14.6,0.126
NAS100,1min,all,2217017,0.0078,2.77,1.008,2.76,1.0,-0.0,0.989,-1.3,490.2,2.26,0.018,1.3,0.014
NAS100,5min,all,444489,-0.0076,-1.31,0.992,-1.32,0.981,-1.62,0.983,-1.02,440.78,5.18,0.039,1.3,0.03
NAS100,5min,asia,174784,0.0005,0.06,1.0,0.06,1.006,0.3,1.03,1.03,252.11,3.15,0.001,1.3,0.001
NAS100,5min,europe,127514,-0.0037,-0.41,0.996,-0.41,0.998,-0.1,0.999,-0.05,195.09,4.58,0.017,1.3,0.013
NAS100,5min,us,125580,-0.0111,-1.2,0.989,-1.2,0.965,-1.85,0.957,-1.57,257.09,8.74,0.097,1.3,0.075
NAS100,5min,vol_low,169470,0.0143,2.16,1.014,2.16,1.02,1.46,1.035,1.73,339.9,3.48,0.05,1.3,0.038
NAS100,5min,vol_mid,130853,-0.0038,-0.54,0.996,-0.54,1.0,-0.01,1.0,0.01,286.63,4.62,0.017,1.3,0.013
NAS100,5min,vol_high,142866,-0.0158,-1.81,0.984,-1.81,0.961,-2.23,0.961,-1.54,334.09,7.6,0.12,1.3,0.092
NAS100,15min,all,148985,0.0026,0.33,1.003,0.33,1.005,0.3,0.994,-0.27,407.19,8.99,0.023,1.3,0.018
NAS100,15min,asia,57875,0.0231,1.72,1.023,1.72,1.074,2.47,1.085,1.94,232.72,5.43,0.125,1.3,0.096
NAS100,15min,europe,43117,0.0044,0.31,1.004,0.31,0.989,-0.38,0.958,-1.06,193.7,8.0,0.035,1.3,0.027
NAS100,15min,us,42371,-0.0014,-0.1,0.999,-0.1,0.998,-0.08,0.986,-0.36,230.58,15.03,0.022,1.3,0.017
NAS100,15min,vol_low,56564,0.0058,0.57,1.006,0.57,1.03,1.37,1.055,1.76,315.94,6.09,0.035,1.3,0.027
NAS100,15min,vol_mid,43706,0.0063,0.6,1.006,0.6,1.004,0.17,0.991,-0.29,252.33,8.06,0.05,1.3,0.039
NAS100,15min,vol_high,47415,-0.0005,-0.04,1.0,-0.04,0.996,-0.17,0.975,-0.7,312.43,13.08,0.006,1.3,0.005
NAS100,1h,all,38361,-0.0091,-0.73,0.991,-0.73,0.982,-0.69,0.975,-0.63,350.78,18.25,0.166,1.3,0.128
NAS100,1h,asia,14026,0.0137,0.58,1.014,0.59,1.033,0.63,1.03,0.37,196.59,10.85,0.149,1.3,0.114
NAS100,1h,europe,12275,-0.0469,-2.36,0.953,-2.35,0.93,-1.74,0.877,-2.05,139.36,18.61,0.873,1.3,0.672
NAS100,1h,us,10363,0.0069,0.33,1.007,0.34,1.014,0.32,0.957,-0.67,199.93,28.24,0.196,1.3,0.151
NAS100,1h,vol_low,14304,0.0341,2.15,1.034,2.16,1.043,1.32,1.059,1.3,280.67,12.54,0.428,1.3,0.329
NAS100,1h,vol_mid,11087,0.0035,0.21,1.004,0.22,1.01,0.31,1.045,0.97,215.02,16.49,0.057,1.3,0.044
NAS100,1h,vol_high,11670,-0.0276,-1.44,0.973,-1.43,0.95,-1.24,0.927,-1.19,220.01,27.03,0.746,1.3,0.574
NAS100,4h,all,8735,-0.0148,-0.78,0.985,-0.77,0.982,-0.45,0.922,-1.29,111.62,39.93,0.591,1.3,0.455
NAS100,1D,all,1808,-0.1135,-2.48,0.887,-2.46,0.832,-1.7,0.807,-1.35,86.88,106.38,12.078,1.3,9.291
DJ30,1min,all,2214835,0.0,0.01,1.0,0.0,0.984,-2.02,0.969,-2.58,522.98,1.71,0.0,1.2,0.0
DJ30,5min,all,444192,-0.0114,-1.19,0.989,-1.19,0.978,-1.19,0.969,-1.2,448.73,3.9,0.044,1.2,0.037
DJ30,5min,asia,174689,-0.0118,-0.98,0.988,-0.98,0.971,-1.08,0.973,-0.64,312.9,2.48,0.029,1.2,0.024
DJ30,5min,europe,127477,-0.0002,-0.01,1.0,-0.01,1.01,0.4,1.009,0.23,217.77,3.57,0.001,1.2,0.0
DJ30,5min,us,125592,-0.017,-1.05,0.983,-1.05,0.954,-1.42,0.925,-1.65,248.64,6.3,0.107,1.2,0.089
DJ30,5min,vol_low,166301,-0.0014,-0.25,0.999,-0.25,0.994,-0.51,0.997,-0.19,296.81,2.52,0.004,1.2,0.003
DJ30,5min,vol_mid,132342,-0.0067,-0.8,0.993,-0.8,1.009,0.54,1.018,0.75,303.48,3.34,0.022,1.2,0.019
DJ30,5min,vol_high,144250,-0.0172,-1.27,0.983,-1.27,0.964,-1.38,0.95,-1.34,411.83,5.92,0.102,1.2,0.085
DJ30,15min,all,148871,0.0004,0.04,1.0,0.04,0.996,-0.21,0.969,-0.93,428.61,6.76,0.002,1.2,0.002
DJ30,15min,asia,57839,0.0107,0.58,1.011,0.58,1.044,1.09,1.041,0.67,289.62,4.24,0.045,1.2,0.038
DJ30,15min,europe,43095,0.0107,0.59,1.011,0.6,0.996,-0.12,0.942,-1.06,200.64,6.23,0.067,1.2,0.056
DJ30,15min,us,42373,-0.0126,-0.55,0.987,-0.55,0.963,-0.86,0.944,-0.95,247.05,10.9,0.138,1.2,0.115
DJ30,15min,vol_low,55644,-0.0016,-0.18,0.998,-0.18,1.008,0.43,1.027,0.99,303.01,4.4,0.007,1.2,0.006
DJ30,15min,vol_mid,44109,0.0057,0.6,1.006,0.6,1.022,1.06,1.024,0.76,277.24,5.82,0.033,1.2,0.028
DJ30,15min,vol_high,47819,-0.0036,-0.26,0.996,-0.25,0.983,-0.55,0.942,-1.2,374.62,10.17,0.037,1.2,0.031
DJ30,1h,all,38339,-0.0127,-0.73,0.987,-0.73,0.953,-1.17,0.922,-1.31,342.17,13.6,0.173,1.2,0.144
DJ30,1h,asia,14015,0.0071,0.26,1.007,0.26,1.064,0.97,1.077,0.73,228.93,8.26,0.059,1.2,0.049
DJ30,1h,europe,12266,-0.0554,-1.5,0.945,-1.49,0.909,-1.19,0.888,-0.99,140.15,14.04,0.777,1.2,0.648
DJ30,1h,us,10361,0.0193,0.79,1.019,0.8,1.033,0.63,0.961,-0.48,226.15,20.85,0.402,1.2,0.335
DJ30,1h,vol_low,14226,0.011,0.7,1.011,0.71,1.009,0.27,0.978,-0.49,226.9,9.0,0.099,1.2,0.083
DJ30,1h,vol_mid,11091,0.0295,1.71,1.03,1.72,1.008,0.23,1.015,0.3,234.52,11.85,0.35,1.2,0.291
DJ30,1h,vol_high,11723,-0.0316,-1.24,0.969,-1.23,0.922,-1.33,0.883,-1.33,304.8,20.82,0.657,1.2,0.548
DJ30,4h,all,8728,-0.0477,-1.59,0.953,-1.58,0.941,-0.95,0.918,-0.86,131.15,29.24,1.394,1.2,1.162
DJ30,1D,all,1808,-0.1144,-1.56,0.887,-1.55,0.911,-0.55,0.904,-0.4,96.99,75.94,8.687,1.2,7.239
SP500,1min,all,2187052,0.0032,0.56,1.003,0.56,0.987,-1.23,0.971,-2.09,453.07,1.8,0.006,1.2,0.005
SP500,5min,all,444118,-0.0102,-1.32,0.99,-1.32,0.974,-1.65,0.968,-1.43,449.83,4.08,0.041,1.2,0.035
SP500,5min,asia,174701,-0.0107,-0.98,0.989,-0.98,0.974,-1.06,0.982,-0.48,334.66,2.6,0.028,1.2,0.023
SP500,5min,europe,127579,-0.0019,-0.19,0.998,-0.19,1.005,0.22,1.005,0.16,237.43,3.71,0.007,1.2,0.006
SP500,5min,us,125590,-0.0098,-0.82,0.99,-0.82,0.958,-1.71,0.934,-1.87,292.86,6.6,0.065,1.2,0.054
SP500,5min,vol_low,166915,0.0025,0.37,1.002,0.37,0.998,-0.17,1.006,0.3,327.8,2.55,0.006,1.2,0.005
SP500,5min,vol_mid,132475,-0.0133,-1.94,0.987,-1.94,0.988,-0.82,0.991,-0.41,283.27,3.6,0.048,1.2,0.04
SP500,5min,vol_high,143428,-0.0132,-1.19,0.987,-1.19,0.963,-1.64,0.954,-1.44,382.76,6.21,0.082,1.2,0.068
SP500,15min,all,148954,0.0015,0.16,1.002,0.16,0.999,-0.03,0.984,-0.54,425.08,7.05,0.011,1.2,0.009
SP500,15min,asia,57923,0.0144,0.87,1.014,0.87,1.051,1.38,1.056,1.02,265.17,4.46,0.064,1.2,0.054
SP500,15min,europe,43149,0.0036,0.19,1.004,0.19,0.99,-0.27,0.944,-1.08,225.73,6.46,0.023,1.2,0.019
SP500,15min,us,42378,0.0024,0.15,1.002,0.15,0.984,-0.48,0.968,-0.65,276.51,11.34,0.027,1.2,0.022
SP500,15min,vol_low,55864,-0.0031,-0.29,0.997,-0.29,1.021,0.99,1.052,1.71,293.13,4.46,0.014,1.2,0.012
SP500,15min,vol_mid,44206,-0.0009,-0.09,0.999,-0.09,1.003,0.14,0.99,-0.29,262.95,6.25,0.006,1.2,0.005
SP500,15min,vol_high,47584,0.0015,0.11,1.002,0.11,0.992,-0.29,0.967,-0.76,349.87,10.67,0.016,1.2,0.013
SP500,1h,all,38371,-0.0171,-1.01,0.983,-1.01,0.96,-1.15,0.934,-1.28,357.81,14.16,0.242,1.2,0.201
SP500,1h,asia,14032,0.0067,0.25,1.007,0.26,1.023,0.37,1.025,0.26,241.92,8.75,0.059,1.2,0.049
SP500,1h,europe,12278,-0.077,-2.27,0.923,-2.27,0.886,-1.66,0.855,-1.49,208.93,14.22,1.095,1.2,0.912
SP500,1h,us,10364,0.0154,0.64,1.016,0.64,1.034,0.67,0.982,-0.23,290.52,21.88,0.338,1.2,0.282
SP500,1h,vol_low,14223,0.03,1.63,1.03,1.64,1.037,0.98,1.017,0.33,271.23,9.06,0.272,1.2,0.227
SP500,1h,vol_mid,11157,0.0168,0.96,1.017,0.97,0.991,-0.25,1.017,0.34,213.66,12.62,0.211,1.2,0.176
SP500,1h,vol_high,11691,-0.039,-1.58,0.961,-1.57,0.931,-1.34,0.893,-1.42,250.67,21.97,0.857,1.2,0.714
SP500,4h,all,8737,-0.0415,-1.64,0.959,-1.63,0.944,-1.07,0.905,-1.18,139.68,30.71,1.276,1.2,1.063
SP500,1D,all,1808,-0.1104,-1.77,0.891,-1.76,0.881,-0.87,0.873,-0.63,193.79,80.4,8.874,1.2,7.395
GER40,1min,all,1887252,-0.0,-0.01,1.0,-0.05,0.984,-2.23,0.97,-2.99,343.63,2.08,0.0,1.3,0.0
GER40,5min,all,378498,-0.0162,-2.86,0.984,-2.88,0.967,-2.78,0.966,-1.93,333.74,4.77,0.077,1.3,0.059
GER40,5min,asia,117672,0.0037,0.29,1.004,0.29,1.011,0.4,1.034,0.81,304.43,3.44,0.013,1.3,0.01
GER40,5min,europe,126442,-0.0163,-2.02,0.983,-2.05,0.978,-1.25,0.977,-0.91,161.26,5.91,0.096,1.3,0.074
GER40,5min,us,126366,-0.0142,-1.49,0.986,-1.49,0.958,-2.07,0.94,-1.94,372.31,5.0,0.071,1.3,0.055
GER40,5min,vol_low,144639,-0.0115,-1.91,0.988,-1.91,0.967,-2.54,0.963,-1.96,236.17,3.22,0.037,1.3,0.029
GER40,5min,vol_mid,110985,-0.0069,-1.04,0.993,-1.04,0.981,-1.31,0.983,-0.78,224.87,4.26,0.029,1.3,0.023
GER40,5min,vol_high,122103,-0.0202,-2.52,0.98,-2.53,0.964,-2.1,0.96,-1.55,291.37,6.99,0.141,1.3,0.109
GER40,15min,all,126602,-0.0027,-0.31,0.997,-0.33,1.001,0.04,1.001,0.04,317.85,8.25,0.022,1.3,0.017
GER40,15min,asia,38164,0.0337,1.82,1.034,1.83,1.077,1.95,1.119,1.99,234.34,5.92,0.2,1.3,0.154
GER40,15min,europe,42946,-0.0037,-0.31,0.996,-0.33,0.987,-0.53,0.975,-0.66,148.23,10.23,0.038,1.3,0.029
GER40,15min,us,42811,-0.0118,-0.78,0.988,-0.78,1.005,0.16,1.032,0.66,369.4,8.54,0.101,1.3,0.077
GER40,15min,vol_low,48204,-0.0185,-2.35,0.982,-2.35,0.972,-1.63,0.984,-0.64,208.45,5.59,0.103,1.3,0.079
GER40,15min,vol_mid,37023,-0.0025,-0.22,0.997,-0.22,1.007,0.32,1.016,0.5,212.17,7.38,0.019,1.3,0.014
GER40,15min,vol_high,40604,0.0017,0.14,1.002,0.13,1.009,0.34,1.002,0.05,283.34,11.99,0.02,1.3,0.016
GER40,1h,all,32467,0.0063,0.42,1.006,0.42,0.958,-1.28,0.941,-1.18,258.51,16.36,0.102,1.3,0.079
GER40,1h,asia,8680,0.0576,1.68,1.058,1.68,1.071,0.89,1.022,0.16,199.31,11.83,0.682,1.3,0.525
GER40,1h,europe,12436,-0.0317,-1.43,0.968,-1.44,0.918,-1.7,0.876,-1.77,121.66,20.44,0.648,1.3,0.498
GER40,1h,us,10673,0.0218,0.9,1.022,0.91,1.036,0.72,0.99,-0.12,250.51,15.69,0.342,1.3,0.263
GER40,1h,vol_low,12169,0.0079,0.53,1.008,0.54,1.02,0.66,1.021,0.5,160.51,11.15,0.088,1.3,0.067
GER40,1h,vol_mid,9382,0.0371,2.38,1.037,2.39,1.039,1.23,1.068,1.49,168.01,14.65,0.543,1.3,0.418
GER40,1h,vol_high,10145,-0.0029,-0.13,0.997,-0.13,0.925,-1.51,0.893,-1.39,211.66,23.92,0.07,1.3,0.054
GER40,4h,all,8034,-0.0739,-2.2,0.926,-2.2,0.955,-0.67,0.956,-0.44,100.34,33.21,2.455,1.3,1.888
GER40,1D,all,1779,-0.1142,-1.86,0.886,-1.85,0.962,-0.26,1.015,0.07,99.75,84.24,9.621,1.3,7.401
EURUSD,1min,all,2609295,-0.0158,-8.27,0.984,-8.27,0.961,-10.01,0.942,-10.47,324.94,0.78,0.012,2.2,0.006
EURUSD,5min,all,521117,-0.024,-7.36,0.976,-7.36,0.951,-7.13,0.938,-6.3,262.9,1.76,0.042,2.2,0.019
EURUSD,5min,asia,194311,-0.0314,-4.39,0.969,-4.38,0.925,-5.06,0.905,-4.71,159.95,1.24,0.039,2.2,0.018
EURUSD,5min,europe,141647,-0.0152,-2.9,0.985,-2.89,0.981,-1.75,0.98,-1.29,77.7,2.37,0.036,2.2,0.016
EURUSD,5min,us,141646,-0.0195,-3.7,0.98,-3.7,0.955,-4.01,0.949,-3.09,195.91,2.11,0.041,2.2,0.019
EURUSD,5min,vol_low,220109,-0.0218,-4.92,0.978,-4.91,0.963,-3.86,0.953,-3.36,214.84,1.43,0.031,2.2,0.014
EURUSD,5min,vol_mid,127713,-0.0304,-4.95,0.97,-4.95,0.952,-3.8,0.947,-2.86,235.67,1.69,0.052,2.2,0.023
EURUSD,5min,vol_high,156099,-0.0221,-3.89,0.978,-3.89,0.947,-4.53,0.927,-4.32,239.02,2.25,0.05,2.2,0.023
EURUSD,15min,all,172503,-0.0219,-4.2,0.978,-4.19,0.957,-4.02,0.948,-3.43,235.02,3.05,0.067,2.2,0.03
EURUSD,15min,asia,63560,-0.0294,-1.98,0.971,-1.98,0.939,-2.35,0.906,-2.85,132.17,2.13,0.063,2.2,0.029
EURUSD,15min,europe,47216,-0.0068,-0.86,0.993,-0.85,0.987,-0.79,0.999,-0.06,58.38,4.12,0.028,2.2,0.013
EURUSD,15min,us,47216,-0.0213,-2.78,0.979,-2.78,0.977,-1.37,0.972,-1.12,167.3,3.64,0.078,2.2,0.035
EURUSD,15min,vol_low,72861,-0.0182,-2.73,0.982,-2.73,0.965,-2.38,0.958,-1.96,203.6,2.48,0.045,2.2,0.02
EURUSD,15min,vol_mid,42275,-0.0077,-0.91,0.992,-0.91,0.985,-0.79,1.001,0.02,196.27,2.91,0.022,2.2,0.01
EURUSD,15min,vol_high,51675,-0.0308,-3.25,0.969,-3.25,0.937,-3.36,0.915,-3.2,223.54,3.9,0.12,2.2,0.055
EURUSD,1h,all,41764,-0.017,-2.02,0.983,-2.01,0.969,-1.77,0.954,-1.85,186.1,6.25,0.106,2.2,0.048
EURUSD,1h,asia,14528,-0.058,-2.83,0.942,-2.83,0.919,-2.02,0.909,-1.7,39.66,4.38,0.254,2.2,0.116
EURUSD,1h,europe,12712,0.005,0.4,1.005,0.41,1.021,0.85,1.045,1.21,45.86,8.51,0.042,2.2,0.019
EURUSD,1h,us,10896,-0.0063,-0.44,0.994,-0.43,0.994,-0.22,1.023,0.55,71.61,7.05,0.044,2.2,0.02
EURUSD,1h,vol_low,17640,-0.0122,-1.03,0.988,-1.02,0.969,-1.2,0.952,-1.34,143.1,5.13,0.063,2.2,0.028
EURUSD,1h,vol_mid,10235,-0.003,-0.19,0.997,-0.18,1.032,0.96,1.037,0.82,125.95,5.94,0.018,2.2,0.008
EURUSD,1h,vol_high,12511,-0.0301,-2.05,0.97,-2.04,0.937,-2.13,0.904,-2.25,160.39,7.97,0.24,2.2,0.109
EURUSD,4h,all,9080,-0.0177,-1.31,0.982,-1.3,0.947,-1.87,0.953,-1.07,36.51,13.69,0.243,2.2,0.11
EURUSD,1D,all,1815,0.0077,0.27,1.008,0.3,0.984,-0.26,0.891,-1.15,8.63,33.81,0.26,2.2,0.118
USDJPY,1min,all,2608735,-0.0048,-1.27,0.995,-1.27,0.986,-1.82,0.973,-2.45,280.99,0.84,0.004,2.2,0.002
USDJPY,5min,all,521115,-0.0191,-1.56,0.981,-1.56,0.973,-1.2,0.974,-0.92,219.44,1.91,0.036,2.2,0.017
USDJPY,5min,asia,194311,-0.0088,-0.79,0.991,-0.79,0.981,-0.63,0.975,-0.61,209.55,1.81,0.016,2.2,0.007
USDJPY,5min,europe,141647,0.0013,0.18,1.001,0.18,1.018,1.13,1.032,1.32,152.0,2.13,0.003,2.2,0.001
USDJPY,5min,us,141646,-0.0103,-1.32,0.99,-1.32,0.97,-1.78,0.971,-1.15,222.28,2.04,0.021,2.2,0.01
USDJPY,5min,vol_low,183073,-0.0058,-0.62,0.994,-0.62,0.993,-0.33,1.013,0.38,164.94,1.43,0.008,2.2,0.004
USDJPY,5min,vol_mid,146653,-0.009,-1.0,0.991,-1.0,0.998,-0.14,0.998,-0.08,140.42,1.73,0.016,2.2,0.007
USDJPY,5min,vol_high,174193,-0.0274,-1.33,0.973,-1.32,0.958,-1.12,0.954,-1.0,217.43,2.52,0.069,2.2,0.031
USDJPY,15min,all,172504,-0.0032,-0.32,0.997,-0.31,0.994,-0.33,0.987,-0.52,203.94,3.32,0.011,2.2,0.005
USDJPY,15min,asia,63560,-0.014,-0.58,0.986,-0.58,0.963,-0.87,0.957,-0.83,179.59,3.14,0.044,2.2,0.02
USDJPY,15min,europe,47216,0.0105,0.73,1.011,0.73,1.023,0.83,1.023,0.61,149.92,3.72,0.039,2.2,0.018
USDJPY,15min,us,47216,-0.0125,-1.12,0.988,-1.11,0.988,-0.48,0.973,-0.75,206.45,3.53,0.044,2.2,0.02
USDJPY,15min,vol_low,60602,-0.0013,-0.11,0.999,-0.1,1.029,1.04,1.047,1.1,140.61,2.49,0.003,2.2,0.001
USDJPY,15min,vol_mid,48545,0.0012,0.1,1.001,0.11,1.014,0.59,1.039,1.22,134.13,3.01,0.004,2.2,0.002
USDJPY,15min,vol_high,57665,-0.0059,-0.35,0.994,-0.35,0.975,-0.82,0.951,-1.23,194.69,4.39,0.026,2.2,0.012
USDJPY,1h,all,41764,-0.0048,-0.4,0.995,-0.4,1.005,0.2,1.008,0.23,181.71,6.81,0.033,2.2,0.015
USDJPY,1h,asia,14528,-0.0079,-0.49,0.992,-0.48,1.014,0.38,1.018,0.34,135.9,6.41,0.051,2.2,0.023
USDJPY,1h,europe,12712,0.0191,0.98,1.019,0.98,1.078,2.04,1.107,1.97,138.98,7.86,0.15,2.2,0.068
USDJPY,1h,us,10896,-0.0268,-1.07,0.973,-1.07,0.964,-0.73,0.962,-0.57,126.03,6.8,0.182,2.2,0.083
USDJPY,1h,vol_low,14672,0.0205,0.69,1.021,0.69,1.008,0.13,1.004,0.06,135.39,5.17,0.106,2.2,0.048
USDJPY,1h,vol_mid,11753,0.0133,0.79,1.013,0.79,1.038,1.07,1.027,0.54,91.67,6.18,0.082,2.2,0.037
USDJPY,1h,vol_high,13961,-0.0123,-0.74,0.988,-0.73,1.005,0.14,1.005,0.1,156.87,8.94,0.11,2.2,0.05
USDJPY,4h,all,9080,0.0142,0.82,1.014,0.83,1.044,1.2,1.045,0.84,83.95,14.32,0.204,2.2,0.093
USDJPY,1D,all,1815,-0.0116,-0.32,0.989,-0.29,0.968,-0.41,0.98,-0.18,47.41,37.92,0.441,2.2,0.2
