cfg,n,wr,avgR,t,R_yr,SR,net%,DD%,yrs_pos,R2019,R2020,R2021,R2022,R2023,R2024,R2025,R2026
d4_k4.0_s1385_h50,382,0.529,0.018,2.2,0.9,0.766,3.42,2.51,5,-3.4,-1.6,2.1,4.2,-0.0,2.4,2.4,0.8
d4_k2.0_s1385_h50,382,0.529,0.036,2.19,1.8,0.77,7.0,4.94,5,-6.7,-3.1,4.1,8.3,-0.1,4.9,4.9,1.6
d4_k8.0_s1385_h50,382,0.529,0.009,2.19,0.5,0.75,1.64,1.27,5,-1.7,-0.8,1.0,2.1,-0.0,1.2,1.2,0.4
d4_k2.0_s1385_h40,382,0.471,0.005,0.36,0.2,0.122,0.87,4.26,4,-6.9,-1.5,1.0,5.2,-1.6,2.0,3.9,-0.2
d4_k4.0_s1385_h40,382,0.471,0.003,0.36,0.1,0.108,0.39,2.17,4,-3.5,-0.8,0.5,2.6,-0.8,1.0,2.0,-0.1
d4_k8.0_s1385_h40,382,0.471,0.001,0.35,0.1,0.092,0.17,1.09,4,-1.8,-0.4,0.3,1.3,-0.4,0.5,1.0,-0.0
d0123_k8.0_s1385_h50,1552,0.349,-0.024,-12.27,-4.9,-4.408,-16.74,16.87,0,-7.1,-7.0,-6.0,-2.6,-6.4,-1.6,-3.3,-3.4
d0123_k4.0_s1385_h50,1552,0.348,-0.05,-12.34,-10.0,-4.395,-31.67,31.88,0,-14.2,-14.0,-12.3,-5.3,-12.7,-3.3,-8.7,-6.8
d0123_k2.0_s1385_h50,1552,0.348,-0.099,-12.61,-20.0,-4.465,-53.44,53.71,0,-28.0,-28.5,-23.1,-12.1,-25.2,-6.3,-16.3,-14.7
d0123_k8.0_s1385_h40,1552,0.327,-0.025,-14.01,-5.0,-5.024,-17.18,17.28,0,-7.0,-6.0,-5.4,-4.2,-7.0,-2.5,-3.1,-3.4
d0123_k4.0_s1385_h40,1552,0.327,-0.05,-14.08,-10.2,-4.998,-31.97,32.13,0,-13.8,-12.0,-10.7,-8.3,-14.0,-4.9,-7.7,-6.7
d0123_k2.0_s1385_h40,1552,0.327,-0.099,-14.32,-20.0,-5.06,-53.44,53.66,0,-27.1,-23.6,-19.2,-17.6,-27.7,-10.0,-15.1,-14.0
