,2021,2022,2023,2024,2025,2026
drift,0.7593526164915684,0.25,0.25,0.25,0.6761720198347827,0.25
fri_close,0.25,0.25,1.0,1.0,1.0,0.9695799741377255
friday,0.600484199350423,0.25,0.25,0.25,0.46413893453333255,0.25
inside,0.7901334786351322,0.25,0.25,0.25,0.42039715712953674,0.2652957390633341
lw,0.25,0.25,0.25,0.25,0.25,0.25
nr7,0.25,0.25,0.25,0.25,0.25,0.25
season,0.25,0.25,0.25,0.25,0.25,0.25
strong_close,1.0,0.25,0.25,0.25,0.2607605077307559,0.25
tday,0.5031119310752864,0.38466769244915217,0.25,0.25,0.25,0.3415874204806541
tday900,0.8027596092350032,0.6355662745935272,0.25,0.25,0.25,0.25
tom,0.8254001006326754,1.0,0.25,0.25,0.7573235747832644,1.0
trendH4,0.25,0.25,0.25,0.25,0.25,0.25
