sym,cells,days_acq,days_trk,max_t_acq,cfar_thr_acq,detections_acq,max_t_trk,cfar_thr_trk,detections_trk,corr_t_acq_trk,p_tracking,coherent_mean_abs_t,coherent_null,p_coherent,noncoh_mean_excess,noncoh_null,p_noncoherent,year_to_year_corr,year_to_year_null,p_year_to_year,whiten,mid
XAUUSD,1610,978,774,5.09,4.01,3,5.39,4.04,5,0.199,0.03,0.852,0.793,0.17,0.406,0.098,0.25,-0.005,0.002,0.53,True,True
XAUUSD,1610,978,774,5.25,4.02,5,4.87,4.01,4,0.164,0.025,0.826,0.8,0.41,0.563,0.034,0.17,-0.006,0.009,0.62,False,True
XAUUSD,1610,978,774,5.01,3.97,2,5.24,4.0,10,0.22,0.03,0.879,0.806,0.22,0.504,0.126,0.21,0.011,-0.007,0.35,True,False
NAS100,1606,980,775,4.6,3.99,1,4.62,4.05,2,0.156,0.06,0.902,0.79,0.09,0.295,-0.042,0.23,0.004,0.004,0.5,True,True
NAS100,1606,980,775,4.87,3.9,1,3.83,4.05,0,0.03,0.43,0.939,0.797,0.07,0.417,0.073,0.26,0.006,-0.0,0.45,False,True
NAS100,1606,980,775,4.6,3.94,2,4.62,4.03,2,0.154,0.085,0.901,0.799,0.11,0.294,0.091,0.36,0.004,-0.013,0.41,True,False
DJ30,1590,980,775,4.84,3.94,2,5.76,4.01,4,0.052,0.33,0.842,0.786,0.2,0.4,-0.029,0.13,-0.024,-0.007,0.61,True,True
DJ30,1590,980,775,3.61,3.89,0,4.6,4.01,2,-0.035,0.63,0.868,0.796,0.15,0.646,0.001,0.12,-0.04,-0.009,0.71,False,True
DJ30,1590,980,775,4.82,3.96,2,5.76,4.0,4,0.047,0.365,0.839,0.786,0.27,0.405,0.046,0.28,-0.025,-0.002,0.66,True,False
EURUSD,1640,1037,778,10.37,3.99,54,6.66,3.98,9,0.349,0.005,1.325,0.807,0.0,3.648,0.207,0.0,0.285,0.001,0.0,True,True
EURUSD,1640,1037,778,10.2,3.94,51,5.9,4.03,7,0.332,0.015,1.327,0.78,0.0,3.682,0.079,0.0,0.265,-0.006,0.0,False,True
EURUSD,1640,1037,778,17.64,3.98,67,16.88,4.06,57,0.662,0.0,1.589,0.792,0.0,8.945,0.041,0.0,0.528,-0.001,0.0,True,False
