symbol,leg,trades,per_year,mean_R,cost_R,snr_trade_dB,snr_net_dB,gain_per_year_dB,t_full,t_net,trades_for_t3_net,years_for_t3_net
DJ30.r,dip_clv,220,28.5,0.021,0.01,-26.6,-32.1,14.5,0.69,0.37,14690.0,516.1
DJ30.r,dip_low20,101,13.1,0.066,0.008,-18.3,-19.4,11.2,1.23,1.08,783.0,59.9
DJ30.r,hi20,375,48.5,0.02,0.01,-24.2,-30.3,16.9,1.2,0.59,9741.0,200.8
DJ30.r,mon,399,51.6,0.043,0.006,-18.4,-19.8,17.1,2.41,2.05,855.0,16.6
DJ30.r,prefomc,58,7.5,0.028,0.007,-18.9,-21.2,8.8,0.87,0.66,1187.0,158.1
DJ30.r,tom,49,6.3,-0.047,0.005,-180.0,,8.0,-1.97,-2.17,,
NAS100.r,dip_clv,216,27.9,-0.009,0.007,-180.0,,14.5,-0.31,-0.56,,
NAS100.r,dip_low20,96,12.4,0.109,0.006,-14.2,-14.7,10.9,1.9,1.8,266.0,21.4
NAS100.r,hi20,443,57.3,0.037,0.009,-18.2,-20.5,17.6,2.58,1.98,1017.0,17.7
NAS100.r,mon,399,51.6,0.07,0.005,-14.5,-15.2,17.1,3.75,3.49,296.0,5.7
NAS100.r,prefomc,59,7.6,0.065,0.005,-11.6,-12.3,8.8,2.02,1.86,154.0,20.1
NAS100.r,tom,44,5.7,-0.009,0.004,-180.0,,7.6,-0.42,-0.58,,
XAUUSD,drift,404,52.3,0.055,0.02,-16.0,-20.1,17.2,3.17,2.0,913.0,17.5
XAUUSD,fri_close,332,43.0,0.028,0.03,-15.3,,16.3,3.14,-0.23,,
XAUUSD,friday,368,47.6,0.037,0.007,-20.0,-21.9,16.8,1.92,1.55,1387.0,29.1
XAUUSD,inside,87,11.3,0.275,0.015,-8.8,-9.3,10.5,3.37,3.19,77.0,6.8
XAUUSD,lw,1129,146.1,0.029,0.011,-23.7,-27.8,21.6,2.2,1.37,5446.0,37.3
XAUUSD,nr7,61,7.9,-0.02,0.017,-180.0,,9.0,-0.25,-0.46,,
XAUUSD,season,507,65.6,0.041,0.011,-21.5,-24.3,18.2,1.89,1.37,2445.0,37.3
XAUUSD,strong_close,387,50.1,0.091,0.011,-14.7,-15.8,17.0,3.64,3.2,341.0,6.8
XAUUSD,tday,335,43.3,0.043,0.011,-15.3,-17.9,16.4,3.14,2.33,558.0,12.9
XAUUSD,tday900,206,26.7,0.048,0.011,-18.0,-20.3,14.3,1.8,1.39,961.0,36.0
XAUUSD,tom,93,12.0,0.033,0.006,-18.2,-19.8,10.8,1.19,0.99,856.0,71.1
XAUUSD,trendH4,262,33.9,0.056,0.015,-22.2,-24.9,15.3,1.25,0.92,2802.0,82.7
ALL,book,6630,857.8,0.044,0.011,-19.6,-22.2,29.3,8.52,6.33,1491.0,1.7
