sym,thr,slots,gross_bp_day,t_gross,cost_bp_day,net_bp_day,gross_per_slot_bp
XAUUSD,1.5,55,3.59,3.03,82.5,-78.91,0.065
XAUUSD,2.0,25,1.67,2.26,37.5,-35.83,0.067
XAUUSD,2.5,12,1.28,2.65,18.0,-16.72,0.107
XAUUSD,3.0,7,0.28,0.73,10.5,-10.22,0.04
NAS100,1.5,47,4.12,1.82,61.1,-56.98,0.088
NAS100,2.0,20,1.15,0.67,26.0,-24.85,0.057
NAS100,2.5,8,2.05,1.96,10.4,-8.35,0.256
NAS100,3.0,4,1.26,1.71,5.2,-3.94,0.316
DJ30,1.5,52,1.23,0.8,62.4,-61.17,0.024
DJ30,2.0,15,-0.77,-0.79,18.0,-18.77,-0.051
DJ30,2.5,3,-0.28,-0.58,3.6,-3.88,-0.095
DJ30,3.0,1,0.59,1.77,1.2,-0.61,0.588
EURUSD,1.5,90,5.73,5.38,198.0,-192.27,0.064
EURUSD,2.0,46,5.05,7.03,101.2,-96.15,0.11
EURUSD,2.5,25,3.38,6.3,55.0,-51.62,0.135
EURUSD,3.0,13,2.48,5.99,28.6,-26.12,0.191
