dropped,n,avgR,R_yr,SR,DD%,dDD%,mc95,pass250,fail,med,yrs_pos
trendH4,3903,0.027,13.7,1.231,8.19,1.13,7.8,0.342,0.0,201.0,7
tday,3844,0.03,14.9,1.074,9.27,2.58,8.64,0.363,0.0,191.0,7
drift,2762,0.041,14.8,1.164,7.98,2.6,7.2,0.328,0.0,189.0,7
friday,3843,0.031,15.3,1.141,8.78,2.6,8.3,0.332,0.0,164.0,7
tom,4100,0.031,16.6,1.162,8.87,2.6,8.37,0.369,0.0,177.0,7
lw,3263,0.031,13.1,1.13,7.55,1.94,7.47,0.368,0.0,244.0,8
inside,4138,0.03,16.1,1.163,8.83,2.61,8.47,0.362,0.0,175.5,7
nr7,4127,0.032,16.9,1.194,8.17,2.58,7.9,0.361,0.0,174.0,8
fri_close,3825,0.033,16.2,1.146,8.55,2.61,8.31,0.371,0.0,195.0,8
