date,dir,R,R_long,n_sel
2012-01-02,-1,-1.120585693888092,1.1052567362447223,8
2012-01-03,-1,-0.2676155621212074,0.2523259848971907,8
2012-01-04,-1,-0.3448556630481895,0.329285936017644,8
2012-01-05,-1,0.1461066140890884,-0.16184802851227556,8
2012-01-17,-1,-0.28496047216992193,0.266622421128483,8
2012-01-20,-1,-0.4591072985784096,0.4397238357885619,8
2012-01-26,-1,-0.6642822681085279,0.6455700883366056,8
2012-01-27,-1,0.24668057048098385,-0.26568137020201116,8
2012-02-21,-1,-0.7107524343262038,0.689308799557575,8
2012-03-08,-1,-0.5171337754240469,0.4988445565389941,8
2012-03-09,-1,0.45982222104140213,-0.477786934599548,8
2012-03-16,-1,-0.1960242050958575,0.17960099769941923,8
2012-03-26,-1,0.32095459051804864,-0.33875112729248624,8
2012-04-02,-1,1.1785683992037452,-1.198112528201069,8
2012-04-09,-1,-0.7552659426824844,0.7362865405492403,8
2012-04-10,-1,-0.0018581042139899423,-0.017077551130812742,8
2012-04-20,-1,0.1284382205777509,-0.1497584105940135,8
2012-04-25,-1,-0.6237301658058717,0.6016248704481465,8
2012-04-26,-1,-0.38112974612315326,0.3586067836565325,8
2012-04-27,-1,-0.03816589852601301,0.015196831615944534,8
2012-04-30,-1,0.05544174812009988,-0.07847983849762646,8
2012-05-18,-1,-0.11907747316295189,0.09946271531206943,8
2012-05-21,-1,1.0358391030427736,-1.0560489440562182,8
2012-05-28,-1,0.7713886407073527,-0.7909610913948513,8
2012-06-06,-1,1.1204697613540715,-1.1380320603184735,8
2012-06-11,-1,-0.47015235738048,0.4541208190144068,8
2012-06-12,-1,-0.2510691349411037,0.2349582533295138,8
2012-06-13,-1,-0.2273430304402871,0.2107076332205763,8
2012-06-18,-1,0.3473572543476203,-0.365433805677138,8
2012-06-25,-1,0.4063349736716056,-0.4242089618427975,8
2012-07-13,-1,0.030980008510073202,-0.04918599312718074,8
2012-07-16,-1,0.20857161307269428,-0.22725039522817775,8
2012-07-20,-1,0.21037704579274447,-0.23025883307651662,8
2012-07-25,-1,-0.4862197358657911,0.46594451476094606,8
2012-07-26,-1,-0.339181747971097,0.3185680158146392,8
2012-08-06,-1,-0.09041224340372667,0.0684704342845103,8
2012-08-07,-1,-0.013798396241702494,-0.0090698615321674,8
2012-08-08,-1,-0.26866232516718275,0.2451837032193716,8
2012-08-10,-1,0.5588921032184386,-0.5834059058682151,8
2012-08-16,-1,-0.0429322075786516,0.018233387611067648,8
2012-08-17,-1,-0.256993036627233,0.2312343873613085,8
2012-08-21,-1,-0.9143808741464095,0.8881101714585,8
2012-08-22,-1,-0.8611498974860985,0.8348839635220873,8
2012-08-23,-1,-0.018314978971966284,-0.007865771520370594,8
2012-08-28,-1,0.5630311844412975,-0.5908123869221372,8
2012-09-06,-1,-1.9860398660671243,1.9574172181998313,8
2012-09-18,-1,0.057713755286506345,-0.08255627805672941,8
2012-09-21,-1,0.3873833848269348,-0.41295935067587586,8
2012-10-04,-1,0.4658678949540076,-0.4926031831612496,8
2012-10-17,-1,0.45663276606055664,-0.4849658982298644,8
2012-10-31,-1,0.3506962182966425,-0.3801052332863299,8
2012-11-06,-1,-0.09283782641843313,0.06710416198556382,8
2012-11-07,-1,-0.684135564795011,0.6591470201438395,8
2012-11-08,-1,0.006771664858890306,-0.03181469393253067,8
2012-11-19,-1,0.23611293526913846,-0.2636968346039852,8
2012-12-07,-1,-0.578675953699165,0.5508601276067608,8
2012-12-10,-1,0.15692192551203935,-0.18525318943813265,8
2012-12-26,-1,-0.2573583646549072,0.23090461191423078,8
2012-12-27,-1,0.42795222802630273,-0.45509188073037665,8
2013-01-02,-1,1.1982755400482077,-1.2249803643675916,4
2013-01-03,1,-0.42000376559530045,-0.42000376559530045,4
2013-01-15,-1,-0.04223834171909973,0.017258565492163848,4
2013-01-16,-1,-0.4114650379096592,0.38565821864423294,4
2013-01-24,1,-0.5425017877536275,-0.5425017877536275,4
2013-01-30,-1,0.7605120158500142,-0.7899333248622088,4
2013-01-31,1,0.1853992609198552,0.1853992609198552,4
2013-02-04,-1,0.07056273678456902,-0.09892375738779409,4
2013-02-07,1,-0.24833009497673345,-0.24833009497673345,4
2013-02-22,-1,-0.6657921220476235,0.6427267090177258,4
2013-02-25,-1,-0.9974490044979691,0.9743183247452196,4
2013-02-26,-1,0.7749756771357225,-0.7972436435910816,4
2013-03-06,-1,0.217876345538139,-0.24052568602061525,4
2013-03-07,1,-0.001818842689298765,-0.001818842689298765,4
2013-03-11,-1,-0.5905594950349229,0.5661933165966249,4
2013-03-12,-1,0.24591691650348307,-0.27055085972348397,4
2013-03-15,-1,-0.4168740449748489,0.39065609776686283,4
2013-03-18,-1,-0.41574091530121393,0.3894756671708949,4
2013-03-28,1,-0.03202224492528852,-0.03202224492528852,4
2013-04-18,-1,-0.35587979134977227,0.34500333800534283,4
2013-04-19,-1,-0.490427301157542,0.47946356801522877,4
2013-04-22,-1,0.34952635469920357,-0.36072656419504134,4
2013-04-25,-1,0.1520571020144019,-0.1640322400927244,4
2013-04-30,-1,0.561492603100584,-0.5744443041727512,4
2013-05-03,-1,0.03510343655651262,-0.04822392361937491,4
2013-05-09,1,-0.3284753561528768,-0.3284753561528768,4
2013-05-30,-1,0.8270753131556365,-0.8404482073385451,4
2013-06-06,-1,1.0160566363034227,-1.0299894474788172,4
2013-06-13,1,0.16998402520782874,0.16998402520782874,4
2013-07-01,-1,0.2703938587768525,-0.28150159349283443,4
2013-07-04,1,-0.8843575699639363,-0.8843575699639363,4
2013-07-09,-1,-0.2810828728374964,0.2690386176092319,4
2013-07-10,-1,-0.8623561970660661,0.8499729018505319,4
2013-07-11,-1,0.006654012006173388,-0.01904304482377471,4
2013-08-01,1,0.06774663660736624,0.06774663660736624,4
2013-08-08,-1,-0.05981732867651195,0.045058492816050885,4
2013-08-09,-1,-0.8992176299642745,0.8838557983793125,4
2013-09-05,1,0.9188918343656148,0.9188918343656148,4
2013-09-19,-1,1.4147132712115942,-1.428854888496532,4
2013-09-25,-1,0.3478136960035112,-0.3619638973043673,4
2013-09-26,1,0.43813219099753276,0.43813219099753276,4
2013-10-03,-1,0.19428428053296706,-0.20747792762890174,4
2013-10-15,-1,-0.010265081402114896,-0.003241888350990552,4
2013-10-16,-1,-1.3689302103120595,1.3551231331076048,4
2013-10-17,-1,0.13264126072797636,-0.14608249927277703,4
2013-10-31,1,-0.2851996727484194,-0.2851996727484194,4
2013-11-07,1,-0.8448568634466446,-0.8448568634466446,4
2013-11-14,-1,-0.14045205572610917,0.12290013882892212,4
2013-11-15,-1,0.6548597017096038,-0.6731040348315747,4
2013-11-29,-1,1.625897709764913,-1.6452930880605703,4
2013-12-04,-1,0.8717285217529169,-0.8893519427542773,4
2013-12-09,-1,-0.9926868552538104,0.9758182756336675,4
2013-12-10,-1,0.4176027353317091,-0.43433511268099967,4
2013-12-16,-1,0.45946485257949643,-0.47598125702123706,4
2013-12-26,-1,-0.14453130050489954,0.1274825144947384,4
2013-12-27,-1,0.8705757130830317,-0.888340042618399,4
2016-01-04,-1,-0.26807247594228545,0.24489303007305063,6
2016-01-05,-1,-1.2134616140511765,1.189681579667021,6
2016-01-12,1,0.43577143622404363,0.43577143622404363,6
2016-01-13,1,-1.02123566207367,-1.02123566207367,6
2016-01-14,1,0.5699389364550143,0.5699389364550143,6
2016-01-18,-1,0.10378974080323015,-0.12514038071527944,6
2016-01-20,-1,-0.017615322328931184,-0.0035308621280966505,6
2016-01-21,-1,0.24935142198672394,-0.2708458111609338,6
2016-01-28,1,0.2511190667287365,0.2511190667287365,6
2016-01-29,1,0.7948178538183434,0.7948178538183434,6
2016-02-17,1,1.0080952677707347,1.0080952677707347,6
2016-02-23,1,0.1688315508536811,0.1688315508536811,6
2016-02-24,-1,-0.22998199744320474,0.21379706459310466,6
2016-02-29,1,-0.27014896375001946,-0.27014896375001946,6
2016-03-02,1,1.0394983833806493,1.0394983833806493,6
2016-03-07,1,-0.24431328452230738,-0.24431328452230738,6
2016-03-10,1,-0.8836275159887369,-0.8836275159887369,6
2016-03-15,1,1.2046847446392874,1.2046847446392874,6
2016-03-16,-1,0.11415422689411227,-0.1292268282178355,6
2016-03-17,1,-0.08369409372268968,-0.08369409372268968,6
2016-03-22,-1,1.2053762988906565,-1.2215951099483733,6
2016-03-29,-1,0.7368029361195545,-0.7531571613683543,6
2016-03-31,1,-0.458390995067465,-0.458390995067465,6
2016-04-04,1,0.712282095120768,0.712282095120768,6
2016-04-05,-1,0.39561477418068214,-0.41279146851091253,6
2016-04-07,-1,0.008270141558240728,-0.025953788903187607,6
2016-04-11,-1,0.11462139277359483,-0.13315442801499386,6
2016-04-14,1,0.32086449987940824,0.32086449987940824,6
2016-04-15,1,-0.1275863476974656,-0.1275863476974656,6
2016-04-19,-1,0.28956333695648884,-0.3091402829873775,6
2016-04-21,1,-0.7689448415464274,-0.7689448415464274,6
2016-04-25,1,0.2597378235284579,0.2597378235284579,6
2016-04-26,-1,-0.0893774118229678,0.0697053785979671,6
2016-04-27,-1,-1.0971553683244613,1.0770164590648996,6
2016-05-04,1,-0.14972365356311093,-0.14972365356311093,6
2016-05-05,1,0.5279126508793095,0.5279126508793095,6
2016-05-06,1,-1.0411376555447243,-1.0411376555447243,6
2016-05-11,-1,0.7091718085271249,-0.7289466754252812,6
2016-05-12,1,0.48859739465992147,0.48859739465992147,6
2016-05-13,1,0.11935810377826755,0.11935810377826755,6
2016-05-16,-1,-0.294635674035952,0.2743559984014288,6
2016-05-17,-1,1.1098279347493234,-1.130623847420789,6
2016-05-19,1,-0.16026458046617648,-0.16026458046617648,6
2016-05-20,1,-0.127961982035707,-0.127961982035707,6
2016-05-27,1,-0.447731316983993,-0.447731316983993,6
2016-05-30,1,0.5081305280475169,0.5081305280475169,6
2016-06-02,1,1.996020981486265,1.996020981486265,6
2016-06-03,-1,-0.13373994037549328,0.11291426705092102,6
2016-06-06,-1,0.06858326023581435,-0.09021919412150312,6
2016-06-08,-1,-0.4567188739349932,0.43468575217063954,6
2016-06-09,-1,-0.2980106484917001,0.2756438688503907,6
2016-06-16,1,1.0327191139501377,1.0327191139501377,6
2016-06-23,1,3.2943575525179374,3.2943575525179374,6
2016-06-24,1,0.18776237701719353,0.18776237701719353,6
2016-06-29,1,0.19647733462574896,0.19647733462574896,6
2016-07-08,1,-0.5951006676416968,-0.5951006676416968,6
2016-07-12,1,0.4038384125247468,0.4038384125247468,6
2016-07-13,1,-0.3749658949432369,-0.3749658949432369,6
2016-07-14,1,0.0568909454838011,0.0568909454838011,6
2016-07-15,1,-0.19136274464559094,-0.19136274464559094,6
2016-07-19,-1,0.7415706002205449,-0.7603488607639475,6
2016-07-21,1,-0.4222194970831338,-0.4222194970831338,6
2016-07-27,-1,0.16929761919651196,-0.1891580304756599,6
2016-07-28,1,0.7607037859642406,0.7607037859642406,6
2016-07-29,-1,-0.19652468982625595,0.17647692940380397,6
2016-08-01,-1,-0.5206371102572296,0.4997007793638005,6
2016-08-04,-1,1.2995834039527416,-1.3214239209402,6
2016-08-09,-1,-0.3503503177105885,0.32829366133199384,6
2016-08-10,-1,0.44952377528576104,-0.47171915665605924,6
2016-08-11,1,-0.12904141871442876,-0.12904141871442876,6
2016-08-12,1,0.0960246371339453,0.0960246371339453,6
2016-08-15,1,0.36507087886717393,0.36507087886717393,6
2016-08-16,-1,-0.20257241086268057,0.17991087702668873,6
2016-08-17,-1,-0.2285713937412321,0.20565993922334713,6
2016-08-18,-1,0.6469240967314318,-0.6706428059270022,6
2016-08-22,1,-0.07738677119654225,-0.07738677119654225,6
2016-08-25,1,-0.02899531345177264,-0.02899531345177264,6
2016-08-31,1,0.29338524153396667,0.29338524153396667,6
2016-09-02,-1,-0.21555860812075678,0.1904906879701696,6
2016-09-05,-1,-1.5348038094068208,1.5086309341651116,6
2016-09-08,1,-0.6434586590614756,-0.6434586590614756,6
2016-09-09,1,-0.06361625514171097,-0.06361625514171097,6
2016-09-14,1,-0.5741107919663796,-0.5741107919663796,6
2016-09-15,1,-0.3214369149600871,-0.3214369149600871,6
2016-09-16,1,0.15563286168597437,0.15563286168597437,6
2016-09-19,-1,-0.17871926727577772,0.1513911273443944,6
2016-09-20,-1,-1.5601880565041752,1.5316253090601548,6
2016-09-21,-1,-0.11339673269669893,0.08650827141000055,6
2016-09-22,-1,-0.08898653329058108,0.06175325349656709,6
2016-09-23,-1,-0.12371575472938066,0.0953702357711828,6
2016-09-26,-1,0.7580573316748171,-0.7871049566954404,6
2016-09-28,1,-0.09053228650626521,-0.09053228650626521,6
2016-09-29,1,-0.37131538852002866,-0.37131538852002866,6
2016-10-03,1,-3.4051069535622602,-3.4051069535622602,6
2016-10-06,1,0.12231596788265055,0.12231596788265055,6
2016-10-07,1,0.1600276428163432,0.1600276428163432,6
2016-10-17,1,0.5195062270168446,0.5195062270168446,6
2016-10-18,-1,-0.504373173855138,0.4764524632600493,6
2016-10-19,-1,0.24503835929271817,-0.27318943776450294,6
2016-10-20,1,0.02867701451051586,0.02867701451051586,6
2016-10-21,-1,0.11112000737909193,-0.1408121216523481,6
2016-10-25,1,-0.5056748275766111,-0.5056748275766111,6
2016-10-27,1,0.5849333620980544,0.5849333620980544,6
2016-10-28,-1,-0.0039322854020473665,-0.025290964677810453,6
2016-10-31,-1,-0.8700044783528862,0.8399655241348261,6
2016-11-08,1,0.147942360321398,0.147942360321398,6
2016-11-09,1,-1.0098454805234731,-1.0098454805234731,6
2016-11-15,1,-0.13959164379480055,-0.13959164379480055,6
2016-11-18,1,0.3125460773002273,0.3125460773002273,6
2016-11-28,1,-0.2735612259728153,-0.2735612259728153,6
2016-12-01,1,0.2404238277877257,0.2404238277877257,6
2016-12-02,1,-0.6237143534663087,-0.6237143534663087,6
2016-12-12,1,-0.26195868009510603,-0.26195868009510603,6
2016-12-16,1,0.2667884417737952,0.2667884417737952,6
2016-12-21,1,-0.21160556706321768,-0.21160556706321768,6
2016-12-27,-1,-0.20574599588047698,0.1832024572350907,6
2016-12-28,-1,-1.0764091622103849,1.0530162279751616,6
2016-12-29,-1,0.38225836096493093,-0.40559170280215395,6
2017-01-03,1,0.3018899274685736,0.3018899274685736,5
2017-01-19,1,0.2469952028001948,0.2469952028001948,5
2017-01-25,1,-0.8512179652219658,-0.8512179652219658,5
2017-01-26,1,0.13114109692137432,0.13114109692137432,5
2017-01-27,1,0.1787850034250043,0.1787850034250043,5
2017-01-30,-1,-1.0624072921641792,1.0372842136112694,5
2017-02-02,1,0.2895448211473079,0.2895448211473079,5
2017-02-09,1,0.359163316198954,0.359163316198954,5
2017-02-10,1,-0.482217583685097,-0.482217583685097,5
2017-02-14,1,0.3959008688970882,0.3959008688970882,5
2017-02-22,1,0.8867907475310562,0.8867907475310562,5
2017-02-28,1,0.11429848159263593,0.11429848159263593,5
2017-03-01,1,-1.1149070455227856,-1.1149070455227856,5
2017-03-02,1,0.0469920807564032,0.0469920807564032,5
2017-03-07,1,-0.5087242242098551,-0.5087242242098551,5
2017-03-08,1,-0.5178632160745819,-0.5178632160745819,5
2017-03-09,1,0.3118735761630244,0.3118735761630244,5
2017-03-15,1,0.5354369920275726,0.5354369920275726,5
2017-03-20,-1,-0.8966196560124239,0.8670947969369983,5
2017-03-21,-1,-0.3855550148102373,0.3571053752112244,5
2017-03-23,1,-0.02442830125497831,-0.02442830125497831,5
2017-03-24,1,0.6107432316999419,0.6107432316999419,5
2017-03-27,1,-0.1461953056036168,-0.1461953056036168,5
2017-03-29,1,-0.8340576832446817,-0.8340576832446817,5
2017-03-30,1,0.5211637547390842,0.5211637547390842,5
2017-03-31,1,0.2823642792870396,0.2823642792870396,5
2017-04-06,1,0.20286072455103224,0.20286072455103224,5
2017-04-07,-1,-0.07627490037796988,0.0453592745342306,5
2017-04-18,1,-0.7888436225608366,-0.7888436225608366,5
2017-04-21,-1,0.008097239627575796,-0.039491229506322854,5
2017-04-25,1,0.34000228453090237,0.34000228453090237,5
2017-04-26,1,-0.34690771832155853,-0.34690771832155853,5
2017-04-27,1,0.2916705383031695,0.2916705383031695,5
2017-04-28,-1,0.8977990725838576,-0.9294992773072599,5
2017-05-05,1,0.22399055713286029,0.22399055713286029,5
2017-05-09,1,-0.2657868137316641,-0.2657868137316641,5
2017-05-10,1,0.528051608009927,0.528051608009927,5
2017-05-15,-1,-0.5735812709852817,0.5425755652363511,5
2017-05-17,-1,1.0630641244250516,-1.0930094500573946,5
2017-05-18,1,0.6582133858005723,0.6582133858005723,5
2017-05-22,-1,0.6657473892540309,-0.6954093831143213,5
2017-05-24,1,-0.15037570841218761,-0.15037570841218761,5
2017-05-25,1,0.9059707104336547,0.9059707104336547,5
2017-05-31,1,-0.2180544127133214,-0.2180544127133214,5
2017-06-08,1,-1.1916124203065441,-1.1916124203065441,5
2017-06-13,-1,0.3534826724334829,-0.3842744098850968,5
2017-06-16,1,-0.8513682821379269,-0.8513682821379269,5
2017-06-20,1,0.3163239282052674,0.3163239282052674,5
2017-06-30,1,-1.8355024851667585,-1.8355024851667585,5
2017-07-12,-1,0.08375286361558751,-0.11383339286936811,5
2017-07-13,1,0.9899704304729078,0.9899704304729078,5
2017-07-14,-1,-0.4105333078832396,0.3805883389899609,5
2017-07-18,-1,0.08808154534531075,-0.11921870978928055,5
2017-07-20,-1,-0.9264831334919741,0.8946726343023339,5
2017-07-28,1,-0.07493351447716419,-0.07493351447716419,5
2017-08-02,1,0.14831375650270145,0.14831375650270145,5
2017-08-03,1,-0.8825466754901602,-0.8825466754901602,5
2017-08-08,-1,-1.5011027575460252,1.4681008722718494,5
2017-08-15,1,0.9572188895256241,0.9572188895256241,5
2017-08-16,1,0.28942507690341496,0.28942507690341496,5
2017-08-23,1,-0.35545604366814443,-0.35545604366814443,5
2017-08-24,1,0.3891189980317995,0.3891189980317995,5
2017-08-25,-1,-1.4776762345134264,1.4460721954948317,5
2017-09-11,1,0.3282450296407696,0.3282450296407696,5
2017-09-12,1,-0.645096704461596,-0.645096704461596,5
2017-09-14,1,-0.6523875786836483,-0.6523875786836483,5
2017-09-18,1,0.33740957394366183,0.33740957394366183,5
2017-09-19,1,-0.7040967639347386,-0.7040967639347386,5
2017-09-22,1,0.8938194834640366,0.8938194834640366,5
2017-09-25,-1,1.1291620253643115,-1.1563419726010293,5
2017-09-28,1,-0.5493567458644771,-0.5493567458644771,5
2017-10-02,1,0.09883737869892162,0.09883737869892162,5
2017-10-06,1,0.5502461890587743,0.5502461890587743,5
2017-10-10,-1,-0.2846184520119349,0.25573855344079754,5
2017-10-12,-1,-0.8144876802784935,0.7839072293262244,5
2017-10-13,-1,0.5750399347067032,-0.6058364174107971,5
2017-10-17,1,-0.3127049608880869,-0.3127049608880869,5
2017-10-18,1,0.6818023754289556,0.6818023754289556,5
2017-10-19,1,-0.7583261939287519,-0.7583261939287519,5
2017-10-23,1,-0.43762464407046414,-0.43762464407046414,5
2017-10-25,-1,0.8048956817636361,-0.835799832450647,5
2017-11-01,1,0.08542542295435845,0.08542542295435845,5
2017-11-06,1,-0.5095779699127903,-0.5095779699127903,5
2017-11-08,-1,-0.3061827572890433,0.27534920811072483,5
2017-11-13,1,0.14972831984808885,0.14972831984808885,5
2017-11-14,-1,0.16090901180198072,-0.19310152292129681,5
2017-11-16,1,1.2992860884837965,1.2992860884837965,5
2017-11-30,1,0.4692142253907267,0.4692142253907267,5
2017-12-01,1,0.10596535444907533,0.10596535444907533,5
2017-12-12,1,0.9252162441783173,0.9252162441783173,5
2017-12-13,-1,0.1921279499159173,-0.2224698432143351,5
2017-12-14,1,0.1737958144954685,0.1737958144954685,5
2017-12-15,-1,-0.5841418856984737,0.552583783251551,5
2017-12-18,-1,0.02784465490837696,-0.05971331340204667,5
2017-12-20,-1,-0.14035333171822087,0.10618418060591706,5
2017-12-21,-1,-0.7931851597167148,0.7578670231300477,5
2017-12-22,-1,-0.8001472254195485,0.7647147325593069,5
2018-01-12,1,0.24204193788215062,0.24204193788215062,3
2018-01-24,1,-0.7636067717278889,-0.7636067717278889,3
2018-01-25,1,0.19614464171647344,0.19614464171647344,3
2018-03-01,1,0.3467903261910401,0.3467903261910401,3
2018-03-08,1,0.10179343198631441,0.10179343198631441,3
2018-03-15,1,-0.18467532533985223,-0.18467532533985223,3
2018-10-25,1,0.09135350717000153,0.09135350717000153,3
2018-11-08,1,-1.0635002839997836,-1.0635002839997836,3
2018-12-13,1,-0.36504448501974335,-0.36504448501974335,3
2018-12-26,1,0.750226557557534,0.750226557557534,3
2019-01-22,-1,0.19693947131694817,-0.23472114625057378,4
2019-01-24,1,2.2297226663902006,2.2297226663902006,4
2019-01-30,1,0.07582937317072737,0.07582937317072737,4
2019-02-19,1,-0.20475161614451812,-0.20475161614451812,4
2019-02-21,1,0.4627166513842208,0.4627166513842208,4
2019-02-26,-1,0.8246868375794296,-0.8617003296455774,4
2019-02-28,1,-1.800901441593649,-1.800901441593649,4
2019-03-08,-1,0.3562311689918972,-0.3893876728106702,4
2019-03-12,-1,-0.6884676979426906,0.6542848357285299,4
2019-03-14,1,0.5016756159070082,0.5016756159070082,4
2019-03-19,-1,-0.6579455543482383,0.6235300048722431,4
2019-03-20,-1,0.2733370740463075,-0.30648393908686994,4
2019-03-21,1,0.30184318980000446,0.30184318980000446,4
2019-03-28,1,0.11255222626319533,0.11255222626319533,4
2019-04-04,-1,0.032305588959537196,-0.06471886588294716,4
2019-04-08,-1,-0.5827198160807985,0.5497441442111797,4
2019-04-11,1,-0.14283053134159854,-0.14283053134159854,4
2019-05-07,-1,0.2840257619988103,-0.3202340348674943,4
2019-05-10,-1,-1.2206843503861493,1.1831624376610095,4
2019-05-16,1,-0.8528130493650743,-0.8528130493650743,4
2019-05-23,-1,-0.19626128510814642,0.15979265608937362,4
2019-05-27,-1,0.5765498960186494,-0.6164534571694084,4
2019-05-30,-1,-1.7809425064162967,1.7415903259278631,4
2019-05-31,1,1.6036677362613883,1.6036677362613883,4
2019-06-03,1,0.027451188598995035,0.027451188598995035,4
2019-06-14,1,-0.18948818971312875,-0.18948818971312875,4
2019-06-20,1,0.7820065105309797,0.7820065105309797,4
2019-06-21,1,1.1822451198398805,1.1822451198398805,4
2019-06-25,1,-0.8538988480508265,-0.8538988480508265,4
2019-07-03,1,-0.1825199397640132,-0.1825199397640132,4
2019-07-09,-1,-1.0763371577335847,1.0552992082534864,4
2019-07-10,1,-0.7407578868305196,-0.7407578868305196,4
2019-07-11,1,0.5122949034280397,0.5122949034280397,4
2019-07-18,1,-1.0247797759769157,-1.0247797759769157,4
2019-07-24,-1,0.5906202051257438,-0.6119324218788061,4
2019-07-25,1,0.1585624430287385,0.1585624430287385,4
2019-07-29,-1,-0.2232100357807062,0.20088065981763592,4
2019-07-30,-1,0.9887133160238615,-1.0118123198267348,4
2019-08-07,1,0.019721349156064546,0.019721349156064546,4
2019-08-20,-1,0.2177675785619404,-0.23677040228969964,4
2019-08-22,1,1.2517193399001454,1.2517193399001454,4
2019-08-29,1,-0.3303211927919934,-0.3303211927919934,4
2019-09-02,-1,-0.8217201551849056,0.8010653909486491,4
2019-09-05,1,-0.437905805304348,-0.437905805304348,4
2019-09-17,-1,0.3222347485406297,-0.3419449859744701,4
2019-09-20,-1,-0.36605340212081366,0.34576729409458956,4
2019-09-24,-1,1.310203410849285,-1.331266803069162,4
2019-10-10,1,-0.23498871047204362,-0.23498871047204362,4
2019-10-17,-1,0.054745225508977285,-0.07556276280734392,4
2019-10-22,-1,-0.2235342323205929,0.20037268298185476,4
2019-10-23,-1,-0.6419846543575609,0.6178150996246456,4
2019-10-24,-1,-0.06190885494954327,0.03731215751875153,4
2019-10-30,-1,-0.9341619341555908,0.9086658257338261,4
2019-11-14,-1,0.18450441292894904,-0.21000352625625784,4
2019-11-18,-1,-0.07633500636409568,0.05001839518911446,4
2019-11-21,1,-0.13734060261611236,-0.13734060261611236,4
2019-11-26,-1,0.45687625995437187,-0.486297888451685,4
2019-11-29,-1,0.1149754872304,-0.14690852895348191,4
2019-12-10,-1,-0.8383359917405211,0.8051968166535779,4
2019-12-11,-1,0.35788061427358575,-0.3907450635137336,4
2019-12-12,1,0.6313269210674521,0.6313269210674521,4
2019-12-17,-1,0.005197278433806664,-0.038703927957256176,4
2019-12-19,-1,0.04755947782233427,-0.08281854324006396,4
2019-12-24,1,0.9531467287066827,0.9531467287066827,4
2020-01-09,1,0.5501142206676913,0.5501142206676913,2
2020-01-16,1,0.2657566412020688,0.2657566412020688,2
2020-01-30,1,0.8530658101415118,0.8530658101415118,2
2020-04-30,1,0.3846395314313311,0.3846395314313311,2
2020-05-21,1,0.3791030952335161,0.3791030952335161,2
2020-06-11,1,0.08999184029537831,0.08999184029537831,2
2020-06-18,1,0.7821901843483049,0.7821901843483049,2
2020-07-16,1,0.6060780411444842,0.6060780411444842,2
2020-08-27,1,0.7627915772665392,0.7627915772665392,2
2020-09-03,1,0.036918273199459554,0.036918273199459554,2
2020-09-10,1,-0.13977335760351522,-0.13977335760351522,2
2020-09-17,1,0.17688557748090653,0.17688557748090653,2
2020-10-22,1,-0.08963323411161672,-0.08963323411161672,2
2020-12-10,1,0.08017218035599838,0.08017218035599838,2
2021-01-04,1,0.2756068558088207,0.2756068558088207,3
2021-01-07,1,-2.4002359967749354,-2.4002359967749354,3
2021-01-21,1,-0.4676800258924325,-0.4676800258924325,3
2021-01-28,1,0.2024274559778706,0.2024274559778706,3
2021-02-11,1,-0.05822548051147818,-0.05822548051147818,3
2021-03-11,1,0.18661098293490513,0.18661098293490513,3
2021-03-18,1,0.3256030967933139,0.3256030967933139,3
2021-03-25,1,0.19531818645794644,0.19531818645794644,3
2021-04-29,1,-0.17834182594235923,-0.17834182594235923,3
2021-05-06,1,0.7035697669315903,0.7035697669315903,3
2021-06-03,1,0.8788121154483969,0.8788121154483969,3
2021-07-08,1,0.2337989866096937,0.2337989866096937,3
2021-07-29,1,-0.7087717873508552,-0.7087717873508552,3
2021-08-05,1,-2.169682988705228,-2.169682988705228,3
2021-08-19,1,0.025076895098353678,0.025076895098353678,3
2021-10-07,1,0.01480513539254054,0.01480513539254054,3
2021-11-05,1,0.2639247745028753,0.2639247745028753,3
2021-11-10,1,0.5249007393679394,0.5249007393679394,3
2021-11-25,1,-0.040408583391194505,-0.040408583391194505,3
2022-01-06,1,0.2650154695067757,0.2650154695067757,3
2022-02-03,1,0.15898219503447672,0.15898219503447672,3
2022-02-10,1,1.7489076810643984,1.7489076810643984,3
2022-02-17,1,-0.06647101775726619,-0.06647101775726619,3
2022-02-24,1,-0.5375293308675582,-0.5375293308675582,3
2022-03-04,1,0.6322169039524163,0.6322169039524163,3
2022-03-07,1,1.6678510848779864,1.6678510848779864,3
2022-03-08,1,-1.6487645748970539,-1.6487645748970539,3
2022-04-21,1,-0.7568551878919103,-0.7568551878919103,3
2022-05-26,1,0.1337011988448449,0.1337011988448449,3
2022-06-09,1,1.0094622020803365,1.0094622020803365,3
2022-06-23,1,0.13798106289991527,0.13798106289991527,3
2022-08-18,1,-0.5571908834861659,-0.5571908834861659,3
2022-10-13,1,-0.830436907670541,-0.830436907670541,3
2022-10-27,1,-0.7089448054700969,-0.7089448054700969,3
2022-12-01,1,-0.2083708706377471,-0.2083708706377471,3
2022-12-15,1,0.6402500007431188,0.6402500007431188,3
2022-12-22,1,0.2011325116545047,0.2011325116545047,3
2023-01-05,1,1.441647539899932,1.441647539899932,5
2023-02-01,1,-1.55136904436942,-1.55136904436942,5
2023-02-02,1,-1.791787524863724,-1.791787524863724,5
2023-03-02,1,0.888633941243875,0.888633941243875,5
2023-03-10,1,1.6632421622959865,1.6632421622959865,5
2023-03-13,1,-0.4175627666596027,-0.4175627666596027,5
2023-03-20,1,-1.2668491405806375,-1.2668491405806375,5
2023-04-04,1,-0.006892149204143737,-0.006892149204143737,5
2023-04-27,1,0.045664600600786996,0.045664600600786996,5
2023-05-11,1,-0.15749224013213198,-0.15749224013213198,5
2023-05-16,1,-0.254367305501292,-0.254367305501292,5
2023-06-13,1,-0.08656113454379911,-0.08656113454379911,5
2023-06-20,1,-0.16239835422909166,-0.16239835422909166,5
2023-06-27,1,-0.28455256536329615,-0.28455256536329615,5
2023-07-06,1,0.6535828142798656,0.6535828142798656,5
2023-07-27,1,0.6135229062678478,0.6135229062678478,5
2023-08-01,1,-0.6946519111258986,-0.6946519111258986,5
2023-08-03,1,0.4136170890990859,0.4136170890990859,5
2023-09-05,1,-0.6075840601401625,-0.6075840601401625,5
2023-09-12,1,-0.32610652396048556,-0.32610652396048556,5
2023-09-21,1,0.3368538060234162,0.3368538060234162,5
2023-09-26,1,-1.7879887806686245,-1.7879887806686245,5
2023-10-03,1,-0.10891106540680345,-0.10891106540680345,5
2023-10-12,1,3.379958471669858,3.379958471669858,5
2023-10-24,1,0.34416585094208557,0.34416585094208557,5
2023-10-31,1,-0.0811520069551993,-0.0811520069551993,5
2023-11-07,1,-0.8450713127802774,-0.8450713127802774,5
2023-11-28,1,0.12601468468237464,0.12601468468237464,5
2023-12-05,1,0.19364757810567124,0.19364757810567124,5
2023-12-28,1,-0.12839560422972973,-0.12839560422972973,5
2024-01-11,1,0.7842432105586546,0.7842432105586546,9
2024-02-08,1,-0.46794799230131107,-0.46794799230131107,9
2024-02-15,1,0.3983611044343067,0.3983611044343067,9
2024-02-22,1,0.5505386823037103,0.5505386823037103,9
2024-02-29,1,2.065304390906235,2.065304390906235,9
2024-03-01,1,1.530459847370474,1.530459847370474,9
2024-03-04,1,0.5654584554666091,0.5654584554666091,9
2024-03-05,1,0.857695507463083,0.857695507463083,9
2024-03-08,1,0.14251854828469757,0.14251854828469757,9
2024-03-14,1,-0.25966511968904127,-0.25966511968904127,9
2024-03-21,1,-0.6272177917281123,-0.6272177917281123,9
2024-03-28,1,0.3951558266832427,0.3951558266832427,9
2024-04-01,1,0.9849944546568585,0.9849944546568585,9
2024-04-04,1,1.2926652290922118,1.2926652290922118,9
2024-04-08,1,0.40272418793679504,0.40272418793679504,9
2024-04-25,1,0.12703757919476516,0.12703757919476516,9
2024-05-02,1,-0.06430724840285662,-0.06430724840285662,9
2024-05-09,1,0.36762313697722226,0.36762313697722226,9
2024-05-16,1,1.0116168287495861,1.0116168287495861,9
2024-05-23,1,0.10390000785665633,0.10390000785665633,9
2024-05-30,1,-0.4926668607893685,-0.4926668607893685,9
2024-06-13,1,0.7685113094211266,0.7685113094211266,9
2024-06-20,1,-1.1810095204757256,-1.1810095204757256,9
2024-07-11,1,-0.13496756707040938,-0.13496756707040938,9
2024-07-18,1,-1.3851555403949505,-1.3851555403949505,9
2024-07-25,1,0.6786602995871148,0.6786602995871148,9
2024-08-01,1,-0.13931817708085975,-0.13931817708085975,9
2024-08-08,1,0.1052102416596844,0.1052102416596844,9
2024-08-22,1,0.7044564155302454,0.7044564155302454,9
2024-09-26,1,-0.40254055087452534,-0.40254055087452534,9
2024-10-03,1,-0.07959451853495492,-0.07959451853495492,9
2024-10-10,1,0.8140545726673429,0.8140545726673429,9
2024-10-31,1,-0.2604090163917687,-0.2604090163917687,9
2024-11-14,1,-0.0764353393323721,-0.0764353393323721,9
2024-11-28,1,0.31384176104104994,0.31384176104104994,9
2024-12-05,1,0.012238945115423939,0.012238945115423939,9
2024-12-12,1,-0.8369644658376123,-0.8369644658376123,9
2024-12-26,1,-0.3113275742757697,-0.3113275742757697,9
2025-01-08,-1,-0.278736833255312,0.25487029209795337,7
2025-01-10,-1,0.8144566327025599,-0.8390770163104434,7
2025-01-21,1,0.34042051639810766,0.34042051639810766,7
2025-01-23,1,0.555425228149571,0.555425228149571,7
2025-01-30,1,0.1128521163537326,0.1128521163537326,7
2025-02-06,1,0.1325832877314648,0.1325832877314648,7
2025-02-11,1,0.1507326071446368,0.1507326071446368,7
2025-02-20,1,-0.09021068380114801,-0.09021068380114801,7
2025-02-25,1,0.01949169517279594,0.01949169517279594,7
2025-02-27,1,-0.463483253700175,-0.463483253700175,7
2025-03-04,-1,-0.04137166999857633,0.020161185892671282,7
2025-03-05,-1,0.19782651033265244,-0.2192585790706197,7
2025-03-06,1,0.005762697371067719,0.005762697371067719,7
2025-03-13,1,-0.08020999674265479,-0.08020999674265479,7
2025-03-20,1,-0.5884499669909333,-0.5884499669909333,7
2025-03-27,1,0.7599344331644232,0.7599344331644232,7
2025-03-31,1,-0.25479777881566235,-0.25479777881566235,7
2025-04-01,1,0.5031627300508303,0.5031627300508303,7
2025-04-03,1,-1.8086453280274117,-1.8086453280274117,7
2025-04-10,1,1.0073096740918972,1.0073096740918972,7
2025-04-16,1,-0.2600303239510677,-0.2600303239510677,7
2025-05-01,1,0.005475214257544786,0.005475214257544786,7
2025-05-05,-1,-1.2453099871645912,1.2320427480834328,7
2025-05-06,1,-0.9590644194900291,-0.9590644194900291,7
2025-05-08,1,0.25933315672179263,0.25933315672179263,7
2025-05-20,-1,-0.3089015247309389,0.29705922734999124,7
2025-05-21,-1,0.24645059365725852,-0.25885018591038444,7
2025-05-22,1,0.7851587600962368,0.7851587600962368,7
2025-05-29,1,-0.410691279836364,-0.410691279836364,7
2025-06-05,1,-0.6047298243044673,-0.6047298243044673,7
2025-06-12,1,0.7276892927824022,0.7276892927824022,7
2025-06-19,1,-0.03695787975286246,-0.03695787975286246,7
2025-06-26,1,-0.9749034453726549,-0.9749034453726549,7
2025-07-01,-1,-0.34367700546742747,0.32601445092166365,7
2025-07-02,-1,0.5565088589852895,-0.5748274415605604,7
2025-07-03,1,0.1522313265593026,0.1522313265593026,7
2025-07-07,-1,0.6961089807042503,-0.7153288000815187,7
2025-07-11,-1,0.410145922198527,-0.4307449291937742,7
2025-07-17,1,0.19905828648748147,0.19905828648748147,7
2025-07-24,1,-0.6836145837505172,-0.6836145837505172,7
2025-08-01,-1,-0.22399522195060836,0.20363104903480614,7
2025-08-04,-1,-0.1681440160025339,0.14743719646705614,7
2025-08-05,-1,0.22789842622576104,-0.24890485853498537,7
2025-08-07,1,-0.13384854587327866,-0.13384854587327866,7
2025-08-08,-1,1.144447555134262,-1.1670776993589471,7
2025-08-13,-1,0.4826085257985992,-0.5055596580979609,7
2025-08-14,1,0.04392426465141238,0.04392426465141238,7
2025-08-21,1,0.8002833564206704,0.8002833564206704,7
2025-08-28,1,0.8015285092457005,0.8015285092457005,7
2025-09-01,1,1.3612491288477482,1.3612491288477482,7
2025-09-02,1,0.6515715762848612,0.6515715762848612,7
2025-09-04,1,0.9263968804964035,0.9263968804964035,7
2025-09-08,1,-0.2092493977929959,-0.2092493977929959,7
2025-09-18,1,0.8941428983903269,0.8941428983903269,7
2025-09-22,1,0.363409858455503,0.363409858455503,7
2025-09-30,1,0.05596656319926853,0.05596656319926853,7
2025-10-06,1,0.43311395392752133,0.43311395392752133,7
2025-10-08,1,-1.1651793562281578,-1.1651793562281578,7
2025-10-09,1,0.5904523357996534,0.5904523357996534,7
2025-10-13,1,0.4975545600160078,0.4975545600160078,7
2025-10-14,1,0.9629823014953118,0.9629823014953118,7
2025-10-16,1,-1.2007673181185068,-1.2007673181185068,7
2025-10-17,1,1.234729229548212,1.234729229548212,7
2025-11-06,1,0.2413880889993914,0.2413880889993914,7
2025-11-10,-1,-0.11860232077604016,0.1055777702319581,7
2025-11-11,-1,-0.7365944079635214,0.723098384421998,7
2025-11-12,-1,0.24995707116387594,-0.26345389806633307,7
2025-11-13,1,-0.9331713451330147,-0.9331713451330147,7
2025-11-19,-1,0.006258344453232645,-0.018843074477192797,7
2025-11-20,1,-0.13147260839081248,-0.13147260839081248,7
2025-11-27,1,0.6985530081607444,0.6985530081607444,7
2025-12-04,1,-0.13013810254796598,-0.13013810254796598,7
2025-12-11,1,0.24774778619305002,0.24774778619305002,7
2025-12-12,1,0.12030908187785526,0.12030908187785526,7
2025-12-18,1,0.0522876837275448,0.0522876837275448,7
2025-12-24,1,0.4292792842523241,0.4292792842523241,7
2025-12-31,1,0.07396541692217626,0.07396541692217626,7
2026-01-05,-1,-0.5338787805848403,0.5187032058149422,6
2026-01-12,1,-0.1320304326574987,-0.1320304326574987,6
2026-01-15,1,-0.25997641284373807,-0.25997641284373807,6
2026-01-20,1,0.782589605313855,0.782589605313855,6
2026-01-21,1,1.136667233068631,1.136667233068631,6
2026-01-26,1,1.7284231294782912,1.7284231294782912,6
2026-01-28,1,-0.3474363434784551,-0.3474363434784551,6
2026-01-29,1,-3.7603671436449986,-3.7603671436449986,6
2026-02-04,-1,0.8871536716342568,-0.8940368780627433,6
2026-02-09,-1,0.17029668154180405,-0.17722394213684256,6
2026-02-11,-1,0.8152264086855867,-0.8227712758288757,6
2026-02-12,1,0.5417102011275774,0.5417102011275774,6
2026-02-19,-1,-0.6180178533969252,0.6096196499856452,6
2026-02-20,-1,-0.6847826976843717,0.6760133918515977,6
2026-02-23,-1,0.48103757814135173,-0.4901477978887071,6
2026-02-26,-1,-0.6019939755631644,0.5922221193555691,6
2026-03-05,1,0.5329641015589582,0.5329641015589582,6
2026-03-12,1,-0.4075220535897093,-0.4075220535897093,6
2026-03-25,-1,0.7137472740586972,-0.7211089381838269,6
2026-03-26,1,0.6279668701142845,0.6279668701142845,6
2026-03-30,-1,-0.8375533032538801,0.8301310238690848,6
2026-03-31,-1,-0.4628727562725846,0.45525833925741455,6
2026-04-01,-1,0.4535477520496466,-0.4614689142817301,6
2026-04-07,-1,-0.003591485161146881,-0.00450661158922338,6
2026-04-08,-1,-0.2618534648933686,0.25367829083971594,6
2026-04-09,-1,0.09956851553513642,-0.108070697444778,6
2026-04-14,-1,0.317676442832196,-0.32711653323610546,6
2026-04-16,1,0.2777067975666642,0.2777067975666642,6
2026-04-23,1,0.04393267782379526,0.04393267782379526,6
2026-04-24,-1,0.13139198058271126,-0.14247403992775667,6
2026-05-06,-1,0.030605152522344706,-0.04213156186326375,6
2026-05-08,-1,-0.4533242228719625,0.4410988814818789,6
2026-05-11,-1,0.1757138316964631,-0.18810592609035598,6
2026-05-14,1,-1.0885984853034392,-1.0885984853034392,6
2026-05-25,-1,0.606496642752743,-0.6197811225627305,6
2026-05-29,-1,0.5106859127430817,-0.5232621031157342,6
2026-06-12,-1,-0.3430741555007507,0.33216253361867654,6
2026-06-15,-1,-0.17787109125755582,0.16695883563685474,6
2026-06-16,-1,0.6654219054869753,-0.676869979498251,6
2026-06-22,-1,0.743205957676752,-0.7542668189144366,6
2026-06-26,-1,0.6332415939963596,-0.6440257250755976,6
2026-07-02,-1,-0.4161982373665631,0.40547722118679924,6
2026-07-03,-1,0.0961038253234723,-0.10724120554391152,6
2026-07-15,-1,0.8361949530144293,-0.8479567633451988,6
2026-07-16,1,0.40025010519121623,0.40025010519121623,6
2026-07-20,-1,-0.6986497396766277,0.6862889333092946,6
2026-07-21,-1,-0.5207019306799762,0.5080361279851447,6
2026-07-22,-1,0.8254328513302327,-0.8383306381470963,6
2026-07-27,-1,0.5496773403038668,-0.5630257010736393,6
2026-07-29,-1,-0.36861029586610095,0.3553917206227978,6
2026-07-30,-1,0.651276190432641,-0.6646208927028003,6
2026-08-04,-1,-1.8550949314948824,1.841232288529286,6
2026-09-03,-1,0.39781967295120474,-0.4103292854923643,6
2026-09-18,-1,0.3008269564807286,-0.31369742773230375,6
2026-09-22,-1,0.7235484554171973,-0.7368839604373699,6
