sym,leg,n,avgR,t,avgR_nocomm,t_nocomm,R_yr,t_19_22,t_23_26,yrs_pos
XAGUSD,trendH4_L,163,-0.074,-1.12,-0.062,-0.93,-1.6,-0.49,-1.2,3
XAGUSD,trendH4_S,74,-0.091,-1.4,-0.075,-1.16,-0.9,0.18,-2.54,2
XAGUSD,tday,297,0.007,0.41,0.019,1.16,0.3,-1.7,1.94,5
XAGUSD,tday900,156,-0.038,-1.1,-0.027,-0.78,-0.8,-1.74,0.2,2
XAGUSD,drift_L,1592,-0.064,-6.99,-0.049,-5.38,-13.2,-7.65,-2.46,0
XAGUSD,drift_S,1592,-0.084,-9.1,-0.07,-7.54,-17.4,-8.26,-4.79,0
XAGUSD,friday_L,386,-0.012,-0.66,-0.005,-0.26,-0.6,-2.59,1.25,4
XAGUSD,friday_S,386,-0.056,-3.1,-0.049,-2.7,-2.8,-1.24,-3.05,1
XAGUSD,tom_L,90,0.017,0.56,0.023,0.75,0.2,0.68,0.05,3
XAGUSD,tom_S,90,-0.074,-2.44,-0.069,-2.25,-0.9,-2.3,-1.05,1
XAGUSD,lw,1176,-0.025,-1.89,-0.014,-1.05,-3.8,-2.65,0.06,4
XAGUSD,inside,113,0.006,0.09,0.022,0.32,0.1,-0.01,0.16,2
XAGUSD,nr7,107,0.072,0.89,0.092,1.13,1.0,0.55,0.71,4
XAGUSD,fri_close_L,381,-0.107,-11.66,-0.077,-9.09,-5.3,-10.19,-6.25,0
XAGUSD,fri_close_S,381,-0.209,-24.17,-0.18,-22.1,-10.3,-21.97,-13.53,0
XAGUSD,strong_close,488,-0.039,-1.72,-0.028,-1.25,-2.5,-1.77,-0.65,3
XAGUSD,weak_close,321,-0.029,-0.98,-0.018,-0.59,-1.2,-0.43,-1.0,3
USDJPY,trendH4_L,195,0.053,1.01,0.074,1.37,1.3,1.31,0.02,5
USDJPY,trendH4_S,87,-0.102,-1.61,-0.089,-1.39,-1.2,-1.36,-0.87,2
USDJPY,tday,377,-0.001,-0.06,0.013,1.18,-0.0,-1.28,1.17,5
USDJPY,tday900,212,-0.006,-0.25,0.007,0.32,-0.2,-1.07,0.67,4
USDJPY,drift_L,1578,-0.034,-3.21,-0.013,-1.22,-6.9,-2.97,-1.61,3
USDJPY,drift_S,1578,-0.055,-5.29,-0.036,-3.35,-11.3,-4.92,-2.75,2
USDJPY,friday_L,377,-0.022,-1.46,-0.014,-0.88,-1.1,-1.52,-0.46,1
USDJPY,friday_S,377,-0.026,-1.82,-0.018,-1.21,-1.3,-1.03,-1.62,2
USDJPY,tom_L,92,-0.015,-0.66,-0.008,-0.35,-0.2,-0.69,-0.26,5
USDJPY,tom_S,92,-0.017,-0.75,-0.01,-0.45,-0.2,-0.58,-0.48,2
USDJPY,lw,1227,-0.007,-0.64,0.006,0.52,-1.2,-0.7,-0.2,2
USDJPY,inside,124,0.002,0.03,0.022,0.43,0.0,0.54,-0.45,3
USDJPY,nr7,129,0.135,1.96,0.163,2.32,2.3,0.98,1.75,6
USDJPY,fri_close_L,402,-0.082,-7.78,-0.04,-3.72,-4.3,-6.58,-4.58,0
USDJPY,fri_close_S,402,-0.158,-14.68,-0.12,-10.91,-8.3,-12.47,-8.5,0
USDJPY,strong_close,564,-0.004,-0.23,0.009,0.48,-0.3,0.68,-1.05,3
USDJPY,weak_close,288,-0.001,-0.05,0.012,0.44,-0.1,0.12,-0.2,6
EURUSD,trendH4_L,124,-0.036,-0.7,-0.012,-0.24,-0.6,-0.83,-0.31,3
EURUSD,trendH4_S,128,-0.006,-0.13,0.015,0.31,-0.1,0.82,-1.21,5
EURUSD,tday,325,-0.031,-2.37,-0.017,-1.29,-1.3,-1.94,-1.4,1
EURUSD,tday900,169,-0.044,-1.89,-0.031,-1.3,-1.0,-2.15,-0.46,2
EURUSD,drift_L,1607,-0.056,-7.88,-0.037,-5.1,-11.7,-5.24,-5.89,0
EURUSD,drift_S,1607,-0.034,-4.62,-0.014,-1.92,-7.1,-4.41,-2.26,0
EURUSD,friday_L,402,-0.021,-1.57,-0.011,-0.85,-1.1,-1.27,-0.93,1
EURUSD,friday_S,402,-0.024,-1.82,-0.014,-1.08,-1.2,-1.02,-1.62,4
EURUSD,tom_L,93,-0.065,-2.46,-0.058,-2.19,-0.8,-1.31,-2.13,1
EURUSD,tom_S,93,0.028,1.13,0.036,1.41,0.3,0.36,1.24,6
EURUSD,lw,1255,-0.019,-1.92,-0.005,-0.52,-3.2,-1.25,-1.48,3
EURUSD,inside,105,-0.062,-1.12,-0.042,-0.74,-0.8,-0.57,-1.06,2
EURUSD,nr7,105,-0.043,-0.63,-0.019,-0.27,-0.6,0.07,-1.29,4
EURUSD,fri_close_L,402,-0.127,-13.64,-0.087,-9.65,-6.6,-9.11,-10.24,0
EURUSD,fri_close_S,402,-0.089,-9.94,-0.05,-5.44,-4.6,-7.04,-7.02,0
EURUSD,strong_close,429,-0.033,-1.52,-0.019,-0.88,-1.8,-2.16,-0.09,3
EURUSD,weak_close,466,-0.018,-0.96,-0.003,-0.17,-1.1,-0.97,-0.38,3
