signal,days,xs_ic,xs_ic_t,ts_ic,ic_pos_years,gross_bp_day,cost_bp_day,turnover,SR_gross,SR_net,SR_net_disc,SR_net_val,SR_gross_disc,SR_gross_val
mom_12_1,2332,0.0157,1.65,-0.0041,7/10,0.2,0.21,0.1,0.14,-0.01,-0.19,0.16,-0.04,0.31
lowvol,2524,0.0117,1.39,0.0058,7/10,0.32,0.11,0.05,0.28,0.19,0.42,-0.02,0.52,0.07
mom250,2334,0.0114,1.2,-0.0109,6/10,-0.08,0.2,0.09,-0.06,-0.2,-0.14,-0.25,-0.01,-0.1
ma_gap20,2524,-0.0106,-1.19,-0.0155,3/10,-0.66,0.72,0.34,-0.5,-1.06,-1.03,-1.08,-0.52,-0.49
last4h,2524,0.0078,0.88,0.0048,4/10,0.27,2.53,1.18,0.19,-1.62,-1.7,-1.54,-0.11,0.52
mom20,2524,-0.0077,-0.87,-0.015,4/10,-0.63,0.6,0.29,-0.48,-0.94,-0.69,-1.19,-0.27,-0.69
mom5,2524,-0.0064,-0.71,-0.0038,2/10,-0.34,1.14,0.54,-0.25,-1.1,-1.03,-1.16,-0.27,-0.23
ma_gap60,2524,-0.0063,-0.7,-0.0165,6/10,-0.7,0.44,0.21,-0.52,-0.86,-0.91,-0.81,-0.61,-0.44
resid3,2462,-0.0047,-0.52,-0.0056,4/10,-0.38,1.52,0.71,-0.29,-1.42,-1.14,-1.67,-0.06,-0.47
mom2,2524,-0.0046,-0.51,0.0048,3/10,-0.1,1.78,0.84,-0.07,-1.44,-1.39,-1.5,-0.14,-0.02
resid5,2460,-0.0046,-0.51,-0.0074,3/10,-0.43,1.19,0.56,-0.31,-1.18,-1.06,-1.28,-0.29,-0.34
mom60,2524,-0.0045,-0.5,-0.0142,3/10,-0.6,0.38,0.18,-0.45,-0.73,-0.79,-0.66,-0.54,-0.35
resid1,2464,-0.004,-0.45,-0.0081,3/10,-0.44,2.61,1.22,-0.33,-2.33,-2.11,-2.53,-0.23,-0.43
last8h,2524,-0.0032,-0.35,-0.0162,5/10,0.14,2.58,1.18,0.1,-1.7,-1.79,-1.62,-0.2,0.41
mom1,2524,-0.0024,-0.27,0.0005,4/10,-0.3,2.51,1.19,-0.23,-2.14,-1.86,-2.41,-0.08,-0.38
mom10,2524,-0.0015,-0.17,-0.01,3/10,-0.3,0.84,0.39,-0.23,-0.88,-0.76,-0.98,-0.18,-0.29
mom120,2464,-0.0007,-0.07,-0.017,5/10,-0.36,0.28,0.13,-0.26,-0.47,-0.69,-0.26,-0.49,-0.04
vol_change,2584,,,-0.0059,3/10,-0.6,0.73,0.35,-0.48,-1.07,-0.7,-1.43,-0.14,-0.81
