entry_time,rv20,rng_pct,trend60,er20,er60,ac_m15,vr16,perf_4,perf_12,R,n
2019-03-29,9.472568635276712,0.9212959233137269,0.6711118583881663,0.1244897959183654,0.11021387401620857,0.003168992951155255,1.0571977105621895,-2.636308933975461,-10.422412684567337,1.7629445082333057,4
2019-04-05,9.504809836702982,0.9434208137279685,0.1252125611509011,0.010920436817472064,0.020642330839755103,0.0008016920653142434,1.016188091591757,-2.5833596490631376,-8.53859043265918,0.9002365407919246,2
2019-04-12,8.806691974667489,0.9188501861654684,0.07031302359920248,0.060107366012495764,0.01175383371357589,-0.023635956348751163,0.9939167230023631,-0.595223829543188,-7.477907869385922,0.22631899059931837,4
2019-04-19,8.730586813956366,0.9100327478203502,0.15214155492182935,0.10720236993149306,0.025212432915921158,-0.012232439135844929,1.004152778900093,0.8566083095972044,-4.552625292050234,0.8432398075951306,3
2019-04-26,8.892903873486922,0.8601109768299938,0.09439973314879359,0.3015901217020526,0.015445176457724167,-0.04238605763901433,0.9834820645630997,3.7327398472196798,-1.1998865092673023,-1.9445369077164876,4
2019-05-03,7.088811872428007,0.7987114554842043,0.6306956117842087,0.05153675353511844,0.10361136250839319,-0.04870900486890241,0.9037274483048985,0.02525843126988625,-1.0688934205698466,-1.019524818853265,1
2019-05-10,7.875583158521665,0.8207271195387124,0.5487307852153072,0.1303831303831314,0.08895635238858941,-0.07230456004878037,0.8050925971089661,-1.8945029283753034,-1.1726815174478595,-4.311969645637403,7
2019-05-17,6.3156233007642255,0.7577965535232921,0.47302383230155753,0.08174420017004812,0.07826855123674882,-0.054126706565370795,0.7722237180358474,-6.432791564612025,-4.349395035356118,2.405160820485582,4
2019-05-24,7.664230620606638,0.8386331851890952,0.8351414911570862,0.02206405693950254,0.1387007622923437,-0.009434803768248736,1.003708586010164,-4.870870551721573,-3.7744396384773555,-0.2850241545893632,1
2019-05-31,7.752846796956428,0.7956874146231935,0.5209729639771605,0.011718749999998668,0.08807487293913413,0.008700984092778698,1.0277194933888922,-3.2113577985944484,-5.769459016387701,2.7920514752809846,3
2019-06-07,8.470908697541384,0.7834573347853633,0.3678265966572061,0.2694977541853797,0.0612797930652209,0.026439372542156732,1.1561804669439466,0.6002184955398016,-1.8895082623786905,0.3682159312424085,6
2019-06-14,9.682993156512982,0.9185005962501556,0.8162438234584419,0.4590191467920709,0.14164486696867232,0.033804572880204324,1.1235919748156804,5.280404072419612,-0.2957791825952083,2.6728368242218847,5
2019-06-21,8.924154147209752,0.9129215721433059,0.5678705190047757,0.5682364461853442,0.09914926527455509,0.0467249532039395,1.01185495880636,5.548080076155915,4.409949371654021,5.24107470645818,5
2019-06-28,10.887953733624183,1.1721575166285096,1.807486994079211,0.7257931733265774,0.32004930156121575,0.04798894072373526,1.1052471499620364,11.07417893720346,7.8880795698788955,1.9596498097830564,5
2019-07-05,11.758769055210479,1.3317140985902423,1.81573099648028,0.6276737160120852,0.3213158833374486,0.029720984614870095,0.9780373463048696,10.24177727170553,8.947492838870026,0.9395913630787327,2
2019-07-12,16.435684440722877,1.4838888939218131,1.402961892097649,0.2777301723317147,0.25826913262206247,-0.009967382465173447,1.027358980039594,10.813152703541855,9.66076521134944,1.139455081283941,2
2019-07-19,17.26452308419668,1.5894710898574287,1.7775369753557335,0.31533375986351114,0.3143576033967607,-0.01933825880543836,1.0020098399883814,9.279770960603912,9.956980485038251,2.1251128905447185,3
2019-07-26,17.864349503195793,1.6056978664836319,1.6235162384617956,0.10692288741069235,0.279730515509394,-0.032211861979024425,0.9919420041896273,6.163809144690449,14.026630283299458,-0.5895427353116652,3
2019-08-02,17.221172985217496,1.48806367653622,1.6300897552633016,0.038523683986733434,0.27944007700946577,-0.02650173229390382,1.0693271866196261,3.614616599595727,14.456612366841057,0.6939703253337881,4
2019-08-09,15.693920458305124,1.4235148376258087,1.662149930570767,0.18894549389116871,0.28116889009892015,0.039196301650841835,1.2197231882314077,3.3689955618507823,19.462552337812248,-3.585998418947821,8
2019-08-16,16.11734411085954,1.4857071506305566,2.2682992115486362,0.3520351088546596,0.37910911602209946,0.02250895820367371,1.0456643998586415,-1.3564579383809794,13.471393098378845,1.9173183765337871,4
2019-08-23,14.49498950409148,1.5899185305629804,2.2976043740883303,0.40548260769407973,0.3697008892481811,-0.004927872728991386,0.8831010406488841,-1.5642524523919108,15.673735629501996,-2.0002740101054117,3
2019-08-30,16.021793990317505,1.656522872772219,2.118263214784309,0.4286845334705669,0.33863980774235053,-0.00467224816626563,0.9612951842304285,-2.9749837271856574,10.8814101441156,-1.5319965519447445,5
2019-09-06,14.257476882016466,1.6260367373173317,1.6927451597851986,0.35497102095407856,0.27412103570721,-0.012966388723975883,0.8260529025472954,-5.2009506044641896,8.981197660928448,1.8959485666604634,3
2019-09-13,15.316148683262687,1.661429228383043,1.4819288054623119,0.040558734432851226,0.23474558228656606,-0.007908276873337797,0.9620453073650048,0.2809963811440943,8.204309403367025,3.9269503768113916,5
2019-09-20,14.975437138489717,1.4824985197916716,0.8026521465898694,0.1089299798440095,0.1294841828661025,0.017737000642312564,1.0793175722403758,2.2906283814216986,6.890185073720237,-1.4295820380320912,3
2019-09-27,13.39786482486192,1.4750936109824744,0.9636733536401701,0.04879361816668996,0.1551465063861759,-0.021352722445583484,0.9714379053942044,2.861320353495019,3.5009532259050893,-0.400067437022833,4
2019-10-04,14.55121282548234,1.455016329149736,0.9397327714102045,0.10722600082165502,0.1473886767491505,-0.034140107802175204,1.0405358453182696,3.9932494684169306,2.161294425803524,1.9714369800678317,2
2019-10-11,13.504911886374634,1.4685692298045088,0.8411995077276667,0.010991227185641144,0.13356471785051752,-0.05314647540148983,0.9389866609104034,4.068737881824299,2.9932763245874145,-1.0076586841336077,1
2019-10-18,13.40092361598669,1.5007037587981542,0.6223538516456714,0.0006724949562872172,0.09909486673556948,-0.05245563106874207,0.9252364666863768,-0.8658711791207001,-0.1394952500909119,-0.26348835602522236,3
2019-10-25,12.772189361058665,1.437257021342046,0.7117628036817967,0.14668602378692439,0.11328082008710266,-0.02466666000643238,0.9006968318309857,0.3002225028861687,0.18655912919553097,-1.1837061595998446,6
2019-11-01,10.917052397601596,1.308669882376519,0.6655255099240159,0.04956077094532562,0.10687855548656645,-0.032044206631648586,0.8765519144635424,-0.4834162196908429,-1.6911173557381018,-2.0051765469980567,3
2019-11-08,9.173858426245927,1.1044791316240716,0.18146582831163094,0.06834895457822683,0.029475222717149325,-0.010374621097086539,0.8837758372160088,-4.460029746756732,-0.1102954837883372,1.966836818827234,3
2019-11-15,11.581769950795929,1.0599068501713937,0.5690864640465702,0.17754100323237126,0.09240727841111793,-0.00013863517693986862,1.0665131755959552,-1.4855342437958894,-0.06077704149489027,1.9106969406192518,5
2019-11-22,11.341431100758523,1.0429154982142892,0.6545918308222163,0.14153826960264404,0.10838099792176234,0.024412643710207058,1.0590659848303319,0.6886510528485845,3.8501939092297732,-1.8019405330541767,3
2019-11-29,10.81637988760371,1.0550239700563042,0.6643012436537937,0.2838761560112587,0.11191751627210418,0.018046977307481147,0.9933648145861541,0.07041667939425245,3.580249928120341,-3.239759802145083,4
2019-12-06,9.848981540403994,0.9594968529679182,0.542026482447889,0.3691028188709783,0.09060920682582302,0.0009888230072524482,1.0091592579054773,-1.1641665757527742,-1.5554584406852057,1.5065585257905625,4
2019-12-13,7.429833941464101,0.8706316431716278,0.3628427881592159,0.009782082324455096,0.061515896639489274,-0.026137997865397663,0.8667983041486471,-1.624444868789445,-3.9758502917060348,-0.7845828594980309,4
2019-12-20,7.609119617188634,0.8835367978629206,0.529272908804137,0.0731889469753539,0.09208993998029244,-0.0007493236264342567,0.8705524630159148,-4.319724668906728,-3.330851113171974,-1.1773202002555103,3
2019-12-27,7.32881105717797,0.7780060793626137,0.265787995054939,0.16381167299210203,0.04716343143393856,0.018236903892177646,0.8653419741427101,-3.6951043361080615,-4.108103876404652,0.9183155984223552,7
2020-01-03,7.710472005149034,0.8188746005030177,0.08907422260691913,0.505888847994112,0.015769005380640577,0.034518657520707166,0.9368669221036134,0.46297106445937675,-5.161225258050129,-0.7174807576871705,4
2020-01-10,8.450857193844815,0.7994727101736777,0.6612097402911212,0.6326030085022908,0.11790793699342421,0.03987537307718831,0.8923251358583788,-1.7610682190183562,-4.871047331603691,0.03432362692973698,3
2020-01-17,9.005281037466297,1.0709525747728381,1.01466455849066,0.6055243250746074,0.17856258358512117,0.017576921320500757,0.9428942154696431,-0.9421617325905883,-4.573235348648732,-0.6371410014046694,5
2020-01-24,9.925183042898615,1.0638292249036678,0.8975111336857882,0.4931597661664558,0.15535710044414924,-0.00417943135563187,0.9782601196915701,-0.40198253373974746,-4.026670190453556,-3.3914855785355003,7
2020-01-31,9.438268503981165,1.1190293321098594,1.066716378687782,0.42226876090750376,0.1902956023808925,0.0038799098190555417,0.9766758243690098,-4.711783710697603,-5.412979221991,-1.1666020233636827,5
2020-02-07,9.519345114853035,1.1577425444399796,1.4659181958311476,0.24078288575329948,0.25017786360402494,-0.0014202924243605568,0.9087851752549923,-5.160904976374115,-8.546418064181918,-0.11118787007868369,2
2020-02-14,10.136957088065115,0.9974798634775217,1.5963983361104863,0.05294731351069304,0.26375336577653713,0.007853067218360944,0.8509371448489742,-5.306416473382536,-10.568302874879851,-4.743296908363784,8
2020-02-21,9.633862350870528,0.969717566596772,1.6562470354574421,0.18285478774557007,0.2713975380159305,0.007779896776276453,0.8319070648712785,-9.41257238034165,-13.50965925018946,2.676172347003559,8
2020-02-28,11.628001921443108,1.0170663136443805,2.6199575271295203,0.3666564761031283,0.4202473089582775,-0.0031280957449524678,0.8140939962895088,-3.3449144548025918,-7.593727101040818,0.0,0
2020-03-06,18.165666146153345,1.4459020771113462,1.176653825704667,0.01124399062338562,0.21140583554376655,-0.06899223908056452,0.7826712880421438,-2.178312431438909,-9.10028562683138,0.16032006898230433,3
2020-03-13,21.270609986470912,1.7677531949197056,1.7981334118184267,0.3539997283715874,0.33722992719225614,-0.07553509006265825,0.7482792803308456,-1.9068044923779213,-8.155382698351044,3.139253387110751,4
2020-03-20,28.545094707513346,2.5555436995794336,0.40285460095696535,0.1287675109664641,0.07321251342569289,-0.05569637515420295,0.9465726664680325,5.975745803096614,-3.838809110984783,-0.34637168652387246,4
2020-03-27,29.74032407258675,3.548509503410436,0.08904297331589808,0.31019606168040664,0.015834499151944282,-0.061182177133671536,0.9539931459184363,2.9532017695691826,-5.103496395931011,-1.1581848851964864,5
2020-04-03,34.38072767471038,3.7304072094239444,0.4214026576748848,0.07831796154447379,0.08098207666477687,-0.057956602779991616,0.99084966364822,1.7950168843726961,-5.544200523440327,0.2768320254098881,1
2020-04-10,33.66000927729551,3.6010041598653624,0.3018372157200697,0.11308125185112054,0.057747320109396004,-0.056680707337216606,1.0207105284365918,1.91152884080028,-5.301692124960176,-0.5574995317110016,6
2020-04-17,32.43319456754886,3.417907730458837,0.6691063644435981,0.21033329956438052,0.12647826001686638,-0.0618371369889022,0.9932399988784499,-1.7852240780214728,-5.222050655266508,-1.2015214733145285,7
2020-04-24,28.51174218383256,2.57933501087889,0.5970299747602998,0.4617934326247409,0.10820709021346975,-0.05688293607475169,0.8581804695221249,-2.640373864812129,-3.0320865500455363,-1.2996340536120354,5
2020-05-01,21.716174653613127,2.068390003189217,0.7507785898635396,0.28417327778094914,0.13626276076342655,-0.04937192826924135,0.737182193396363,-2.7818230332276777,-3.165118580293889,0.10971352025834813,1
2020-05-08,19.364477541310805,1.9704772422475383,0.6560959042769264,0.26708958687915857,0.11800103259805242,-0.055742536337281164,0.7241958547519822,-2.948941538379218,-2.944217189956857,-0.9247310243625448,3
2020-05-15,17.305001048381975,1.827842878876973,0.6061158662759817,0.06625160722744854,0.10649873368068294,-0.058064571088421,0.7640186199659662,-3.316173031030761,0.8743486940443823,-1.9944071265133934,4
2020-05-22,14.13342305225139,1.5945354625141406,0.5813128998999033,0.23900391939506654,0.10465999368541408,-0.07054645094829672,0.7894225938895529,-4.109058684229626,-3.79623077947257,0.2305460723946824,3
2020-05-29,13.253438824612438,1.456298546343898,0.4258559338809434,0.027405498281786494,0.07781695645377007,-0.0848261289755172,0.8070485654302195,-2.578878558222908,-3.565684707077888,-1.0619064934822617,6
2020-06-05,12.229327110364524,1.3583805523537476,0.2919715655143033,0.13633410672853816,0.05405249937683347,-0.06581592346978483,0.8016905474625108,-3.7504985719635178,-4.7879112695424535,-2.637895665008824,5
2020-06-12,13.444320576325888,1.419709825417029,0.6049621920563746,0.06543061705914076,0.10437364172617195,-0.05155461524801776,0.9165704161198336,-5.463663212609797,-10.565060321662028,-2.8780368717574025,4
2020-06-19,14.415143034144398,1.4857943238128146,1.6190865237629322,0.0466967771568545,0.26609339914527275,-0.05943806488853295,0.9358129624727387,-6.347292957853806,-13.09672550689556,0.27503210613647544,4
2020-06-26,14.029791844888582,1.4527398184754639,0.8386976299864249,0.035766211107880655,0.13904969961769548,-0.06085499816484484,0.8921003265228613,-6.302806924112014,-11.663508515562597,0.8507487299481585,5
2020-07-03,13.664202533163339,1.4263414995399937,1.261151296690196,0.17823703078869627,0.20360941024814697,-0.05748513278219768,0.8461441459216712,-4.390151700681593,-11.089591811024325,-1.4293707069580701,5
2020-07-10,8.905116338442241,1.2220099544814702,0.8169390742776829,0.5460354165398881,0.1332858161083392,-0.06859619460252592,0.7633910814953067,-3.181626742630839,-11.961462986271396,1.48157651783071,4
2020-07-17,7.3484888399323545,1.1412069377484426,1.1145728904205092,0.4828708946772346,0.1776593958450991,-0.05093154750900665,0.8331709476915194,1.1779866469572735,-9.278364995126157,1.006626300734657,5
2020-07-24,7.141539107826332,1.0597630979633494,0.8066875926181278,0.4510810810810789,0.13153025598120752,-0.04822081685151524,0.8410391344581467,1.9095808415554552,-6.972104640779464,1.4064489098427035,8
2020-07-31,9.288655527766936,1.129984075414559,1.9448727862573387,0.6535678391959782,0.3095457335788823,-0.1272022139213631,0.8082195419649655,2.46528102145,-5.675369251195109,2.2330478744415854,5
2020-08-07,11.440096196030163,1.4449922399587876,2.585442925924374,0.7223344394748232,0.4013173302107724,-0.09528216678013991,0.7820392017251622,6.127699602849656,-2.517590352390979,1.913234513489821,4
2020-08-14,14.28639135628926,1.7019268670133152,2.4479964045750005,0.6774304461190226,0.3891291331248751,-0.07319531306504021,0.8063805147398918,6.559357598508766,1.3900512876122355,0.14236270038748058,1
2020-08-21,27.687546531095116,2.324802797287961,1.2859106660321276,0.27728631817713195,0.2401794707444373,-0.03140829394927153,0.9702544778636871,5.695093998161591,1.3018679156050337,-1.2513974719283742,2
2020-08-28,31.32829481341748,2.6239721540270344,1.171744816557941,0.07140900874582365,0.21491375191860043,0.004131164223038098,0.9739598760471929,3.0372476163905127,1.1123769371589212,0.47972563926663114,2
2020-09-04,31.346993702104896,2.6559385610394504,1.5768635892453549,0.019462704155848824,0.2837730790323563,0.0027270239482647023,0.9589221639427227,1.283925381215558,4.229998241434376,0.26361303038244044,4
2020-09-11,29.67894590873707,2.500249900165482,1.1393964295195007,0.2133251962372943,0.2105481211418154,-0.011635503073700863,0.9343086144227899,-0.36569610189182256,7.37164814357422,-1.1337080595493454,2
2020-09-18,19.92694842246357,1.9683249644910465,1.102288038669622,0.012359076385121272,0.20434543739439584,-0.03022513540505893,0.8153769362147784,-1.6417668618286485,5.962907977888399,-1.1678287167824761,4
2020-09-25,12.536588201009877,1.6104036817371195,0.9862652181793194,0.04320516846875068,0.18440974442542107,-0.053882776987758584,0.8062124056323802,-1.5581981066827504,3.944330531157764,1.954026092757028,2
2020-10-02,12.325511096161016,1.5433744854585123,0.46507451821634166,0.4658385093167686,0.08267546594277272,-0.05676030984854281,0.9371072934864952,-0.08389765319235343,7.327727330872862,-2.0707858715023497,3
2020-10-09,13.587582558839733,1.5055005695836852,0.5273369820684218,0.13892114853229715,0.09346220819249287,-0.046988213635596104,0.9184057204257946,-2.4182965550771436,3.7753649415398023,3.24594034543859,4
2020-10-16,16.836707835013062,1.602878811073993,0.6064240307337762,0.030930398831172937,0.10578190059558298,-0.048752428733477175,0.9297372223756456,1.9613518499107916,6.0146789862437355,-2.7567313715141974,4
2020-10-23,17.49641198305583,1.617002438187265,0.010774630484983175,0.14873473204371396,0.0019410496046008737,-0.054775232449806636,0.9808801058741823,0.37244919517907027,1.8514987048868345,-0.4676473403312653,3
2020-10-30,15.11135494514884,1.392231059728331,0.36824469543211913,0.13838600797790765,0.0694137429386534,-0.033124628693066975,0.9614063826531458,-2.049224237909223,-0.8491965098860166,-0.19331146370254415,4
2020-11-06,15.02631319805545,1.3656755279321233,0.7983334685109186,0.0717413516275,0.15588523835265372,-0.033760186004777336,1.0712207680509316,-0.17174983010941758,-2.955742487078382,1.1848200226880905,5
2020-11-13,14.643304628034157,1.3518280067892086,0.04343107625490671,0.0820476858345029,0.007702365648108453,-0.041276128640245005,0.9800029184783285,-2.232870152859917,-1.913285164777772,0.14929958285515083,3
2020-11-20,21.92450692529141,1.6166444338031092,0.31059371823173837,0.028443611522534506,0.05656628792106614,-0.054762011386178505,1.4870930876269157,0.6731608015094313,-0.5125881099942466,0.07380887655096968,3
2020-11-27,21.405959907094196,1.6131775244415263,0.6034342282807024,0.09962599948413756,0.11361957245806314,-0.06371738139944069,1.3705435972492523,1.2146170183916662,-0.9185048727099081,0.0531348395341098,5
2020-12-04,22.389167587914127,1.7064624884484523,0.9395327751222886,0.26843193801159315,0.16896567632404486,-0.03662007351377948,1.393154563606659,1.4610633216283202,-1.1289830635582387,0.9364167523008438,3
2020-12-11,21.837534264138444,1.6622754652426042,0.6129841705738676,0.33544758257539525,0.11068254785724456,-0.04988053523520471,1.3853140304177058,1.2126600512410735,0.9411417482919504,1.5736475086858317,3
2020-12-18,15.542279819423493,1.4925786773081766,0.6538718859602802,0.18959277741800323,0.11766214887340196,-0.024325108775591672,0.9554941783663985,2.6370079770717543,3.682617973760258,-1.7125391821716662,6
2020-12-25,17.120238981973877,1.5144230481885963,0.12168656471045716,0.03258096806483879,0.0216610451618555,-0.01067050875618546,0.9918933345754855,0.8506599183491184,0.016052698831563905,-1.9217708024409488,4
2021-01-01,14.973622149471607,1.5061666168606753,0.16495155884932552,0.24366898597817271,0.03023587145797057,-0.029672131295032874,0.8952012854390446,-1.1242457236259402,0.16506776789296485,-2.1168070692106973,6
2021-01-08,11.847436799554155,1.3539372448733673,0.06626205161044241,0.2995840339853083,0.0123672616024286,-0.01981830241807704,0.831265925601664,-4.177469545137481,-5.197679646756322,0.7868033040577084,5
2021-01-15,18.709262792660216,1.5582734105765221,0.30602301129415727,0.02918798373343857,0.0574943012256495,-0.03286413829973812,0.959706678359166,-4.964313749765604,-1.6541449711844165,-0.07279829303979679,5
2021-01-22,18.182265339632465,1.647165158311464,0.5692205065252817,0.12897822445561136,0.10670165921793856,-0.029163013206529184,1.0063027403886329,-3.3245728606337352,-1.2592959238929478,-1.2719799315367428,4
2021-01-29,18.71475619394817,1.639579455181778,0.12493080062681745,0.05739852335749077,0.02335228145644489,-0.00401541253066086,1.0230516549327,-2.674781989729529,-2.337964391727146,-1.3655281430206894,5
2021-02-05,18.36613583878332,1.719669907523151,0.32119587965527824,0.17715106879827638,0.062211032272831444,-0.015162203591365931,0.9794837172967576,-1.9235030635395212,-4.888312557435927,2.95807160310122,1
2021-02-12,13.433740974356331,1.5193410024271863,0.36042441475118275,0.15839052617413524,0.0637844797702174,-0.03500890663490647,0.8155770801858295,0.24776523550399032,-2.0795405371898577,-0.2898751308916523,2
2021-02-19,13.685155772633337,1.4342388299271531,0.3303994818293722,0.012779128896749377,0.058650270608593166,-0.04722911201811409,0.7953577586524417,0.030688397652134936,-2.4432245446324794,-1.8896618995345245,4
2021-02-26,12.952950292922102,1.406769430642934,0.1743433045071983,0.32577421234258064,0.030006400361432272,-0.07234486120638312,0.744057440316012,-0.5869935703456468,-4.386021283701114,1.2070103207530893,4
2021-03-05,16.816065974272316,1.5864185441921834,0.6904908485506303,0.37648491230379383,0.1188042859617431,-0.0666733036803195,0.8269854910710788,1.985544893428132,-4.1154277152488685,-1.963377325363082,4
2021-03-12,15.227266985497318,1.6645982284986438,1.021769903533162,0.41560585494698965,0.174529009045025,-0.04490497160120208,0.8262429529431129,-2.9359040350361703,-7.652452549297782,1.0898010897239303,3
2021-03-19,16.832295987484677,1.7699084649795975,0.9686344554212929,0.3268533884241539,0.16847472203452277,-0.04610210826416667,0.8730862275727214,-1.5562278144205872,-4.850112277402185,-3.6012105378754047,7
2021-03-26,16.538968468403567,1.7347861170158148,0.9038373053651024,0.13879055508923022,0.16129195373238117,-0.03574175236487076,0.9330707028134035,-3.267776452761468,-6.529552012836641,-0.08272335066819134,2
2021-04-02,12.415057284883343,1.4874410636395787,1.1741199697606821,0.008393797126191392,0.20865958063824694,-0.028409490624076078,0.8650034763084876,-4.557510124182748,-4.4954682942941355,-0.2598259760380646,2
2021-04-09,14.024935959196108,1.4370306479086363,1.3046913772595388,0.13482396128816898,0.22948783883794732,-0.020254015661770097,0.9464884531627661,-2.8539587748577313,-5.542097574389909,-2.6325068956044584,5
2021-04-16,12.685606963863655,1.3091490259206187,0.8013486301154076,0.09618632767357041,0.13444082890905965,-0.012648900081582192,0.9746008763290838,-6.57626676018612,-8.10180617695457,1.308751772328489,5
2021-04-23,14.16426687126942,1.297440547631629,0.7196684290468474,0.15212905646220207,0.12117741977461427,-0.014508289530575112,0.9994226987603497,-1.6663044499822262,-5.521074473089338,-1.2565245232523563,6
2021-04-30,14.218386162298835,1.3292326857138321,0.5056800794827391,0.18458522874366678,0.08335560051405375,-0.03264964918883017,1.0007948614307332,-2.840105622566391,-5.412070853321005,0.16421668098688305,1
2021-05-07,10.510777167835508,1.1720745633531569,0.2108979707922066,0.1937093603508248,0.034627693913712385,-0.03551611966713785,0.8476902919797425,-2.4160629655414434,-8.205925775435343,0.3629304360974611,7
2021-05-14,12.014783406886174,1.2974220223503172,0.045953516311122176,0.3700101488497977,0.007726783078211997,-0.04154723260694664,0.8271262488740091,0.5793743661604761,-7.553120208446228,0.172113847725061,4
2021-05-21,11.560680072954712,1.2751375948396924,0.542600429870415,0.3023276959447178,0.08910082461733031,-0.05811462661010736,0.7355424214820844,-0.5572635584429518,-5.491344461186643,1.1867084938344734,6
2021-05-28,11.2148759411151,1.2790577656325792,0.9407963856156791,0.4927815659534453,0.1545756151506773,-0.051742062115294064,0.8321818101337682,1.8859694586438778,-5.5116462881052595,0.19711543878929744,4
2021-06-04,10.90562626014479,1.290303375531829,1.9720226794647737,0.6309245582873716,0.31551261406333886,-0.049576909268790305,0.8279462352074003,1.9188682164462925,-3.35115352395288,-2.150684691715082,3
2021-06-11,11.958455869625878,1.24082803759707,1.591596074783378,0.3021900743419739,0.25630544705846753,-0.029669023148386105,0.964258352009729,-0.5947469113662507,-6.591639305391892,-1.160888548760226,3
2021-06-18,11.678588781527367,1.2110533870548843,1.2884458606996034,0.17124251107059227,0.20623176016272182,-0.02914807514077513,0.988627721742605,-1.927749307851538,-4.151317316276714,1.0578084332599293,4
2021-06-25,15.67613008043789,1.4717787786866035,0.31024249239876744,0.44052946264054466,0.0501355194467071,-0.015026944626539696,1.1024595178480174,-2.0566493684260823,-3.0107855323485935,-0.09516823157289464,4
2021-07-02,15.7673341171447,1.4639706126019802,0.44821874994578514,0.45045574830932145,0.07429757016992772,-0.0002321941738123917,1.141362425988253,-2.348933038788274,-2.8461277878834235,-0.6286654565948353,5
2021-07-09,14.368933908766824,1.4016758331758772,0.3843184748645158,0.42947871989442504,0.06418500383458209,0.0013578814263678755,1.0208409709830077,-0.8269138036680271,-0.8422863488738003,-0.17106977670044005,4
2021-07-16,14.052815235880745,1.3691413928203253,0.2872608914996317,0.3150837470421755,0.050140252454418076,0.027204353152897248,1.0715822802384756,0.1629049683917589,-2.3221078979027294,-0.6624458076070786,3
2021-07-23,8.533073356894318,1.078355926792899,0.31585500804575745,0.3218242370692576,0.05592047434114853,-0.014614907621543377,0.7608460087454929,-1.557349272475249,-1.7280291822574514,-3.6870913544259203,4
2021-07-30,7.817367474376427,1.0897143932935018,0.3021520949325287,0.15742424242424194,0.05371994433837106,-0.010965127549521092,0.7323605957651936,-5.149272395328275,-5.579337217670255,-3.8248316250220835,6
2021-08-06,8.12930913302039,1.0520138789532045,0.16211629756305837,0.19827842089640865,0.029948639644641877,-0.016157926001021877,0.7543484949379472,-8.345438563755522,-9.7670992787898,2.899222321104779,4
2021-08-13,11.36947094891302,1.1045631285525765,0.7349311336992499,0.2708169796509882,0.1394021881379891,0.0007066640652886787,0.8322724635423381,-5.275146465950304,-7.039990805410081,-1.4769259092578817,3
2021-08-20,14.292691449499515,1.3530337305015676,0.8579201642633105,0.15528730082086012,0.1644091847265224,-0.07145695433786842,0.6275844555244601,-6.089626567601107,-9.703625208502435,-1.4566356036502381,4
2021-08-27,14.378979846663961,1.3028784712226331,1.0389612873289251,0.1023140736428464,0.2013569099162583,-0.08683722782852399,0.6328206950819011,-3.859170816825425,-11.357376250941973,3.996905381714428,5
2021-09-03,15.437874374996758,1.3666022725664857,0.6205116085082478,0.018048932661883153,0.1219520303176374,-0.08504062475631761,0.6618319390770705,3.9625661899110867,-5.209786177512461,-0.4982028023221754,3
2021-09-10,13.27484339478103,1.2836497304131276,0.4151172033006588,0.31137026239067206,0.08293863086516529,-0.1079675705025138,0.5812588981106751,0.5651410664841321,-4.547100431074412,-0.7659177029388736,1
2021-09-17,11.018779017354438,1.030532127689406,0.2370543269460917,0.04833713250336079,0.04465849387040248,-0.02691596513129341,0.8497554337470005,1.2761492728031398,-6.370826567273214,-0.724270353876884,2
2021-09-24,13.99442933217574,1.1802363241882357,0.25710162913092977,0.12096520055823226,0.048513190304501595,0.013270345847002025,1.0647160139809864,2.008514522576494,-6.999928689577204,0.8004119702418213,4
2021-10-01,13.007646528596254,1.2298321423701066,0.3406129107513571,0.3142937010808793,0.06394325450077565,0.03661102732515987,1.0448826563536426,-1.1879788888961125,-5.570851262740547,-1.4443893226310016,4
2021-10-08,14.415934881034515,1.3622973054333951,0.4184822251449409,0.28193257859517656,0.07842106991560213,0.06088753612406092,1.2311255406122854,-2.1341654092049387,-6.844170808671109,-1.6422587954824484,5
2021-10-15,13.624810565427373,1.3924893233893125,0.4891806569334701,0.14136557219398227,0.09179294622502357,0.05238143070277812,1.2108511283932402,-3.0105065017485133,-7.823983796546478,0.7167383586164049,5
2021-10-22,13.68266812230536,1.3436837835762587,0.28621164380298364,0.061005807933005994,0.05290834448083414,0.04999888900980846,1.0638121520867787,-1.5694977892552244,-3.4201540835041526,-0.07123939755342684,5
2021-10-29,12.446397234504158,1.2627883998362741,0.1797635739173031,0.2162552927811636,0.034029303450346896,0.04390872756642311,0.9836902876868633,-2.441149157050473,0.33343814396450405,-0.8887162802481603,3
2021-11-05,11.453671126913655,1.2070303921091667,0.1721794081553607,0.12008990688215798,0.030986719977152966,0.03742952111399332,0.8419541650660127,-1.8854761146676315,-3.4545004573884355,2.438513869146934,2
2021-11-12,13.486311041992419,1.2362701937203648,0.34683979720416386,0.2572149768615894,0.061451623190254434,0.024993044252439346,0.958213369653479,2.1952965499617507,0.46093932101638013,-2.543687120881558,6
2021-11-19,10.602359070756098,1.242634492281781,0.7335092930495725,0.45880017018862557,0.1276819616633878,-0.001026959088123744,0.994561896718788,-1.065128929536212,-0.6261121962149396,-1.8043668922394795,4
2021-11-26,11.846866051243364,1.2251254268064422,0.24949230165654263,0.2288960342979642,0.04334814122048192,-0.05613517470430528,0.9846525794533388,-2.7982564242222647,-6.427384470168847,-1.072725914868889,6
2021-12-03,13.96455831915536,1.312591211785099,0.3400341857703687,0.02033841793781731,0.05970710856248409,-0.053408328844576594,1.068131906157474,-2.9822660588429937,-7.001907582715561,-0.21075422095195862,4
2021-12-10,12.263400797280632,1.3342630404068356,0.036984582936080146,0.16533998273712397,0.006334542062261792,-0.025584917774547574,0.9690088843616821,-5.631534148941887,-6.446744100728646,-0.99950624029542,2
2021-12-17,11.162561230455587,1.2209989393025016,0.2751372323695494,0.43240672233379096,0.04620621006325656,-0.017716902015195036,0.9074121194276413,-4.0873532683557485,-6.721979987147181,0.3870978460455452,4
2021-12-24,11.850222538162468,1.2465597803520807,0.45010542242854806,0.2595607927155863,0.07628624044588611,0.042798822824804676,0.9766113114383993,-1.8958885300707233,-7.135294111343458,0.2488629402395272,4
2021-12-31,8.83658473631784,1.129772359676793,0.5160454394375842,0.12474645030425842,0.08729496329353248,0.013795206216368502,0.8619203033119464,-0.574299674962307,-5.44204184847293,-3.414537389506525,7
2022-01-07,8.41894691409291,0.9567041525092248,0.7389024802087363,0.38360820848545696,0.12507608034083953,-0.002907270564560406,0.846807012424402,-3.7780828435168736,-7.214320442497005,-2.140648277376478,5
2022-01-14,10.924817638735556,1.0593877038590045,0.0066666236382337245,0.11032647630744032,0.0011026788609973348,0.021245291379916067,1.0450704996659228,-4.919224880597931,-10.071707078489888,0.33464666229637907,5
2022-01-21,10.14510957095179,0.9817733176369773,0.3480593901569867,0.10247150434488136,0.057169293810515054,-0.024734490343301146,1.0357191258192753,-4.971676064347098,-9.665821018640083,2.5176528630788013,3
2022-01-28,10.989807091072414,0.9940857796397726,0.3523020788880287,0.13945632941933403,0.059556000667667905,-0.016147066409523774,1.0339147392491637,-2.7028861415078236,-6.25945187531312,-0.790348645514773,2
2022-02-04,12.72146322384748,1.0965656808130106,0.001287886605470059,0.1695201570561105,0.0002176715838121145,-0.05726925827439989,0.9635176655768224,-0.07869739751607163,-9.488314389974828,-1.4210098081091262,4
2022-02-11,10.55663620549816,1.0206067134050918,0.5527769779700475,0.06946264744429916,0.09814023164894596,-0.07991239225754246,0.7535761779728756,0.64094107175128,-8.365637077202397,1.0290791476394001,7
2022-02-18,11.859849853608463,1.0906063000786743,0.0020424366573224377,0.2153981476690641,0.00036951663704674605,-0.067038239604696,0.8317421200211242,1.335373557094301,-5.532191037323516,-1.7568834426322297,7
2022-02-25,12.89013124562151,1.1992929996085875,1.1126142417081455,0.27279806194843464,0.18898910380063594,-0.06227551135911875,0.9106753792183581,-2.93916274861673,-6.216348565086857,1.7727030261629264,5
2022-03-04,10.671464621834263,1.3988084570601476,1.2472970652348807,0.47391070467993585,0.20728733816408523,0.02895315194667024,1.1813635260191513,-0.37611107693903056,-4.232891317971972,1.3826416783148086,5
2022-03-11,13.969486906765512,1.6240860735786533,1.7739264129930163,0.5404765872354607,0.29455926914205605,0.0036022941704755363,1.1348205449939652,2.4275404094849042,-1.8507433993617433,-0.20776120963350864,3
2022-03-18,19.661722205703917,2.065820086108707,1.4184789320068227,0.3331431683219672,0.24898164312542992,0.00239611324737638,1.0545533759302095,1.1907000522119955,-2.445602455040797,-0.53404815301619,2
2022-03-25,21.663901052372893,2.176325909774291,0.7860473539134287,0.05317348377997158,0.13248010248259348,-0.00745041472862415,0.9938345956695238,2.4135353418280348,-3.2285135482965144,-0.1319286015243965,4
2022-04-01,22.076227599402745,1.9944924379896647,0.87969568990691,0.1539437089776391,0.14773703563696358,-0.02875350181853357,0.8740031965662841,0.5089037141407122,0.05409523968561408,-1.0684347599653845,3
2022-04-08,20.813994463365106,1.9315818812006804,0.886689652020189,0.11481204879263186,0.14685893676475673,-0.00206911689712757,0.9093308444283459,-1.9421727241394808,1.1263087570967076,-0.20814796174166766,3
2022-04-15,14.990897254106326,1.4722990974732144,0.8863608633664718,0.14106454802741575,0.1475973720719586,0.0047104118196518285,0.7753403547900825,-1.94255947624764,0.5835141330586608,-2.8946148838452457,6
2022-04-22,11.904302393488814,1.3343419433278365,0.9208143280366599,0.13139401167000286,0.15322036225499727,0.05452396250325215,0.7933952792533843,-4.303126207076696,-4.828753613865386,-1.597636138323204,4
2022-04-29,11.42510916329822,1.3170735622442915,0.9495374652636837,0.12437068804773466,0.15358979351100005,0.045326690764954165,0.7925300528532129,-5.768833743875502,-5.636041106673817,0.08304696360926145,5
2022-05-06,11.67944935879788,1.274865611666797,0.6277236444677501,0.1766194111232278,0.09926247288503257,-0.010951052067085972,0.7233593006382092,-4.6173520203008565,-4.13198433495543,2.8743642440028068,3
2022-05-13,13.201235531086914,1.4428911004897171,0.3728873495315383,0.19378493004082664,0.058961145711485696,-0.027271890226965672,0.8817046767606034,-1.534839814556383,-2.286699238592022,3.6731026881307347,4
2022-05-20,14.116350227037074,1.5713695168953157,0.5853995129652237,0.5385740888534186,0.09267794228783709,-0.042438417170138104,0.9120783591039223,5.032877757419597,3.1432868921709423,-0.2171803227538856,4
2022-05-27,14.99076244674212,1.6002554330234922,0.37616286844050406,0.2954133556392036,0.05971772064077223,-0.0332323321144449,0.9191200681011956,6.413333572988916,1.1534035432541303,-0.9349821866370268,4
2022-06-03,13.849399048148516,1.5001847729086695,0.5616100508583546,0.17047327525312056,0.09195300963170326,-0.02223747552103164,0.924241216114588,5.395304422742628,-1.1642203216977052,-1.0025715015480912,4
2022-06-10,13.68698824350246,1.3631081518441708,1.1344386576094296,0.12121443866625908,0.18122916744691245,-0.022072197855979987,0.8592543911521088,1.5183686771917293,-1.9590306136122877,-1.0084591610303675,1
2022-06-17,11.055839440832758,1.2493707956616322,0.5920516904961777,0.28585719049206926,0.09537990985189959,-0.02896166714390895,0.9771175607321002,-3.163193171969373,-2.433441621626465,-0.6245617614005468,4
2022-06-24,16.09016908005212,1.3849783317130018,0.8986486818713855,0.021900388555280183,0.1499477400769878,-0.03406883687041434,1.09286780142133,-3.570574610616034,-2.9260747815026154,1.0431136910562824,2
2022-07-01,15.913240471432758,1.370517074065067,0.8742801625675422,0.09439184268026159,0.14479286119129525,-0.03286360660681024,1.1015218053584135,-1.5924787329227252,-0.8145263304809485,1.1802844664809014,4
2022-07-08,14.523818578957624,1.3413926066117272,0.9888237241857338,0.1843771991555233,0.16529271287289019,-0.03345771136335378,1.0071244484731066,0.5903772351062675,0.5739060977416206,5.087941515501031,5
2022-07-15,15.941785856736795,1.4005076800134988,1.7875707976960358,0.5099033433687199,0.302284134243667,-0.020044769857077697,1.0673100410953915,6.686777911637666,8.556462497087898,-0.6670448355910589,3
2022-07-22,11.058857524718503,1.267786933260832,1.781565439020035,0.7437247870909878,0.29886439545758176,-0.04622834334008862,0.8232191426316467,6.644294837447154,9.487053799820044,1.3330594081983616,4
2022-07-29,12.766674806622714,1.3712837220865093,1.3610732685947584,0.5048573163327263,0.23263554589717514,-0.016411780368538718,0.9098720394888143,6.934240554589233,10.737066244409142,1.8690280379715591,7
2022-08-05,14.653050001235421,1.397087661049048,0.9317605063946692,0.18256501936747155,0.16096765725812018,-0.016121857103890355,0.9752554448341522,7.622984126079891,9.731730038377895,-1.8906337321138553,6
2022-08-12,12.583212377633973,1.3746948600012496,0.29984108651091085,0.14668566086453308,0.05205240174672486,0.003002852451702964,0.8172337985479047,0.6444088784650046,4.1679936181333055,-2.380866457692347,6
2022-08-19,10.857811335509899,1.2511636414871448,0.37412030405256375,0.4565049294413304,0.06653702318623787,-0.009455105501045157,0.8866941562615904,-1.0694127436362835,2.004307483194844,0.6376455591534749,3
2022-08-26,11.61652543697323,1.1715772783996798,0.8897309377487602,0.09515717926932944,0.1542756906884958,-0.041902782827823094,0.7989553322977374,-1.76482659268117,3.576935228985345,-1.4519200354956283,4
2022-09-02,11.243588665879301,1.1533043614425513,0.9664631771459458,0.13494242906007642,0.16842325261995036,-0.04507391067712175,0.7715025758570866,-5.085774666148358,3.1275866950378086,-1.2696290119806166,2
2022-09-09,10.488380624407938,1.113566722301297,1.3621950475606555,0.31073502407067516,0.2334060363121907,-0.13057139166558038,0.7781113467141162,-4.464769946015119,2.866416844087559,1.6650641141027864,4
2022-09-16,10.507131695674522,1.178249875460493,1.2318332462921804,0.40261220612681203,0.2064770534440814,-0.06839718566909693,0.9263576889508842,-0.4188393742199852,5.156042719590893,0.04326822179691381,3
2022-09-23,12.701286548371138,1.3104211775516297,1.4364335910708494,0.3082270652962007,0.235865024768235,0.03413665828215846,0.9577339518495587,-1.0132167115765462,4.156197250331524,-0.2479955209876407,2
2022-09-30,12.780875151864526,1.4456659426294862,1.5197221243746761,0.4061504907306442,0.244153330852252,0.05782260499415295,0.8520991356119584,0.19070780293144138,2.7279172628629818,1.3814610081151943,4
2022-10-07,14.621641369923541,1.5482766213011383,0.7804062813006893,0.22363956534810853,0.12403065482965356,0.04322437532838593,0.8848921372274849,2.8417978230272523,-0.9785632445228549,3.163859642116068,4
2022-10-14,17.867409659643947,1.6590512648880111,0.10831474066787836,0.07733389550613119,0.01754785779398386,0.04398695346941537,0.9005537380409696,4.340593351040534,2.852341233184272,-1.1130392056286016,3
2022-10-21,17.24272385501844,1.6957005357186858,0.7224637627856841,0.11322563989083162,0.11541946004711016,0.00934307525514111,0.9020554686079261,3.1842859236150183,0.40624261935730877,1.8374331815390301,4
2022-10-28,18.052248648506627,1.672960540435567,0.9142061233190326,0.04428292855876629,0.1511121621433641,-0.003790926981066206,1.0268024384442798,5.269714626141689,0.37464776292477975,0.26473948846546125,3
2022-11-04,16.766234400844205,1.6229920737225378,1.1214349612042465,0.06066418443717371,0.18681538395624236,0.016578373390402006,1.0080455104557333,4.152993106491956,2.5300209835040963,-0.7843129038584766,4
2022-11-11,17.636956369496474,1.656700148538769,0.9172113421678838,0.05327464521514757,0.15924607881903274,0.031817498608089016,1.0436221029475559,0.20482056051741182,4.126574537337967,6.18974210314988,5
2022-11-18,19.904095371354515,1.6992090285709118,0.15607568217723564,0.40489751262991946,0.02800166589088433,0.06250075951558065,1.3338212730438996,7.507601869295893,9.678671081334372,0.2453567369392644,3
2022-11-25,18.899134029037242,1.5770196439495117,0.09009622371908961,0.32619910764082455,0.016236939036307657,0.040664612349619655,1.2724202768113948,5.915525424696128,11.375947853769265,-1.442131584690518,4
2022-12-02,18.294953046909175,1.453592926764026,0.29549774529872314,0.4012343424752586,0.0539382564235326,0.041687822508018446,1.2984057392368056,4.208654351540148,11.203445281059363,1.54200522533012,5
2022-12-09,15.964324197869548,1.359766299756938,0.5553142730548629,0.456811211615357,0.10129818551890203,0.02443719899300755,1.3113138946157388,6.5349724807287455,11.080386392286696,-1.9850725337519277,5
2022-12-16,12.32176239425297,1.1907841594745017,0.8601522098158851,0.13273208508969644,0.15549730892064179,-0.04231275118174365,0.9936554785357521,-1.6398421561730623,9.052045636737855,-1.0059290052063363,1
2022-12-23,15.18031336806906,1.3001694071178078,1.0249334729704618,0.1593155893536115,0.17786352217133622,-0.038552163885497745,1.0618383441996069,-2.891127898318663,8.294112152519158,0.6851910641278458,4
2022-12-30,16.641249469566596,1.3673604861958264,0.9528946366112231,0.14711396812642275,0.1642175572519083,-0.012175752025942324,1.131880719997376,-0.7638052495002992,7.5978422085318105,-1.0600537233364942,6
2023-01-06,15.023842420724574,1.2934012823559848,0.7877980635012077,0.0773525908278736,0.1381723107569721,-0.02092915960538252,0.9985636727352863,-3.3658641981669133,3.373928843079249,-0.007534314051565946,3
2023-01-13,15.67692691323793,1.3445434537768324,1.3583989156254133,0.26370394845531153,0.23075449101796408,0.014926370323902082,0.9464100675357251,-1.3883259784665516,4.4794337346562845,2.257427365212678,7
2023-01-20,14.953245369577504,1.3152666808645972,2.1119218322954905,0.37770504942559463,0.35001801369040464,0.022324983993126733,0.9479709930479086,1.875030391952463,4.899427918329932,-0.23397756052883312,6
2023-01-27,13.012382000433883,1.28309910903388,1.8792716744110378,0.42392127176381633,0.31520625082898246,0.02114753692226402,0.9580484799381003,0.955861767295784,4.400710869335638,2.5426477466244988,4
2023-02-03,12.055417079118683,1.2916266855388496,2.180184043687428,0.4746096202955594,0.3625941453641524,-0.0120663907968998,0.9015989423676761,4.558563237256777,7.727671519818614,-0.18981780668916887,4
2023-02-10,15.395145011122228,1.390768106612506,1.1810132972396015,0.0002691583035334193,0.19430573699439616,0.010816076895815135,1.2734694963549151,4.376279744619174,1.3481116099795654,0.06916273702241216,5
2023-02-17,14.207708036414468,1.3961349250780404,0.717196605323345,0.2374816224163268,0.11929013147638119,0.01618478745470484,1.2099252235107585,2.188015116428908,1.171917610062713,-0.13417010385928874,1
2023-02-24,13.457177145080621,1.4136920908460602,0.7350489233364557,0.38625646660257174,0.12189732054772892,0.02790879287604243,1.1502280178917366,2.287822573098452,2.479879090893942,-0.4923310029433915,5
2023-03-03,12.805897508237532,1.309267478793839,0.3418557696730896,0.5537213470427299,0.05713940727423949,0.024122008976799315,1.136625778165907,-0.7471561764694383,0.445542862620431,-0.14996968829471835,5
2023-03-10,7.9732783908514975,1.0776514261818673,0.5814458939214143,0.0747591251142842,0.09804088465194123,-0.04030740978079491,0.7210540812455843,-0.7073080580749878,2.2806457080776408,-1.3012217788021843,3
2023-03-17,12.827140814316673,1.1507221687145148,0.47389421181509,0.0082298653727226,0.08086002348463386,-0.025352071411057032,0.9316346642558386,-2.077692573899584,1.9853529344817922,2.4632490323198177,8
2023-03-24,18.991810646849792,1.3765246419841506,1.188535038128563,0.4653971499776349,0.21780771986274675,-0.09701216703237041,0.9126674686166454,0.5197265622795222,3.7634109026737645,3.5108467305102753,3
2023-03-31,21.094512266665735,1.6734647926799096,1.076388755458388,0.4233029790883637,0.19329179058679116,-0.0737464716309002,0.9656627857937186,4.5229042957331895,8.334311356520534,1.5434038759513937,3
2023-04-07,22.203075805009544,1.7456401066940885,0.6840748058147793,0.2675560974465994,0.1247782805429865,-0.0760677405853389,0.9523521600052556,6.216277859979302,9.885249546523493,-0.6575291119223189,2
2023-04-14,21.390234296839697,1.8225995494730403,0.7046941562502189,0.4102088167053369,0.12897935446350692,-0.06747355976398493,0.9924621268630331,6.859970526859166,6.970293069388496,0.9516517036171572,3
2023-04-21,21.00780182688452,1.743946664227781,0.4470104522963112,0.20062098652177032,0.08095525862261925,0.004269862291367978,1.1665475043264195,5.348373198156506,8.155922333534487,0.0,0
2023-04-28,14.73999595681185,1.4919555821688297,0.331231785881413,0.032840515885498744,0.05882997490768414,-0.02587120227223533,1.10038031941565,1.8375264676462306,5.613274586909987,-0.29749115566747386,3
2023-05-05,13.289922611374488,1.4495465502104232,0.49332992330302666,0.03512631818526662,0.08851749041108498,-0.019563179359310102,1.0736511367038277,-0.003368563972636851,5.505601237931683,-0.3151346335942229,4
2023-05-12,14.581583200887527,1.5800890184758305,1.0039746334183377,0.02992720409813926,0.17107166918854452,0.01885466798664334,1.0818791683176028,0.33902591435545915,5.1213038673150475,-0.5116246161391386,4
2023-05-19,12.056284681421198,1.4573468281096909,1.1453395455008573,0.02746160030465876,0.19130959565479805,0.01851503645603862,0.973998569356169,-1.1242504054008366,4.743849355035198,1.2996862710795298,5
2023-05-26,13.357224820539951,1.4126742458170989,0.9978959405653296,0.02073279023975868,0.16009649086635602,0.07221878998255546,1.0256009010359193,0.17543586567869318,6.53586662905812,-1.1243355072169656,5
2023-06-02,13.907282140831706,1.4017524795386571,0.7089421071441262,0.1508682940575573,0.11290306158811624,0.08377116939441501,1.0307475870789102,-0.6514084858707986,5.561500810135872,-0.13388050312370936,3
2023-06-09,11.844919479901643,1.21780800902295,0.7584656237914229,0.2830390143737169,0.12021992957311421,0.056104525717847374,0.9694065681522095,-0.47015435540028505,6.728842085814346,1.353265713738082,2
2023-06-16,13.353934367843697,1.2372684518784647,0.27549850589008923,0.1860542335362485,0.04434268801406972,0.041108350643389385,1.0549185609384262,1.3947359744769354,5.618858767232611,-0.007478404043807285,2
2023-06-23,11.711445466427993,1.2158237930227291,0.285328984746666,0.09042125033539065,0.0450076824104031,0.046594444173738946,1.1109164858816003,0.08757129935359831,2.1005336326785287,2.7142219825719454,4
2023-06-30,11.687440813234442,1.209378405930933,0.488052823868677,0.11557340473003193,0.0770726144036496,0.05844535276792474,1.1955964920014015,3.9261287891425094,3.2713517392990803,-1.009093601854483,1
2023-07-07,9.874018734744288,1.1139738915427606,0.7625787814807986,0.15270988881130093,0.12179407756164054,0.07741161426243796,1.0529535311499123,3.0509156904117365,2.919787249366916,-1.0145308716672816,1
2023-07-14,7.7993658112973545,1.0849717448572012,0.738807574755359,0.23015509456187477,0.11982914009603322,0.09421586337243952,1.0128078524023112,0.6831191050063723,0.9536046740824775,-2.6564263811698385,8
2023-07-21,8.418351573028286,0.9861925670820645,0.2557103935799439,0.011697027804409904,0.04290542655066639,0.045550247195987395,0.826445563451835,-1.9658288721196588,-1.7028217070873612,0.6789066841876077,3
2023-07-28,8.223752845302203,0.946057663437416,0.25148102769060837,0.27966217136630017,0.0422565324292541,0.03928292911329712,0.7894792227399705,-4.001144170503997,-0.7264238672322796,0.10315840547029242,4
2023-08-04,9.920581291484185,0.982790687517417,0.5599439767557243,0.21804593311876105,0.09360827433195201,0.023875247392973364,0.9576561111310029,-2.8888921631792215,-0.3081308281677644,1.0574874142101,2
2023-08-11,10.523723997753592,1.0530274562973208,0.6626344466251899,0.08941831683168282,0.11049240830069004,-0.015891460019943574,0.9845549964804937,-0.8168738773018396,1.2609812021814744,-1.5787094040762746,3
2023-08-18,9.656895419472548,1.0448696553092787,0.681384477818958,0.22591451883071426,0.11299854903209867,-0.017927416934238858,0.9753405007231604,0.2608430997917244,-1.61741447297433,0.48854428505424563,6
2023-08-25,8.3599934963706,0.9971165634774316,0.6391101629456866,0.43001126459951716,0.10632146629848639,-0.00895095096085585,1.036347236336827,0.07048070065836232,-0.0045346807031187986,-3.5282023482298657,6
2023-09-01,6.996247234826185,0.9461671757949978,0.3933899571365766,0.3399409850949555,0.06656035084222059,-0.06005857900830468,0.8080906274704887,-3.560880053041796,-3.398856525809275,1.1494974157669533,3
2023-09-08,6.528061965739851,0.8120228109400554,0.259293781296232,0.023728234892454698,0.04442863609907559,-0.018390120886992368,0.8547207321015282,-3.4688700514849424,-3.6026248237804035,-0.5915187684526213,4
2023-09-15,6.468805308056526,0.7594066099088721,0.4923152849762982,0.04880857471875284,0.08391100547963337,-0.009439861732287017,0.8679321792023362,-2.481679415861289,-4.186665188189218,-2.837619548344914,5
2023-09-22,6.633115319585628,0.7599393562849865,0.03824180602067132,0.28363636363636496,0.006529359206396807,-0.036691447676402346,0.8178469012757001,-5.807843249260449,-9.738506719106077,0.4164746752148071,5
2023-09-29,6.427896175594154,0.7145042987182684,0.08214802021881676,0.09235004588303969,0.014034684736418782,-0.0036774169636634925,0.9807237645937269,-1.8631662258157764,-8.312938442036787,6.2005238474838285,6
2023-10-06,7.959152393218279,0.8228487225855439,0.9683194851510862,0.5515467037956292,0.1607281583975479,-0.00873346837219373,1.057902143707871,3.1878602059010985,-1.097883722885678,-1.7726748918203672,2
2023-10-13,8.878969650143123,0.9335637275461284,1.5823551891333614,0.49036570979158517,0.25965922221988874,0.01025453494963943,0.9106449616946274,2.0067040825333526,-0.21413223353620658,2.6192313642123297,7
2023-10-20,16.529994869205314,1.0862444882606759,0.2739667355121657,0.03382540974078815,0.05381919088651974,0.014139534036408141,1.1491132767814582,7.463554995090597,1.7261924464885154,0.7529846916003062,8
2023-10-27,17.666451474459123,1.2675911406981848,0.19670081742864617,0.18369773432855552,0.039219927183591095,-0.014304127263157189,1.0181322105603885,7.8000650114760965,2.3760187326185296,0.1552915235822805,5
2023-11-03,15.613471437197521,1.272711735590989,0.573831882483356,0.5794285714285707,0.11430635838150337,-0.036705840079284596,0.9509330287402767,1.7548326875745484,1.4738228419907098,0.0,0
2023-11-10,15.082888305440157,1.2657800889107664,0.7241818844147219,0.6056847740038445,0.14184511929805657,-0.07505253991327758,0.9570529795834126,3.5275075793949155,3.0525322460669844,-0.47508251262191104,2
2023-11-17,11.012217330439647,1.2018394928486784,0.4435203950858351,0.02798524250877258,0.08193231894903126,-0.086455645713512,0.8210979317961962,0.4331937025606748,2.0889054483908276,0.9072633171820982,6
2023-11-24,9.880846620911333,1.1308111559175393,0.5774819035142167,0.0017017017017024285,0.10659490722146338,-0.08785281252586455,0.9360831527376067,0.5874723281424667,6.5243711138027916,3.0659295793590173,2
2023-12-01,9.871357208850675,1.0422273735103893,0.5328746388021803,0.01783209777599769,0.09825808074456044,-0.08589160821919392,0.9609922978164683,3.4981103839192036,8.440803277394856,4.5453725886337555,9
2023-12-08,12.127985880312727,1.0917453987145826,1.2206284345314438,0.31504340208648535,0.21960773019210275,-0.027810255024914264,1.293996150188893,8.043482972552958,13.577694634481233,0.1433724244979049,1
2023-12-15,13.914623032559614,1.3880149482396231,0.6077716263550743,0.24501179201138093,0.1075614063252527,0.00962021333955715,1.00610734765965,8.661937909672776,16.558686607324052,1.4079505333402271,3
2023-12-22,16.573826443122982,1.5019117706156202,0.6550461525067834,0.12225964287983765,0.11471639015318358,0.011597042943836627,1.070046096834046,9.162625125830903,17.55016246544947,1.0077404985889342,4
2023-12-29,16.436832697608946,1.5123189725991377,1.499564082712542,0.1572672513342285,0.2578036143055732,0.004728560418924012,1.037776387020664,7.104436045060821,12.357379116554577,0.8750212770027624,4
2024-01-05,16.030643456220506,1.5015839279983623,1.8145378659525568,0.0872157066027356,0.3029909622010291,0.008861588341007153,1.0480959150851512,3.434084733429828,15.005075285377707,-0.5578114653566434,2
2024-01-12,12.904655913765536,1.244983287864677,1.2866182957780143,0.0827755373550082,0.22204365182228225,-0.019048478536880308,1.1400144542393629,2.7329008435752793,11.828032455808735,1.1633027183756237,4
2024-01-19,8.802785250187085,1.1455731202707453,0.8513401834600345,0.11276292898940334,0.142058464088553,-0.053398151708758654,1.0336254104383478,2.488253028610676,12.238350482584053,0.25037665746439147,3
2024-01-26,10.33754716377347,1.146908600284981,0.40479896457665054,0.011201054216867958,0.0670860675741635,-0.040377384941374016,0.9766882480084107,1.7308891874861334,12.333435616466161,-0.5485327175471743,4
2024-02-02,9.705003683537306,1.1154552661382557,0.3007591913600619,0.24002057613168637,0.0499146992460514,-0.04494388015118407,0.9382946305357094,0.3073351929361966,11.784902898918988,4.200191237691705,6
2024-02-09,10.431252556393673,1.1141681091938476,0.7472700356884165,0.026331510500436573,0.1231324769832956,0.03052692142510477,1.0199688075910074,5.065337895984545,16.460176649232604,-2.2907838005853485,3
2024-02-16,9.894060479307518,1.0301033164460498,0.550182195957223,0.11951338199513328,0.09171158171709881,0.02552937912591213,0.9608074695920072,1.6112513770235726,13.262129531465158,0.7188396955535099,4
2024-02-23,8.962438663937625,1.0226030964345019,0.19816166222127837,0.08927190365705368,0.03327947387816427,0.06472480665777063,1.0780674756131814,2.079714415112691,10.91503964765965,1.0147676118549267,6
2024-03-01,8.585058951990684,1.0091945552200108,0.07420336539670835,0.10199676200755513,0.012888237818321772,0.058922809566461086,1.1011841861302047,3.643014744514792,7.384434670880821,2.319065723955864,5
2024-03-08,10.059270723975667,0.958426857121027,0.5229879460220208,0.2520916277191155,0.09164621110143306,0.05834807282972125,1.335645568117668,1.761889230778951,9.56012797033878,3.806725078347458,7
2024-03-15,10.697265056923847,1.1075726169090654,1.4609185914635496,0.6670990056204067,0.24123290076457732,0.021308646247900714,1.2047469010070238,7.8593981097117585,11.958902515346011,-0.14774963281393202,1
2024-03-22,10.829863623047403,1.1021289262215572,1.181957935884687,0.5907076897594112,0.19545189688026596,-0.027172323077990487,0.9988933667271166,6.992808781344316,10.803412383943144,-0.7936830715197946,3
2024-03-29,12.174073372919873,1.2664283624260597,0.9266724846367782,0.4758185751475846,0.15794289320082106,-0.010389960515172676,1.114769539722971,5.184358097969594,9.134708035420587,1.8207701706764277,3
2024-04-05,12.903346915732305,1.402375967615701,1.6717080337004855,0.5864666334661378,0.28026666666666705,-0.015087297165945665,1.1060841402225734,4.686062544690158,11.513289671453657,-0.4943484589372198,7
2024-04-12,12.734301869047204,1.4275984407565727,2.464231044332745,0.5286997753930653,0.3961194738090852,-0.018108493016622075,1.0821324745291077,0.38498900740548025,9.855638494140814,-1.2887021885111243,6
2024-04-19,13.752136268383094,1.685537186134661,2.6163406764047217,0.5132087174715994,0.4133058808390183,0.024739371557320578,1.2456095506428553,-0.755963548291712,8.316559648165299,3.0661851916036564,5
2024-04-26,14.578684172601728,1.8026868112022583,2.8721883552375846,0.5203237901323484,0.44638331764535644,-0.03200325557448732,1.007763476377675,3.103904714831739,11.931277557316129,0.7352387046562766,1
2024-05-03,17.480394336404746,1.8863518790300318,1.9623281779653325,0.25300799731021495,0.31921611077284,-0.03495077438601335,0.9473357091083998,2.018373248811588,8.466325024280701,0.16668700350271792,2
2024-05-10,18.190268851479097,1.9132332333772002,1.7620635259759116,0.06871064878182372,0.28319979678453966,-0.03683286108928475,0.862435272268427,2.6794087112515257,10.923795828368768,0.13602260029482283,3
2024-05-17,17.72753962440412,1.663248002477668,2.340136402040533,0.04264979921786838,0.36365213663873724,-0.060412034835952436,0.7125490305989706,4.104133500057473,10.340978733110083,2.374434680967248,6
2024-05-24,18.210321693818354,1.567775000835337,2.395880893793619,0.05687947435520323,0.3609287489336462,0.0013684455490509068,0.8055135123242113,3.412382989421064,11.700645802222404,1.192592843948009,5
2024-05-31,18.184548681314602,1.5599659707790947,1.6627118824173213,0.009246406136037067,0.2492818439838315,0.026272753371846383,0.9120249788919341,3.8697371287127966,10.574172922214547,0.5797538531770863,3
2024-06-07,16.357038652016183,1.4192446346004641,0.9618497145340467,0.0652228912614487,0.1500022368362194,0.026541044115288962,0.9176678705332705,4.2828039783871645,7.347201697044175,2.4922213892181966,3
2024-06-14,20.730495219795163,1.598976083667291,0.6814109621938367,0.13858993162428526,0.1075512998139028,0.014535019067690185,1.070397276255061,6.639002767310538,9.987172719076304,0.2898859770566263,3
2024-06-21,19.735034423034204,1.5539883008453033,0.7716736632766484,0.1834274102506218,0.12086860096848061,0.026998099471650088,1.0240834701385575,4.554454063399917,11.070741767652725,-2.441528240875057,6
2024-06-28,18.90952536368267,1.4530597303953878,0.44490064446110505,0.0296359418643185,0.07033895623002202,0.014317118067259453,1.0913615743509764,0.9203329785768508,6.80844335610124,-0.5542261049001072,3
2024-07-05,19.23093279875376,1.4079944049055937,0.014345719142888033,0.002436816820998819,0.002345315070278109,0.010876683000597203,1.1152438637697204,-0.2136469795003424,6.748565710138353,0.5158783804434725,4
2024-07-12,13.495930406131212,1.1835463570620843,0.2327090287685412,0.3035614394928215,0.03946481531410098,-0.005924368445835545,0.9385772789555318,-2.1899899882750664,8.55314627909295,-1.082819122463206,5
2024-07-19,14.716778493717797,1.2184418590450001,0.10215507631934255,0.23698971174900244,0.017708606027850946,-0.05750108423727455,0.965859444237643,-3.5626950877948986,4.404141965026087,0.8007143051165373,6
2024-07-26,15.902795989307993,1.3205750037467414,0.309683147090148,0.21585349186825098,0.05152718941104715,-0.07261068003546209,0.8448870772372327,-0.3204525418033042,4.469617565486348,0.018312370585585047,3
2024-08-02,16.040226541870016,1.409115428926387,0.4406173172031259,0.16461783697619828,0.07160530979369403,-0.0959276518389344,0.8825401301508445,0.252085933682388,4.321242932569215,-1.6514895264174045,9
2024-08-09,16.19686807457174,1.572881230046799,0.40755936344340626,0.13418504787560337,0.06851287262872638,-0.044699809319914345,0.8688328646409769,-1.915281973178489,2.533730805856987,-0.909226274321687,6
2024-08-16,16.50134751398067,1.6963334402515944,0.0859190059941537,0.04992303745510537,0.014775874932466638,-0.025579541832606967,0.9388115580196137,-1.74168912503697,-0.7499301494319472,6.892834113408108,5
2024-08-23,16.134139169207586,1.689675280618107,0.8720805168249005,0.27473318760447557,0.14720173978048856,-0.0293987403355244,0.9485568772776005,4.350430683254601,4.950311120028152,1.2081939659319463,3
2024-08-30,15.710564944768535,1.6603181923219832,0.9265831589010546,0.33157516183169544,0.15670557033687235,-0.019606015884849552,0.9298773496911673,5.540312278600962,5.578751232783012,0.5300229447983198,4
2024-09-06,15.308144103075758,1.4821064999461835,1.211948154580664,0.16745219134297581,0.1968401992700935,-0.041183096857960115,0.9670098974184397,7.721824749816686,3.616552788363135,0.28508280614857234,1
2024-09-13,13.161731850055777,1.3142461438910782,0.9565260782738416,0.2103627600202938,0.1586924076837899,-0.05477792173143972,0.8961200050724454,8.916133830286945,3.6117496174550814,-1.561504016987494,9
2024-09-20,11.33773894971528,1.1846389686270686,1.494584161891417,0.25223944262761305,0.2478330534159572,-0.04471974447132461,0.8940353327405296,0.4617956998913435,4.491773841342646,2.001249605683299,5
2024-09-27,11.523621843146046,1.2033541818752904,1.7092832646015392,0.36436618322376063,0.2820904208126238,0.0008166897389289293,0.8299253395245959,1.2548513396426964,7.0472495519260505,1.8408145563785332,8
2024-10-04,11.01025629617062,1.211290231326586,1.5381888289989198,0.5250344202290234,0.2576830789903066,-0.014891960381395517,0.8228732789563143,2.5656429512229098,8.372185727861112,-2.668563909712769,4
2024-10-11,11.450427322434246,1.2215882543080185,1.425388560331191,0.5054599656524437,0.23850577547175444,-0.0010726425342319794,0.7622326370505879,-0.38800376463843156,6.786440940611549,-1.6194977149446304,3
2024-10-18,11.333678326276292,1.2210636758548552,1.6067707443093402,0.2502163392198975,0.2605021482823929,0.029436837061315696,0.7789128034372657,-0.44599746259556783,4.366228920550381,2.950695852224152,8
2024-10-25,10.403857238182756,1.1282669874288969,2.1423756779262644,0.33109701418180565,0.3415647946730395,0.005687170411705442,0.8157686326320666,0.5034487839452852,7.298612402188948,-1.0019127505335652,7
2024-11-01,11.44083699498046,1.1571864512732737,1.9217830178276514,0.26187123640612175,0.30534793556896744,0.035092935557692946,0.9073626925471687,-2.339278522966813,7.948189178072788,1.0493012383537061,6
2024-11-08,12.537302361837888,1.1380211899496206,1.9752732557309052,0.22293200519705272,0.306711226985836,0.011064417440119875,1.049072116759681,1.378586625099662,9.906716690748182,0.4495783676289883,3
2024-11-15,17.564884721712822,1.2928011402548196,1.0345971685277202,0.06378708750484556,0.17154154794440882,0.029594194996809552,1.079821907393069,3.4476627076732806,3.463460944969061,3.7460604746107737,6
2024-11-22,18.905817489904297,1.4749329959169712,0.28034334697483493,0.33309743354911214,0.0460704107137914,0.030003372692873866,1.2232649139316907,4.243027330059903,6.001327453647889,0.5188422072928001,7
2024-11-29,21.12458132362559,1.5295531330422778,1.0979232041946252,0.058718696047673165,0.1812689596240119,0.009250519973275672,1.2065039071149586,5.763782287886267,5.990146716142369,-1.4617314273639148,5
2024-12-06,23.26440833009601,1.679784290018387,0.7322745700836272,0.15426281009641363,0.12412432726416715,0.03871906204906206,1.2676267952148625,3.252749622168646,4.2433324826298815,-0.4259165560277239,3
2024-12-13,19.298686296673466,1.5054389806103647,0.2644095691178246,0.11917985744700524,0.046117941519676554,0.0064120700051659004,1.2079963745034308,2.3772546985119343,5.3789199435896515,-1.0592785309746025,6
2024-12-20,18.887615860776087,1.5010260195434133,0.12490455215210583,0.18739513873951422,0.021485534571011496,0.00967826067883234,1.1402051418270274,-2.428084307073442,2.3183918069317504,-1.7703938237155425,4
2024-12-27,18.34775739021597,1.5267575609037476,0.16282820468581782,0.2193216463414627,0.028089452913410275,0.020318122246377784,1.229421546102186,-4.717320338081785,-1.2928165731623253,0.14123490819083295,3
2025-01-03,14.24715982398249,1.3078536486005328,0.15536312004995156,0.04438758482589705,0.026922140259087235,-0.006065866919731659,1.1196505433286812,-3.114354002527037,1.5169822447412766,0.6233034773740797,4
2025-01-10,15.290466280409316,1.336527234929345,0.14482048739979952,0.024658071474091676,0.02458039071815115,-0.004301077434276908,1.1685342813223887,-2.0651339691252333,3.759783437059987,0.3771142853718105,8
2025-01-17,13.97233917267048,1.24457363570981,0.06818913263703244,0.08148435766585332,0.011949151882672473,-0.02451549235024015,1.1142297383346331,-0.6287411527788203,1.1862018702076451,-1.4929138070259258,7
2025-01-24,9.86017005978813,1.0953962967482591,0.055659873856431695,0.3808966100592086,0.009904447477857842,-0.030347039091317928,1.0289676375890235,-0.3512611360892035,0.6952008137152843,0.6988486845576742,8
2025-01-31,10.026041543194182,1.078535656806106,0.06403744981559009,0.4423132344935788,0.011780867870578166,-0.04232056588056603,0.8154572508140686,0.20635264027763778,0.3447482599192526,0.4297404586271627,6
2025-02-07,10.07009227031801,1.0809000448240298,0.6653938084487812,0.5062585597350056,0.11586103971478288,-0.030716893818545997,0.8926716907885468,0.01278962153072083,0.32491035091742704,0.04037676790182387,5
2025-02-14,10.659062334341032,1.177406270345839,1.5273714844342814,0.5038868431819508,0.2600057690920887,-0.013759668382123651,0.992700484531894,-0.3239478959392658,-3.380773355791523,-0.9672600131025193,9
2025-02-21,12.682875273750923,1.3629632498847282,1.1871605667666856,0.46258205689277987,0.2033754536312356,-0.010302626926244157,1.0381363643147232,0.20170589798414063,-4.8668755761868425,0.0382904680829258,6
2025-02-28,12.629733664947345,1.3813743015234408,1.7890858592213805,0.433782000527844,0.28839800230503226,-0.01700513968772089,0.9693805206049017,-0.4588523184906078,-3.3668536807400016,-1.0071048099788906,1
2025-03-07,13.706186653703206,1.5153408742580199,1.1849185225188221,0.15268065268065276,0.1873046577648815,0.0279690524177839,0.9151281601896214,-1.8956975870966613,-3.9480419346911684,-0.6417905714430471,4
2025-03-14,13.734208418947736,1.4680897335589003,1.0951388466948486,0.1338790599419058,0.1791500221926316,0.00136272293464621,0.8900364810804143,-2.5778649264415323,-3.530553975159613,3.3985579924101903,4
2025-03-21,13.213652143628169,1.3643414851473774,2.4919949005305493,0.27999136744988956,0.3755766417882452,-0.005414039517238163,0.8610732957747376,1.7879530790711773,1.63839784096612,0.7959941376769655,7
2025-03-28,13.377478680223302,1.3596007553349876,2.3710921500843773,0.22214018382259262,0.35955201298940864,0.013958547973199108,0.8866180714895614,2.545656748665217,2.293157070452253,1.3660203353724958,3
2025-04-04,11.18755852799948,1.1895054285951194,2.7282902955902784,0.6150091352840096,0.4135731289986598,-0.01169045312122751,0.8508722807312096,4.918781894016603,3.035873928450669,-0.5159429028151652,6
2025-04-11,15.3143784807192,1.4643243623967739,1.8916892475622584,0.27348833174286363,0.29545839114690775,0.004614692741274024,0.9833780638766918,5.044629562644485,2.142816740263693,3.822511233742318,6
2025-04-18,22.135488574273573,1.8593440173107016,2.2611784964818984,0.3888579903596586,0.38052644302555394,-0.02830396157342126,0.8831158599108777,5.468582803976613,7.458241781031937,0.5131863125908335,4
2025-04-25,25.147937172481345,2.0594989684782985,2.1914976997056175,0.3729394698668075,0.3756480589364948,-0.027918877594177962,0.8790498767152612,5.185774978890481,7.272579409065096,1.0685177731996,3
2025-05-02,29.9919856769456,2.5957052282752286,1.7820197128535171,0.2618030889571777,0.3020379334699992,0.0030927147056589097,0.9405169243877267,4.8882724167175855,7.9113567236375335,-0.7695173715024058,4
2025-05-09,30.787317574785668,2.642037703137161,1.2729758243299978,0.12434638438974621,0.2146665325419975,0.006040685658272875,0.9669923872172738,4.634697948030344,7.101462584233303,4.369301512661542,4
2025-05-16,29.4637933769203,2.549938296243376,1.1710762819606044,0.14662859140975598,0.19605516467176418,0.022194705251139493,1.015122086164314,5.181488226949568,12.438024109997365,-0.13942320928280283,6
2025-05-23,29.8968309577952,2.76448464103666,0.7390834976866245,0.11759886795263297,0.11906013742589322,0.06948008646986174,1.1567598324473043,4.5288787050759325,12.260310432631636,2.8983062471671683,5
2025-05-30,27.02432563443025,2.4326230446978623,1.3231891377949,0.04120418682604405,0.2084385845569915,0.056197947753676154,1.186410688016209,6.3586671790435005,16.165721489777695,0.08433257055658558,1
2025-06-06,26.816310634851888,2.360037725621694,1.0349895843560115,0.051579080877690135,0.16062114494373894,0.038185010044863625,1.2012805113096539,7.212517121102492,16.891844631777328,1.825853839348368,4
2025-06-13,23.461218331063172,2.107658824418764,0.8523850746078909,0.017685203379838976,0.1329576769629415,0.029607283091401367,1.2310870364270274,4.669069447789318,15.319140478715505,-1.577959969951133,7
2025-06-20,18.05806716489394,1.780943314691394,0.9934253466286506,0.35262162366649047,0.15622205020635233,-0.015929006471951713,1.0792762840975092,3.230532687120988,12.945186371087408,-0.9304302592167232,1
2025-06-27,16.57335095831437,1.6216765943786342,0.79836665476188,0.018786922540638164,0.12489032583742989,-0.045194129009315555,0.9819134074858868,-0.5982038192629034,10.648735776498187,-1.263680102222544,6
2025-07-04,16.962052724861824,1.587524359221095,0.4123410095322715,0.026739592828927267,0.064795085091954,-0.020027803919507422,0.9553768255311963,-1.946216492042033,9.90099857709081,-0.15687554265785608,3
2025-07-11,13.687375956746056,1.449029253885924,0.43968328897988507,0.050983739106998195,0.06957562625053512,-0.0462846143851185,0.8099765786189126,-3.928945874048257,5.921611800690635,1.1771160121367095,4
2025-07-18,12.686534967278087,1.3664214807217248,0.0807106843272239,0.19258132574456607,0.013166062269267231,-0.05589461849785703,0.775726350251954,-1.1738698919604145,6.585541500236511,-2.073580413130708,5
2025-07-25,12.044461097337111,1.3560707290823635,0.0995927509945556,0.04561809626852552,0.016497636396323897,-0.040981617128268075,0.8353395263680884,-2.3170200458743992,3.4434433139062026,5.507927788004777,5
2025-08-01,12.618125347163353,1.339946297319261,0.31128806771987483,0.13506465283059776,0.05011822043325067,-0.02548416644432607,0.9324545691272261,4.454587844352921,9.720888473413385,3.1492398891920557,4
2025-08-08,14.984881747987414,1.3919239227652467,0.12481388200324026,0.05398578393937636,0.02026359050260703,0.03264811630958065,1.0848226188449612,7.7607032762028325,8.500826849943898,-0.4110589224556134,5
2025-08-15,14.387069207393614,1.3427902692404439,0.7989089792557522,0.08717541624015546,0.12685178003567843,0.01665131595361215,1.0110454805299571,6.17252834161051,8.229191136771089,-2.3072701433745704,5
2025-08-22,15.323660722247014,1.3006321636947633,0.09444903867316115,0.029342177104608083,0.015588030619345597,-0.00027907389555250755,0.9150481049065771,5.938838611366648,3.0236147462293506,3.0846737387115626,3
2025-08-29,13.725488532368338,1.203227463513072,0.3570567007375051,0.08420647890031696,0.05924452713443512,0.0015700769999274732,0.8777714414976755,3.5155845620734336,6.023955914384327,3.8220784664753173,7
2025-09-05,10.28059064492384,1.0652558807257564,0.6405478397939379,0.2586687445679858,0.10590880893300239,0.010225109229059632,0.8207361297168227,4.188423139356695,8.020180541511277,1.6963416027642204,8
2025-09-12,12.183280669492502,1.210428332153695,0.6776428692022161,0.4293231718381412,0.1149119568411454,0.048057360947479415,1.0071929058074374,6.295823664576528,11.29448211422663,-0.3641115164364169,6
2025-09-19,10.168250360172317,1.2367351837013287,1.2381531260124594,0.7006551165285695,0.20624346819244685,0.02202279260411256,1.0512785942759129,8.238982291514683,11.860800857006936,3.563279832275815,4
2025-09-26,10.642997435728924,1.2915874797369329,1.9328290304245745,0.6586188008258571,0.30335398577276396,0.025597378475199318,0.988478680084298,8.717588385078935,16.687760791505298,1.905578507715365,4
2025-10-03,11.838540021430463,1.3995702864660076,1.954394400411388,0.6043406646642774,0.3129571232202055,-0.023584179491112047,0.9556252669414639,6.801088426318983,18.750214841878517,1.23357306112226,6
2025-10-10,11.885789870492953,1.4199820512614838,2.3440181230905037,0.606362552297028,0.3754542754924559,-0.029985333129345888,1.0384748371360828,6.338319884677023,18.806671890864067,-2.6296610625780383,5
2025-10-17,14.828032720616557,1.6242676499172741,2.6577061144124037,0.5550109014359826,0.4140769254843055,0.026617237968881345,1.0331672995244234,4.072770338535401,18.250591241416735,0.7907512197888915,8
2025-10-24,19.27521750885356,2.014700205911908,3.2357313000404218,0.6136825273348037,0.5041236772850906,-0.025745286949591557,0.9178225744667946,1.3002417260484773,13.533414673200852,2.985264225854916,1
2025-10-31,29.78357989467944,2.6188780732451797,2.144103609049288,0.2941609195402301,0.36660850354599545,-0.02035471592945754,0.9626580380645905,2.379927444188028,13.369439009863711,-0.7336098512629905,5
2025-11-07,33.17383453037298,2.9091974586835976,1.5822507506309105,0.08541080358395951,0.26421951027753293,-0.030361793198457752,0.9310216885541814,0.4127445318027776,13.046888081056334,0.09006522317194011,3
2025-11-14,32.308316673964384,2.801224177410229,1.750217078987364,0.008844563052785399,0.28380806076511145,-0.0500252357335884,0.9087193517965142,3.1324708175527562,15.444223447602845,2.3175095048098298,5
2025-11-21,31.13885606896642,2.7548588762686164,1.7475296794915327,0.14564356866327396,0.27972639596496834,-0.026264800004753595,1.0343265420231322,4.659229102573694,14.677059213701112,-1.3857167296788178,4
2025-11-28,22.703296934225918,2.298460541851647,1.4909957629138173,0.056859563728140716,0.24228191876117702,-0.003457499636438698,0.9482850386360404,0.2882481470399605,9.469264017546978,3.2552034631558833,6
2025-12-05,18.50363878463774,1.9321535592384023,1.469640060250656,0.30802994360715363,0.2477855651363139,0.01509523350162109,0.928520452609231,4.2770614614588345,11.02812587793864,-0.9621221645406207,6
2025-12-12,17.0177726340237,1.8822972384806285,1.2888600145062032,0.3204837979432128,0.22043743561296472,0.004337830607254325,0.9097805848569415,3.2248740737462733,10.430115229834437,0.2670833342016161,6
2025-12-19,10.567644004855003,1.587971398403389,1.410261405575237,0.49563973607714956,0.24534078541900078,-0.04924848800619129,0.7217114837050697,1.1744479031380601,7.133918731760237,-2.6816887066620394,3
2025-12-26,9.637799425711782,1.4144528485490382,1.3184506596276306,0.6725678969788034,0.23731633277605063,-0.0870213507735923,0.7622895076199407,-0.1215240738451615,2.546651517382833,0.5061427865213886,5
2026-01-02,11.432437115184854,1.5107920567491504,1.4725002323559975,0.7508936819697165,0.2676121040271516,-0.08707972693001713,0.8191198913058905,-2.870584750479656,1.8192212427819614,1.05602544870996,3
2026-01-09,20.305075494325724,1.8132450291415474,0.5916706459123265,0.20469788091564714,0.11282776798000008,-0.0448819074409418,1.042632259966485,-0.8524371372290755,5.50490775406996,-0.9546305617180892,6
2026-01-16,22.60055153445982,1.9407534516227627,0.5942668425059465,0.33915501123269914,0.11868108474629753,-0.03641085593701271,1.1252691745639565,-2.0741510331487807,3.7595259725629795,-2.3667119674878068,5
2026-01-23,23.382556864260522,1.9346446491376774,1.2029835122507226,0.29272704519857695,0.2319589070467709,-0.025335962625923643,0.9936484215628189,-1.759174293974548,-1.5924502207797433,2.89764879346996,7
2026-01-30,24.34815704750255,2.1008880847062095,2.5768695686547214,0.45942771438122953,0.45784325167827405,-0.0059054747802257425,1.0447405504634797,0.6323317129740236,2.038808423953207,0.5888649276492862,4
2026-02-06,43.88298581295974,3.2006047061735714,1.4392892231827565,0.31189703363087173,0.2985644421333934,0.1190538071315318,0.944055738090731,0.16517119191334972,2.5376081284305534,0.0,0
2026-02-13,54.92697675911341,4.443696662617858,0.9997382111074609,0.18773036385675843,0.20675724909453325,0.05893243727706603,0.9074584446641707,1.1198017536314389,0.22009862362072352,1.0307122118013228,4
2026-02-20,56.97843756044314,4.729938007043101,1.2294429914830125,0.16333474495830827,0.239828560780173,0.06129821121983403,0.8931652549853716,4.517225932920568,2.636527565100864,-2.0623594474706213,6
2026-02-27,57.583923359522,4.737460129741695,1.1580660959362163,0.04371453163522826,0.21942340683710637,0.0611079422990927,0.8890968889377494,-0.4427823080200133,-2.6810353455256406,1.5543769997640822,5
2026-03-06,42.30684272020439,3.523108944546416,1.2785921557262458,0.1858139030166923,0.23786120531298582,-0.003655652509037942,0.8508543517807251,0.5227297640947826,-0.16453618122093783,0.0,0
2026-03-13,31.253366049822652,2.734952290812867,1.085077918368905,0.12425138984992007,0.1915682974789543,0.05160900214678028,0.8684820150437932,0.5227297640947827,-0.43161951542255383,-1.9771454319562305,3
2026-03-20,28.12354349259325,2.6636766774362908,0.7741907144099407,0.01660975908367459,0.1336945477842697,0.026552485005135615,0.941977085195798,-2.4851278796627705,0.27292375928325496,-0.2615173745213645,2
2026-03-27,31.343056061143145,3.1084437103296336,0.0207275929687443,0.38214417721756844,0.0033719627541368394,0.011620251660339486,1.0239777811031012,-0.6842858067135137,-0.49473640175949807,0.0,0
2026-04-03,32.43207542716349,3.8294842804355533,0.18695662754386994,0.4649150875197023,0.02915230430763265,-0.041776609228278604,0.9139271005860805,-2.238662806477596,-1.550761850469458,-1.9493606804787813,4
2026-04-10,33.471173176369746,3.8425848037268615,0.21703461288294934,0.24694266937217918,0.034757810773553374,-0.05295861116705178,0.9063038362452469,-4.188023486956377,-2.5454919692301505,-2.8093289800410943,4
2026-04-17,32.582307226453125,3.8073804158941575,0.1434630450913622,0.21874648288281104,0.0235458405165962,-0.04814527840992521,0.9132890818715407,-5.020207035041241,-2.988108981783438,4.396674013509209,4
2026-04-24,28.34653872863788,3.449854593729861,0.10764748350416484,0.1355866476391393,0.018788137927036038,-0.03392942412040376,0.876245932666003,-0.3620156470106677,-1.4890837617441894,-0.014529111963931252,3
2026-05-01,22.268898303455153,2.5951094966130652,0.7031731303586689,0.3233218171198913,0.1290375370374291,0.01053775204488264,0.9473857625686534,-0.37654475897459905,-2.092477801357407,1.9129308791090354,3
2026-05-08,17.330451214946148,2.1573516654856446,0.24217653141541237,0.07504756183037971,0.03809692881235571,-0.021420346895041357,0.9602524771023326,3.4857468006132173,-0.17954692224837165,0.5650453793814534,6
2026-05-15,20.991399991643423,2.164825556178245,0.31743967583676,0.03616475412475675,0.051996928770123504,-0.015366213761275322,0.9773041309962424,6.860121160035765,-0.6452137546682408,0.9490891548548694,2
2026-05-22,20.731080061532058,2.213744616496082,0.7328312022739187,0.31046576731705816,0.12092663113135997,-0.04616868450187816,0.9499877503746303,3.412536301381426,2.3662348476572497,-3.4940204043020366,5
2026-05-29,21.18457563797304,2.2144829120842195,1.0954074262644926,0.20765089909517884,0.18601391682880977,-0.07803616937500311,0.8459914112853738,-0.06695499095667978,-2.6821625564088687,-1.6655433480648663,3
2026-06-05,21.190295401514998,2.2532415635568968,0.9364671372039699,0.07611387405087926,0.15815857583459048,-0.04546107477680126,0.8727774523606755,-3.645429218130581,-4.3477059044737345,2.011795669302028,4
2026-06-12,20.64024973999839,2.2464053338704737,1.309671327718599,0.3904548979324659,0.21886690286200036,-0.05885858950746449,0.9664002750439191,-2.1986789282100063,-0.35876480321547666,0.9700846453610505,5
2026-06-19,28.39415721112133,2.490156726431352,0.7824945989131565,0.26982842207326835,0.1283160238689428,-0.05036166688318634,1.0335212355584922,-2.177683437703825,0.8728372166669384,0.28764775168773504,3
2026-06-26,29.237752438992633,2.6125507795298604,0.4392869437654059,0.2787769499675727,0.06964537428592607,-0.016317465007392524,1.1058129037093491,1.603984718285946,1.1604849683546734,-0.8197179673233516,3
2026-07-03,30.436084716751516,2.6773785456869854,1.1721546680481776,0.344308124738861,0.18999654004973296,-0.022623324750190334,1.0209331303564204,2.4498100990274603,2.290127681510103,1.027560058365452,3
2026-07-10,30.404498566995397,2.78141913505043,1.0937787155348775,0.12150482161990568,0.18040251343229224,-0.016573727981256735,0.9865048138818602,1.4655744880908848,6.12701671991665,-2.0444037201871326,4
2026-07-17,22.71726405200362,2.4881021706949014,1.3728942793143555,0.09879657996435835,0.22756013131171232,-0.005600693680229099,0.9614576305268586,-1.5489138774572984,-0.31406101377969176,-0.02434852580824054,4
2026-07-24,24.018633193108535,2.428115005211448,1.315116322583777,0.13548374353099246,0.21285882414720889,-0.017129200697315702,0.9152038829748761,-1.860910154953274,-0.32388042762400104,-2.8745337342832835,6
2026-07-31,22.43720653632023,2.2495434130477214,1.0722585856911786,0.038352925724042856,0.17543394685067007,-0.03380508062273096,0.9655123104700609,-3.915725921913206,-5.11134504101632,-1.0657124919561956,2
2026-08-07,20.851782415441676,2.0924246124260586,1.3089318060326431,0.15044553032480626,0.21508836988858923,-0.03988586334166056,0.9141493127574712,-6.008998472234853,-6.742102912353968,-1.0845152062588035,5
2026-08-14,25.867707645487087,2.236547618118963,0.3549271358229512,0.2147359438335182,0.0613384575680406,-0.04555622573603845,0.8882839965110834,-5.049109958306524,-8.775707273467642,3.3066310705333177,2
2026-08-21,22.194309572513664,2.1548350207348372,0.23937974555669325,0.38691791206411075,0.041364872043246,-0.026101650281093687,0.9774245516440614,-1.7181303619649668,-1.9750557986322876,1.5630511550779023,7
2026-08-28,25.749057067096732,2.316086647480186,0.10298174133433391,0.49734359752791907,0.01863201397775669,0.006461626565465518,1.0866275388068862,2.719454527396219,1.2535387045104809,-0.9671589613995015,4
2026-09-04,28.557855973487083,2.3772024297104655,0.21904235511870676,0.3492581021375847,0.03823095942064948,0.007876800131452165,1.1080185454626033,2.8180080579529125,-1.7254159261910484,-0.35993247147466,2
2026-09-11,27.618192050188405,2.3853536936333155,0.400619414032686,0.07644740418592004,0.06633575695596333,0.020058144195768523,1.0635837802385302,3.542590792737056,-3.055433043026759,1.4827325353953968,4
2026-09-18,28.27280736177082,2.438004572176553,0.3735036472207779,0.022484062863603986,0.06103905155971787,0.028077187271896654,1.0136413842310006,1.7186922575991357,-1.860348259319097,-1.8686294054760666,5
2026-09-25,22.726660247128148,2.345358410765903,0.5845250643898825,0.2207259780892319,0.09551081096195026,-0.004697075228723605,0.9283079209477236,-1.7129883029548332,-2.9092596974718123,-2.0356734423847413,6
