sym,tf,n,b_r,t_r,c_rV,t_rV
XAUUSD,15min,147821,-0.0185,-3.08,-0.0035,-0.2
XAUUSD,1h,36548,-0.0121,-1.2,0.0331,1.48
XAUUSD,1D,1786,0.0171,0.58,-0.0216,-0.27
XAGUSD,15min,147833,-0.0137,-1.97,-0.0072,-0.46
XAGUSD,1h,36545,-0.0194,-1.87,0.0126,0.57
XAGUSD,1D,1786,0.0157,0.54,-0.0003,-0.0
NAS100,15min,146784,-0.0081,-0.67,0.0363,1.39
NAS100,1h,36500,0.005,0.35,-0.056,-2.32
NAS100,1D,1788,-0.1119,-2.57,-0.0191,-0.28
DJ30,15min,146670,-0.0034,-0.28,0.0112,0.6
DJ30,1h,36478,-0.0206,-1.04,0.0155,0.45
DJ30,1D,1788,-0.1193,-1.67,0.032,0.26
SP500,15min,146753,0.0114,0.66,-0.0163,-0.67
SP500,1h,36510,0.0143,0.96,-0.0559,-2.11
SP500,1D,1788,-0.0561,-1.53,-0.1698,-1.59
GER40,15min,124428,-0.0069,-0.93,0.0137,0.86
GER40,1h,30608,0.0186,1.27,-0.028,-1.03
GER40,1D,1759,-0.0502,-1.45,-0.2257,-1.94
EURUSD,15min,170217,-0.0275,-5.98,0.0147,1.59
EURUSD,1h,39838,-0.0129,-1.51,-0.0109,-0.75
EURUSD,1D,1795,0.0033,0.11,0.0033,0.03
USDJPY,15min,170218,0.0033,0.48,-0.0125,-0.66
USDJPY,1h,39838,0.0169,1.4,-0.0426,-2.6
USDJPY,1D,1795,0.0467,1.49,-0.261,-2.75
