sym,jumps,window,n,bps_signed,t,cost
XAUUSD,news,+5..15,413,0.93,0.97,1.5
XAUUSD,non-news,+5..15,786,0.61,1.05,1.5
XAUUSD,news,+15..60,411,-0.65,-0.36,1.5
XAUUSD,non-news,+15..60,782,0.08,0.08,1.5
XAUUSD,news,+60..240,363,1.03,0.41,1.5
XAUUSD,non-news,+60..240,761,0.88,0.55,1.5
XAGUSD,news,+5..15,326,0.03,0.01,14.6
XAGUSD,non-news,+5..15,1072,0.97,1.06,14.6
XAGUSD,news,+15..60,326,4.22,1.01,14.6
XAGUSD,non-news,+15..60,1067,-2.3,-1.32,14.6
XAGUSD,news,+60..240,293,-0.55,-0.1,14.6
XAGUSD,non-news,+60..240,1047,0.14,0.06,14.6
NAS100,news,+5..15,442,0.97,0.72,1.3
NAS100,non-news,+5..15,1353,-0.02,-0.03,1.3
NAS100,news,+15..60,438,2.58,1.0,1.3
NAS100,non-news,+15..60,1304,0.56,0.53,1.3
NAS100,news,+60..240,392,-0.13,-0.03,1.3
NAS100,non-news,+60..240,1264,0.19,0.12,1.3
DJ30,news,+5..15,409,1.69,1.85,1.2
DJ30,non-news,+5..15,1226,0.77,1.6,1.2
DJ30,news,+15..60,405,0.8,0.44,1.2
DJ30,non-news,+15..60,1211,0.68,0.8,1.2
DJ30,news,+60..240,362,-0.64,-0.22,1.2
DJ30,non-news,+60..240,1155,-0.15,-0.12,1.2
SP500,news,+5..15,396,0.44,0.38,1.2
SP500,non-news,+5..15,1022,0.62,1.12,1.2
SP500,news,+15..60,390,1.33,0.63,1.2
SP500,non-news,+15..60,997,0.11,0.1,1.2
SP500,news,+60..240,341,-1.59,-0.49,1.2
SP500,non-news,+60..240,932,-0.24,-0.15,1.2
GER40,news,+5..15,107,0.79,0.36,1.3
GER40,non-news,+5..15,1206,-0.16,-0.33,1.3
GER40,news,+15..60,107,1.51,0.44,1.3
GER40,non-news,+15..60,1190,0.67,0.81,1.3
GER40,news,+60..240,89,-11.47,-1.8,1.3
GER40,non-news,+60..240,1173,-0.43,-0.33,1.3
EURUSD,news,+5..15,383,1.07,1.85,2.2
EURUSD,non-news,+5..15,1019,0.09,0.37,2.2
EURUSD,news,+15..60,383,0.68,0.67,2.2
EURUSD,non-news,+15..60,1015,-0.35,-1.05,2.2
EURUSD,news,+60..240,322,-0.5,-0.29,2.2
EURUSD,non-news,+60..240,995,-0.62,-1.09,2.2
USDJPY,news,+5..15,487,0.45,0.67,2.2
USDJPY,non-news,+5..15,1123,0.06,0.18,2.2
USDJPY,news,+15..60,486,-0.95,-1.1,2.2
USDJPY,non-news,+15..60,1115,0.06,0.14,2.2
USDJPY,news,+60..240,430,2.29,1.81,2.2
USDJPY,non-news,+60..240,1071,1.4,1.85,2.2
