event,n,VOL_1.5_2.25,VOL_2.0_3.0,VOL_3.0_4.5,VOL_2.0_2.0,STRUCT,per_day,t_VOL_1.5_2.25,t_VOL_2.0_3.0,t_VOL_3.0_4.5,t_VOL_2.0_2.0,t_STRUCT,R23_2019,R23_2020,R23_2021,R23_2022,R23_2023,R23_2024,R23_2025,R23_2026
ALL bars (baseline),949740,-0.201,-0.151,-0.102,-0.15,-0.132,,,,,,,,,,,,,,
mi:BOS_with_structure,10254,-0.215,-0.153,-0.084,-0.16,-0.074,5.13,-18.3,-13.2,-7.8,-16.3,-8.2,-0.28299999237060547,-0.1940000057220459,-0.19699999690055847,-0.1809999942779541,-0.18000000715255737,-0.10100000351667404,-0.004999999888241291,-0.0860000029206276
mi:BOS_mixed,9899,-0.209,-0.158,-0.111,-0.157,-0.104,4.96,-17.5,-13.5,-10.1,-15.8,-11.2,-0.28200000524520874,-0.24899999797344208,-0.18400000035762787,-0.13099999725818634,-0.2199999988079071,-0.08500000089406967,-0.04800000041723251,-0.04399999976158142
mi:CHoCH_reversal,6566,-0.201,-0.162,-0.123,-0.148,-0.119,3.29,-13.6,-11.2,-9.2,-12.0,-10.2,-0.3149999976158142,-0.1509999930858612,-0.17599999904632568,-0.07199999690055847,-0.12600000202655792,-0.1550000011920929,-0.20200000703334808,-0.0689999982714653
mi:pullback_to_HL,5454,-0.236,-0.173,-0.107,-0.168,-0.083,2.73,-14.8,-11.0,-7.3,-12.5,-6.6,-0.24699999392032623,-0.09799999743700027,-0.22499999403953552,-0.16699999570846558,-0.19200000166893005,-0.13899999856948853,-0.17599999904632568,-0.11800000071525574
mi:SR_bounce,93965,-0.197,-0.15,-0.103,-0.148,-0.12,47.05,-50.9,-39.8,-29.8,-46.0,-39.3,-0.2800000011920929,-0.2029999941587448,-0.1550000011920929,-0.13300000131130219,-0.18199999630451202,-0.12300000339746475,-0.050999999046325684,-0.04600000008940697
mi:SR_breakout,66197,-0.194,-0.148,-0.102,-0.148,-0.116,33.15,-42.1,-32.8,-24.6,-38.6,-32.0,-0.27399998903274536,-0.1979999989271164,-0.16500000655651093,-0.13699999451637268,-0.18199999630451202,-0.10599999874830246,-0.052000001072883606,-0.03999999910593033
mi:fade_breakout,6566,-0.206,-0.16,-0.072,-0.162,-0.139,3.29,-14.0,-11.1,-5.3,-13.2,-10.9,-0.25999999046325684,-0.16599999368190765,-0.23199999332427979,-0.1850000023841858,-0.20800000429153442,-0.1420000046491623,0.03799999877810478,-0.10599999874830246
me:BOS_with_structure,4308,-0.197,-0.131,-0.094,-0.149,-0.069,2.16,-10.8,-7.3,-5.7,-9.8,-4.9,-0.25099998712539673,-0.2280000001192093,-0.2290000021457672,-0.11900000274181366,-0.1679999977350235,0.0,0.06499999761581421,-0.12200000137090683
me:BOS_mixed,5215,-0.219,-0.192,-0.132,-0.178,-0.103,2.61,-13.3,-12.0,-8.8,-12.9,-8.4,-0.3310000002384186,-0.2280000001192093,-0.16699999570846558,-0.25200000405311584,-0.22200000286102295,-0.1899999976158142,-0.0,-0.07900000363588333
me:CHoCH_reversal,3391,-0.162,-0.137,-0.081,-0.134,-0.058,1.7,-7.9,-6.9,-4.5,-7.9,-3.9,-0.28299999237060547,-0.29100000858306885,-0.0729999989271164,-0.10000000149011612,-0.017000000923871994,-0.1379999965429306,-0.07400000095367432,-0.09600000083446503
me:pullback_to_HL,2835,-0.215,-0.172,-0.137,-0.18,-0.176,1.42,-9.8,-8.0,-7.0,-9.8,-8.8,-0.41499999165534973,-0.1809999942779541,-0.25099998712539673,-0.24500000476837158,-0.24500000476837158,0.035999998450279236,0.07000000029802322,-0.01899999938905239
me:SR_bounce,41567,-0.183,-0.139,-0.09,-0.138,-0.111,20.81,-31.6,-24.9,-17.7,-28.7,-25.0,-0.2800000011920929,-0.19599999487400055,-0.15399999916553497,-0.11500000208616257,-0.14399999380111694,-0.09700000286102295,-0.03999999910593033,-0.03999999910593033
me:SR_breakout,27452,-0.168,-0.135,-0.092,-0.136,-0.116,13.75,-23.6,-19.5,-14.7,-23.0,-21.2,-0.26899999380111694,-0.1860000044107437,-0.15000000596046448,-0.11999999731779099,-0.12800000607967377,-0.10400000214576721,-0.02500000037252903,-0.04699999839067459
me:fade_breakout,3391,-0.203,-0.153,-0.105,-0.142,-0.284,1.7,-10.0,-7.7,-5.8,-8.4,-16.3,-0.32100000977516174,-0.11800000071525574,-0.1889999955892563,-0.16300000250339508,-0.21699999272823334,-0.05900000035762787,-0.06199999898672104,-0.03700000047683716
ma:BOS_with_structure,2092,-0.114,-0.096,-0.083,-0.1,-0.07,1.05,-4.3,-3.8,-3.6,-4.7,-3.5,-0.14900000393390656,-0.05299999937415123,-0.014999999664723873,-0.1850000023841858,-0.21699999272823334,-0.13899999856948853,-0.009999999776482582,0.04600000008940697
ma:BOS_mixed,2320,-0.169,-0.122,-0.079,-0.14,-0.066,1.16,-6.8,-5.0,-3.5,-6.8,-3.5,-0.15800000727176666,-0.17499999701976776,-0.2240000069141388,0.00800000037997961,-0.21699999272823334,-0.1289999932050705,-0.028999999165534973,0.061000000685453415
ma:CHoCH_reversal,1529,-0.165,-0.115,-0.056,-0.106,-0.046,0.77,-5.5,-3.9,-2.2,-4.2,-2.2,-0.20399999618530273,-0.16300000250339508,-0.1899999976158142,0.0820000022649765,-0.22499999403953552,-0.14800000190734863,0.12099999934434891,-0.05999999865889549
ma:pullback_to_HL,1368,-0.18,-0.155,-0.051,-0.142,-0.111,0.69,-5.6,-5.1,-1.8,-5.4,-4.4,-0.04100000113248825,-0.3070000112056732,-0.07000000029802322,-0.296999990940094,-0.18799999356269836,0.10700000077486038,-0.3179999887943268,-0.0689999982714653
ma:SR_bounce,14571,-0.168,-0.127,-0.086,-0.123,-0.105,7.3,-17.2,-13.6,-10.3,-15.3,-14.0,-0.21199999749660492,-0.15000000596046448,-0.15299999713897705,-0.14800000190734863,-0.18000000715255737,-0.10199999809265137,-0.014999999664723873,0.0020000000949949026
ma:SR_breakout,9016,-0.181,-0.144,-0.103,-0.138,-0.117,4.51,-14.7,-12.2,-9.8,-13.6,-12.2,-0.25,-0.14399999380111694,-0.23199999332427979,-0.1599999964237213,-0.15199999511241913,-0.10999999940395355,-0.050999999046325684,-0.009999999776482582
ma:fade_breakout,1529,-0.235,-0.167,-0.102,-0.171,-0.239,0.77,-7.9,-5.8,-3.9,-6.9,-9.5,-0.33799999952316284,-0.18799999356269836,-0.16300000250339508,-0.3009999990463257,-0.0010000000474974513,-0.10899999737739563,-0.24400000274181366,0.017000000923871994
day:PDH_break,6767,-0.164,-0.114,-0.073,-0.119,-0.12,3.39,-11.3,-8.1,-5.7,-9.9,-10.0,-0.26600000262260437,-0.10400000214576721,-0.16599999368190765,-0.054999999701976776,-0.20200000703334808,-0.10199999809265137,-0.013000000268220901,0.010999999940395355
day:PDL_sweep_reclaim,2758,-0.172,-0.115,-0.058,-0.124,-0.141,1.38,-7.6,-5.3,-3.0,-6.7,-7.5,-0.13199999928474426,-0.04800000041723251,-0.10300000011920929,-0.14800000190734863,-0.2150000035762787,0.01600000075995922,0.003000000026077032,-0.210999995470047
day:PDH_sweep_reject,3383,-0.202,-0.144,-0.083,-0.144,-0.167,1.69,-10.0,-7.3,-4.6,-8.5,-9.4,-0.26100000739097595,-0.13500000536441803,-0.14900000393390656,-0.16500000655651093,-0.23999999463558197,-0.18400000035762787,-0.012000000104308128,0.041999999433755875
h1trend:with,363759,-0.18,-0.128,-0.081,-0.133,-0.112,182.15,-90.9,-66.6,-45.8,-81.2,-68.7,-0.25999999046325684,-0.17399999499320984,-0.18000000715255737,-0.10700000077486038,-0.13099999725818634,-0.09399999678134918,-0.04399999976158142,-0.026000000536441803
h1trend:with+me_BOS,1841,-0.183,-0.112,-0.066,-0.145,-0.047,0.92,-6.6,-4.1,-2.5,-6.3,-2.0,-0.27799999713897705,-0.4129999876022339,-0.0949999988079071,0.03500000014901161,-0.16599999368190765,0.03400000184774399,0.07000000029802322,-0.18700000643730164
h1trend:with+ma_pullback,693,-0.228,-0.2,-0.041,-0.176,-0.099,0.35,-5.2,-4.7,-1.0,-4.8,-2.7,-0.1850000023841858,-0.40299999713897705,-0.15299999713897705,-0.2240000069141388,-0.17900000512599945,0.050999999046325684,-0.5830000042915344,-0.01899999938905239
